Unnamed: 0,Title,Year,Rated,Released,Runtime,Genre,Director,Writer,Actors,Plot,Language,Country,Awards,Poster,Ratings.Source,Ratings.Value,Metascore,imdbRating,imdbVotes,imdbID,Type,tomatoMeter,tomatoImage,tomatoRating,tomatoReviews,tomatoFresh,tomatoRotten,tomatoConsensus,tomatoUserMeter,tomatoUserRating,tomatoUserReviews,tomatoURL,DVD,BoxOffice,Production,Website,Response
161,Once Upon a Time in America,1971,R,22 Jun 1966,101 min,"Animation, Action, Adventure",George Miller,Oliver Stone,"Joseph Cotten, Dorothy Comingore, Agnes Moorehead, Ruth Warrick",A police detective falls in love with the woman whose murder he is investigating.,"English, Japanese",USA,Won 6 Oscars. Another 231 wins & 208 nominations.,https://images-na.ssl-images-amazon.com/images/M/MV5BYTNjN2M2MzYtZGEwMi00Mzc5LWEwYTMtODM1ZmRiZjFiNTU0L2ltYWdlL2ltYWdlXkEyXkFqcGdeQXVyNjc1NTYyMjg@._V1_SX300.jpg,Internet Movie Database,8.3/10,74,8.1,"547,383",ID-1,movie,,,,,,,,,,,http://www.rottentomatoes.com/m/chinatown/,28 Jan 2014,,20th Century Fox,,True
109,The Lord of the Rings: The Fellowship of the Ring,2017,PG-13,29 Oct 1993,178 min,"Animation, Adventure, Comedy","Sam Wood, Edmund Goulding",Charles Chaplin,"William Holden, Alec Guinness, Jack Hawkins, Sessue Hayakawa",A fast-talking mercenary with a morbid sense of humor is subjected to a rogue experiment that leaves him with accelerated healing powers and a quest for revenge.,English,USA,Won 2 Oscars. Another 37 wins & 95 nominations.,https://images-na.ssl-images-amazon.com/images/M/MV5BODZmYjMwNzEtNzVhNC00ZTRmLTk2M2UtNzE1MTQ2ZDAxNjc2XkEyXkFqcGdeQXVyMTQxNzMzNDI@._V1_SX300.jpg,Internet Movie Database,8.1/10,,8.2,"272,500",ID-2,movie,,,,,,,,,,,http://www.rottentomatoes.com/m/man_who_shot_liberty_valance/,31 Mar 2009,,Paramount Pictures,,True
104,Modern Times,1980,R,01 Oct 1999,90 min,"Comedy, Musical, Romance",Stanley Kramer,"Donald Ogden Stewart (screen play), Philip Barry (based on the play by)","Gene Tierney, Dana Andrews, Clifton Webb, Vincent Price",A New Orleans DA discovers there's more to the Kennedy assassination than the official story.,English,USA,Won 2 Oscars. Another 18 wins & 31 nominations.,https://images-na.ssl-images-amazon.com/images/M/MV5BMTc2MTQ3MDA1Nl5BMl5BanBnXkFtZTgwODA3OTI4NjE@._V1_SX300.jpg,Internet Movie Database,8.5/10,,8.1,"28,038",ID-3,movie,,,,,,,,,,,http://www.rottentomatoes.com/m/marvels_the_avengers/,01 Jul 1998,"$381,000,185",New Line Cinema,,True
218,L.A. Confidential,1970,GP,10 Jul 1987,130 min,"Adventure, Comedy, Sci-Fi",Ridley Scott,"Gerry Conlon (autobiographical book ""Proved Innocent""), Terry George (screenplay), Jim Sheridan (screenplay)","Celia Johnson, Trevor Howard, Stanley Holloway, Joyce Carey","A seemingly indestructible humanoid cyborg is sent from 2029 to 1984 to assassinate a waitress, whose unborn son will lead humanity in a war against the machines, while a soldier from that war is sent to protect her at all costs.",English,USA,Won 4 Oscars. Another 26 wins & 8 nominations.,https://images-na.ssl-images-amazon.com/images/M/MV5BMjM3MjQ1MzkxNl5BMl5BanBnXkFtZTgwODk1ODgyMjI@._V1_SX300.jpg,Internet Movie Database,8.3/10,91,8.0,"494,215",ID-4,movie,,,,,,,,,,,http://www.rottentomatoes.com/m/dead_poets_society/,14 Jan 2014,"$47,611,331",Buena Vista,,True
143,Dog Day Afternoon,2007,R,24 Jun 1994,120 min,"Biography, Drama",Gore Verbinski,"Matt Damon, Ben Affleck","Joseph Cotten, Dorothy Comingore, Agnes Moorehead, Ruth Warrick","After his son is captured in the Great Barrier Reef and taken to Sydney, a timid clownfish sets out on a journey to bring him home.","English, French","USA, UK",Won 1 Oscar. Another 4 wins & 11 nominations.,https://images-na.ssl-images-amazon.com/images/M/MV5BNTk4ODQ1MzgzNl5BMl5BanBnXkFtZTgwMTMyMzM4MTI@._V1_SX300.jpg,Internet Movie Database,8.1/10,78,8.1,"537,323",ID-5,movie,,,,,,,,,,,http://www.rottentomatoes.com/m/beauty_and_the_beast_1991/,16 May 2000,,Warner Bros. Pictures,,True
28,Hotel Rwanda,1940,R,04 Feb 2005,107 min,"Drama, Thriller",Charles Chaplin,"Gene Wilder (screen story and screenplay), Mel Brooks (screen story and screenplay), Mary Shelley (based on characters in the novel ""Frankenstein"" by)","Paul Newman, George Kennedy, J.D. Cannon, Lou Antonio","Eight years after the Joker's reign of anarchy, the Dark Knight, with the help of the enigmatic Selina, is forced from his imposed exile to save Gotham City, now on the edge of total annihilation, from the brutal guerrilla terrorist Bane.","English, Hindi, French","Germany, USA",Won 1 Oscar. Another 9 wins & 12 nominations.,https://images-na.ssl-images-amazon.com/images/M/MV5BMTY4NzcwODg3Nl5BMl5BanBnXkFtZTcwNTEwOTMyMw@@._V1_SX300.jpg,Internet Movie Database,8.3/10,83,8.7,"202,165",ID-6,movie,,,,,,,,,,,http://www.rottentomatoes.com/m/the_dark_knight/,13 Mar 2001,"$292,979,556",Warner Bros. Pictures,,True
250,Fargo,1991,NOT RATED,28 Mar 2003,116 min,"Crime, Drama, Mystery",Quentin Tarantino,"Abby Mann, Abby Mann (based on his original story by)","Anne Bancroft, Dustin Hoffman, Katharine Ross, William Daniels",The Bride wakens from a four-year coma. The child she carried in her womb is gone. Now she must wreak vengeance on the team of assassins who betrayed her - a team she was once part of.,English,USA,6 wins & 6 nominations.,https://images-na.ssl-images-amazon.com/images/M/MV5BODE1MDczNTUxOV5BMl5BanBnXkFtZTcwMTA0NDQyNA@@._V1_SX300.jpg,Internet Movie Database,8.2/10,78,8.0,"747,275",ID-7,movie,,,,,,,,,,,http://www.rottentomatoes.com/m/1002352-big_sleep/,09 Dec 1997,,Warner Bros. Pictures/Village Roadshow,http://www.foxmovies.com/fightclub/,True
187,Toy Story 3,2017,R,19 Sep 1997,101 min,"Biography, Drama, History",Sidney Lumet,"J.R.R. Tolkien (novel), Fran Walsh (screenplay), Philippa Boyens (screenplay), Peter Jackson (screenplay)","Ginnifer Goodwin, Jason Bateman, Idris Elba, Jenny Slate",A weatherman finds himself inexplicably living the same day over and over again.,English,Australia,Won 4 Oscars. Another 63 wins & 83 nominations.,https://images-na.ssl-images-amazon.com/images/M/MV5BOWQ0MjRmZmUtY2Q2Yi00ODcxLWE4NGMtMTNjMDY1YmUzMjVkXkEyXkFqcGdeQXVyNjc1NTYyMjg@._V1_SX300.jpg,Internet Movie Database,8.1/10,79,8.0,"29,245",ID-8,movie,,,,,,,,,,,http://www.rottentomatoes.com/m/to_kill_a_mockingbird/,02 Nov 2004,,Paramount Pictures,http://www.indianajones.com/,True
72,JFK,1996,PG-13,03 Dec 1976,146 min,"Comedy, Drama, War",James Cameron,"Richard Linklater (screenplay), Julie Delpy (screenplay), Ethan Hawke (screenplay), Richard Linklater (story), Kim Krizan (story), Richard Linklater (characters), Kim Krizan (characters)","Brad Pitt, Mélanie Laurent, Christoph Waltz, Eli Roth","When a teenage girl is possessed by a mysterious entity, her mother seeks the help of two priests to save her daughter.",English,USA,Won 1 Oscar. Another 13 wins & 15 nominations.,https://images-na.ssl-images-amazon.com/images/M/MV5BODE1MDczNTUxOV5BMl5BanBnXkFtZTcwMTA0NDQyNA@@._V1_SX300.jpg,Internet Movie Database,8.1/10,94,8.5,"528,657",ID-9,movie,,,,,,,,,,,http://www.rottentomatoes.com/m/1009261-harvey/,11 Nov 2011,,Twentieth Century Fox Home Entertainment,,True
56,Chinatown,1939,APPROVED,17 Aug 1979,92 min,"Comedy, Romance",Richard Linklater,"Sean Penn (screenplay), Jon Krakauer (book)","Ray Milland, Jane Wyman, Phillip Terry, Howard Da Silva","A five-year-old Indian boy gets lost on the streets of Calcutta, thousands of kilometers from home. He survives many challenges before being adopted by a couple in Australia. 25 years later, he sets out to find his lost family.",English,"USA, UK",Won 5 Oscars. Another 74 wins & 74 nominations.,https://images-na.ssl-images-amazon.com/images/M/MV5BMTAyN2JmZmEtNjAyMy00NzYwLThmY2MtYWQ3OGNhNjExMmM4XkEyXkFqcGdeQXVyNDk3NzU2MTQ@._V1_SX300.jpg,Internet Movie Database,8.0/10,80,8.3,"76,513",ID-10,movie,,,,,,,,,,,http://www.rottentomatoes.com/m/shining/,14 Dec 1999,,See-Saw Films,,True
214,The Usual Suspects,1979,G,31 Aug 1949,81 min,"Action, Adventure, Sci-Fi",Danny Boyle,Edgar Wright,"Woody Allen, Diane Keaton, Tony Roberts, Carol Kane","With the help of a German bounty hunter , a freed slave sets out to rescue his wife from a brutal Mississippi plantation owner.","English, Spanish","USA, Canada",Won 4 Oscars. Another 16 wins & 14 nominations.,https://images-na.ssl-images-amazon.com/images/M/MV5BNzk2M2Y3MzYtNGMzMi00Y2FjLTkwODQtNmExYWU3ZWY3NzExXkEyXkFqcGdeQXVyNTA4NzY1MzY@._V1_SX300.jpg,Internet Movie Database,8.1/10,90,8.0,"874,371",ID-11,movie,,,,,,,,,,,http://www.rottentomatoes.com/m/lock_stock_and_two_smoking_barrels/,16 Aug 2005,,Miramax Films,,True
127,Brief Encounter,2014,UNRATED,19 Oct 1939,136 min,"Crime, Drama, Thriller",Joss Whedon,Alan Ball,"Leonardo DiCaprio, Joseph Gordon-Levitt, Ellen Page, Tom Hardy",A distant poor relative of the Duke of D'Ascoyne plots to inherit the title by murdering the eight other heirs who stand ahead of him in the line of succession.,"English, Spanish",USA,Nominated for 2 Oscars. Another 55 wins & 55 nominations.,https://images-na.ssl-images-amazon.com/images/M/MV5BNjUyMTc4MDExMV5BMl5BanBnXkFtZTgwNDg0NDIwMjE@._V1_SX300.jpg,Internet Movie Database,8.1/10,,8.2,"67,315",ID-12,movie,,,,,,,,,,,http://www.rottentomatoes.com/m/out_of_the_past/,20 Mar 2001,,Paramount Pictures,http://www.disney.com/ToyStory,True
67,Casablanca,1936,UNRATED,27 Nov 1976,116 min,"Animation, Adventure, Drama",Christopher Nolan,"Stephen King (novel), Raynold Gideon (screenplay), Bruce A. Evans (screenplay)","Martin Balsam, John Fiedler, Lee J. Cobb, E.G. Marshall","In Miami in 1980, a determined Cuban immigrant takes over a drug cartel and succumbs to greed.",English,"France, USA",Won 2 Oscars. Another 14 wins & 15 nominations.,https://images-na.ssl-images-amazon.com/images/M/MV5BNDg1YTFlMDgtNzNhNy00ODhlLWFhMTAtOTE5MjhjNzI0NDljXkEyXkFqcGdeQXVyNjc1NTYyMjg@._V1_SX300.jpg,Internet Movie Database,8.2/10,,8.3,"272,059",ID-13,movie,,,,,,,,,,,http://www.rottentomatoes.com/m/princess_bride/,04 Sep 2001,"$34,126,138",Warner Bros.,http://https://www.facebook.com/SavingPrivateRyanMovie,True
87,The Treasure of the Sierra Madre,1988,R,14 Oct 1994,170 min,"Drama, Mystery",Billy Bob Thornton,"Irene Mecchi (screenplay), Jonathan Roberts (screenplay), Linda Woolverton (screenplay), Burny Mattinson (story), Barry Johnson (story), Lorna Cook (story), Thom Enriquez (story), Andy Gaskill (story), Gary Trousdale (story), Jim Capobianco (story), Kevin Harkey (story), Jorgen Klubien (story), Chris Sanders (story), Tom Sito (story), Larry Leker (story), Joe Ranft (story), Rick Maki (story), Ed Gombert (story), Francis Glebas (story), Mark Kausler (story), J.T. Allen (additional story material), George Scribner (additional story material), Miguel Tejada-Flores (additional story material), Jenny Tripp (additional story material), Bob Tzudiker (additional story material), Christopher Vogler (additional story material), Kirk Wise (additional story material), Noni White (additional story material), Brenda Chapman (story supervisor)","Rowan Atkinson, Matthew Broderick, Niketa Calame, Jim Cummings","The early life and career of Vito Corleone in 1920s New York is portrayed while his son, Michael, expands and tightens his grip on the family crime syndicate.","English, German, Russian",USA,Won 11 Oscars. Another 197 wins & 122 nominations.,https://images-na.ssl-images-amazon.com/images/M/MV5BMjA2NzYzMjE3MF5BMl5BanBnXkFtZTgwNDExMDY0MzE@._V1_SX300.jpg,Internet Movie Database,8.0/10,89,8.2,"490,387",ID-14,movie,,,,,,,,,,,http://www.rottentomatoes.com/m/inside_out_2015/,12 Jul 2005,,Buena Vista,http://www.dogville.dk/,True
191,The Thing,2002,APPROVED,18 Dec 2002,170 min,"Drama, Sport","Sam Wood, Edmund Goulding",David S. Ward,"John Wayne, James Stewart, Vera Miles, Lee Marvin",A veteran British barrister must defend his client in a murder trial that has surprise after surprise.,"English, Cantonese",USA,Won 1 Golden Globe. Another 21 wins & 8 nominations.,https://images-na.ssl-images-amazon.com/images/M/MV5BZDRjNGViMjQtOThlMi00MTA3LThkYzQtNzJkYjBkMGE0YzE1XkEyXkFqcGdeQXVyNDYyMDk5MTU@._V1_SX300.jpg,Internet Movie Database,8.3/10,80,8.0,"1,458,676",ID-15,movie,,,,,,,,,,,http://www.rottentomatoes.com/m/star_wars_episode_vii_the_force_awakens/,15 May 2001,,Buena Vista Distribution Compa,http://www.Nightmare3DMovie.com/,True
119,The Killing,1970,PG-13,06 Sep 1946,92 min,"Comedy, Music, Musical",Stanley Kubrick,"George Miller, Brendan McCarthy, Nick Lathouris","Guy Pearce, Carrie-Anne Moss, Joe Pantoliano, Mark Boone Junior","In Casablanca in December 1941, a cynical American expatriate encounters a former lover, with unforeseen complications.",English,USA,Won 3 Oscars. Another 7 wins & 15 nominations.,https://images-na.ssl-images-amazon.com/images/M/MV5BNGUyYTZmOWItMDJhMi00N2IxLWIyNDMtNjUxM2ZiYmU5YWU1XkEyXkFqcGdeQXVyNjc1NTYyMjg@._V1_SX300.jpg,Internet Movie Database,8.7/10,81,8.2,"301,614",ID-16,movie,,,,,,,,,,,http://www.rottentomatoes.com/m/gone_girl/,17 Jun 2014,,Gramercy Pictures,http://www.thegodfather.com/,True
148,Cool Hand Luke,1946,PG-13,18 Dec 2002,123 min,"Action, Adventure, Sci-Fi",Frank Darabont,Ben Hecht,"Jeff Bridges, John Goodman, Julianne Moore, Steve Buscemi",English teacher John Keating inspires his students to look at poetry with a different perspective of authentic knowledge and feelings.,English,"USA, France",Nominated for 4 Oscars. Another 21 wins & 15 nominations.,https://images-na.ssl-images-amazon.com/images/M/MV5BZWIxNzM5YzQtY2FmMS00Yjc3LWI1ZjUtNGVjMjMzZTIxZTIxXkEyXkFqcGdeQXVyNjU0OTQ0OTY@._V1_SX300.jpg,Internet Movie Database,8.3/10,,8.2,"967,878",ID-17,movie,,,,,,,,,,,http://www.rottentomatoes.com/m/to_kill_a_mockingbird/,22 May 2001,,Warner Bros. Pictures,http://starwars.com/,True
13,Annie Hall,1964,R,26 Oct 2001,129 min,"Animation, Adventure, Comedy",Wim Wenders,"Joel Coen (screenplay), Ethan Coen (screenplay), Cormac McCarthy (novel)","Jodie Foster, Lawrence A. Bonney, Kasi Lemmons, Lawrence T. Wrentz","The story of T.E. Lawrence, the English officer who successfully united and led the diverse, often warring, Arab tribes during World War I in order to fight the Turks.","English, Spanish, German",France,Won 3 Oscars. Another 82 wins & 177 nominations.,https://images-na.ssl-images-amazon.com/images/M/MV5BOTU4ODdjNDYtZjk0Zi00ZDBmLTllODEtMzQ5NmYzZGEzNjVlXkEyXkFqcGdeQXVyNjc1NTYyMjg@._V1_SX300.jpg,Internet Movie Database,8.2/10,91,8.7,"68,366",ID-18,movie,,,,,,,,,,,http://www.rottentomatoes.com/m/what-ever-happened-to-baby-jane/,30 Sep 2003,"$23,844,220",Paramount Pictures,http://www.fjtlesoiseaux.fr/cinema.html,True
148,The Straight Story,1982,PG-13,18 Nov 1983,123 min,"Drama, Mystery, Thriller",Darren Aronofsky,"James Cameron, Gale Anne Hurd, William Wisher Jr. (additional dialogue)","Melinda Dillon, Darren McGavin, Peter Billingsley, Scott Schwartz","A mentally unstable Vietnam War veteran works as a night-time taxi driver in New York City where the perceived decadence and sleaze feeds his urge for violent action, while attempting to save a preadolescent prostitute in the process.",English,USA,Nominated for 1 Oscar. Another 9 wins & 29 nominations.,https://images-na.ssl-images-amazon.com/images/M/MV5BMDY0NmI4ZjctN2VhZS00YzExLTkyZGItMTJhOTU5NTg4MDU4XkEyXkFqcGdeQXVyNjU0OTQ0OTY@._V1_SX300.jpg,Internet Movie Database,8.4/10,68,8.1,"555,173",ID-19,movie,,,,,,,,,,,http://www.rottentomatoes.com/m/the_dark_knight_rises/,21 Aug 2007,,Columbia Pictures,,True
1,The Pianist,1935,UNRATED,02 Sep 1992,146 min,"Adventure, Comedy, Sci-Fi",Giuseppe Tornatore,"Danny Rubin (screenplay), Harold Ramis (screenplay), Danny Rubin (story)","Al Pacino, Steven Bauer, Michelle Pfeiffer, Mary Elizabeth Mastrantonio",A former prisoner of war is brainwashed as an unwitting assassin for an international Communist conspiracy.,"English, Arabic",USA,Won 1 Oscar. Another 9 wins & 12 nominations.,https://images-na.ssl-images-amazon.com/images/M/MV5BN2YxZDUxYzMtYzQxNy00NTRjLThmZjQtY2Q4Njg2MTUyOTkzL2ltYWdlL2ltYWdlXkEyXkFqcGdeQXVyNjU0OTQ0OTY@._V1_SX300.jpg,Internet Movie Database,8.3/10,65,8.9,"318,781",ID-20,movie,,,,,,,,,,,http://www.rottentomatoes.com/m/barry_lyndon/,10 Nov 1998,,Orion Pictures Corporation,http://www.grandbudapesthotel.com/,True
108,To Kill a Mockingbird,2004,NOT RATED,24 May 1989,107 min,"Animation, Adventure, Comedy",Michael Cimino,"Richard Linklater, Kim Krizan","Humphrey Bogart, Lauren Bacall, John Ridgely, Martha Vickers","An emotionally self-destructive boxer's journey through life, as the violence and temper that leads him to the top in the ring destroys his life outside it.",English,USA,1 win.,https://images-na.ssl-images-amazon.com/images/M/MV5BM2EzZmFmMmItODY3Zi00NjdjLWE0MTYtZWQ3MGIyM2M4YjZhXkEyXkFqcGdeQXVyMzg2MzE2OTE@._V1_SX300.jpg,Internet Movie Database,8.1/10,85,8.3,"107,872",ID-21,movie,,,,,,,,,,,http://www.rottentomatoes.com/m/shawshank_redemption/,10 Nov 2009,"$148,055,047",Twentieth Century Fox Home Entertainment,http://movies.disney.com/zootopia,True
214,The Gold Rush,1993,PG,25 Feb 1994,164 min,"Crime, Drama",Rob Reiner,"Andrew Stanton (original story by), Pete Docter (original story by), Andrew Stanton (screenplay), Jim Reardon (screenplay)","Dustin Hoffman, Tom Cruise, Valeria Golino, Gerald R. Molen","The early life and career of Vito Corleone in 1920s New York is portrayed while his son, Michael, expands and tightens his grip on the family crime syndicate.","English, American Sign Language","Netherlands, Denmark, UK, France, Finland, Sweden, Germany, Italy, Norway",Won 1 Oscar. Another 9 wins & 12 nominations.,https://images-na.ssl-images-amazon.com/images/M/MV5BOWMyNjE0MzEtMzVjNy00NjIxLTg0ZjMtMWJhNGI1YmVjYTczL2ltYWdlXkEyXkFqcGdeQXVyNzc5MjA3OA@@._V1_SX300.jpg,Internet Movie Database,8.0/10,66,8.0,"909,341",ID-22,movie,,,,,,,,,,,http://www.rottentomatoes.com/m/gone_girl/,21 Feb 2017,,Warner Bros. Pictures,http://www.wall-e.com/,True
229,Room,1970,R,06 Sep 1946,143 min,"Comedy, Crime, Drama",Stanley Kubrick,"Sidney Carroll (screenplay), Robert Rossen (screenplay), Walter Tevis (based on the novel by)","Mark Hamill, Harrison Ford, Carrie Fisher, Billy Dee Williams",A silent film production company and cast make a difficult transition to sound.,"English, Vietnamese",USA,Won 1 Oscar. Another 90 wins & 90 nominations.,https://images-na.ssl-images-amazon.com/images/M/MV5BMTkxMTA5OTAzMl5BMl5BanBnXkFtZTgwNjA5MDc3NjE@._V1_SX300.jpg,Internet Movie Database,8.3/10,79,8.0,"721,998",ID-23,movie,,,,,,,,,,,http://www.rottentomatoes.com/m/on_the_waterfront/,17 Jun 2014,,Dream Works,http://rockythemovie.com/,True
172,The General,2004,R,07 Jan 2000,108 min,"Animation, Drama, Fantasy",Michael Curtiz,"Pete Docter (original story by), Ronnie Del Carmen (original story by), Pete Docter (screenplay), Meg LeFauve (screenplay), Josh Cooley (screenplay), Michael Arndt (additional story material by), Bill Hader (additional dialogue by), Amy Poehler (additional dialogue by), Simon Rich (additional story material by)","Natalie Portman, Hugo Weaving, Stephen Rea, Stephen Fry","The lives of guards on Death Row are affected by one of their charges: a black man accused of child murder and rape, yet who has a mysterious gift.","English, Italian","UK, USA",Nominated for 1 Oscar. Another 37 wins & 79 nominations.,https://images-na.ssl-images-amazon.com/images/M/MV5BODU4MjU4NjIwNl5BMl5BanBnXkFtZTgwMDU2MjEyMDE@._V1_SX300.jpg,Internet Movie Database,8.3/10,53,8.1,"316,354",ID-24,movie,,,,,,,,,,,http://www.rottentomatoes.com/m/full_metal_jacket/,28 Apr 1998,"$341,264,012",Gramercy Pictures,,True
238,Rope,1976,APPROVED,12 Jul 1973,136 min,"Action, Thriller",Stanley Kubrick,Damien Chazelle,"Al Pacino, Robert Duvall, Diane Keaton, Robert De Niro",A team of explorers travel through a wormhole in space in an attempt to ensure humanity's survival.,"English, French, Vietnamese",USA,Nominated for 2 Golden Globes. Another 23 wins & 63 nominations.,https://images-na.ssl-images-amazon.com/images/M/MV5BYWY5ZjhjNGYtZmI2Ny00ODM0LWFkNzgtZmI1YzA2N2MxMzA0XkEyXkFqcGdeQXVyNjUwNzk3NDc@._V1_SX300.jpg,Internet Movie Database,9.0/10,87,8.0,"408,671",ID-25,movie,,,,,,,,,,,http://www.rottentomatoes.com/m/fargo/,15 Mar 2005,,Hollywood/Buena Vista,http://movies.go.com/moviesdynamic/movies/movie?id=505420,True
160,Catch Me If You Can,1997,PG-13,21 Sep 1990,95 min,"Crime, Drama, Mystery",Sergio Leone,"Agatha Christie (in Agatha Christie's international stage success), Billy Wilder (screen play), Harry Kurnitz (screen play), Lawrence B. Marcus (adaptation)","Humphrey Bogart, Lauren Bacall, John Ridgely, Martha Vickers",An angel is sent from Heaven to help a desperately frustrated businessman by showing him what life would have been like if he had never existed.,"English, Irish, Scottish Gaelic",USA,Nominated for 1 Oscar. Another 2 wins & 1 nomination.,https://images-na.ssl-images-amazon.com/images/M/MV5BNzk2M2Y3MzYtNGMzMi00Y2FjLTkwODQtNmExYWU3ZWY3NzExXkEyXkFqcGdeQXVyNTA4NzY1MzY@._V1_SX300.jpg,Internet Movie Database,8.3/10,77,8.1,"175,529",ID-26,movie,,,,,,,,,,,http://www.rottentomatoes.com/m/what-ever-happened-to-baby-jane/,08 Feb 2000,,Warner Bros.,http://www.rushmovie.com/,True
30,Butch Cassidy and the Sundance Kid,1953,PG,27 Jan 1995,135 min,"Biography, Drama, War",Jon Watts,"Danny Rubin (screenplay), Harold Ramis (screenplay), Danny Rubin (story)","Clark Gable, Claudette Colbert, Walter Connolly, Roscoe Karns",A college professor's bond with the abandoned dog he takes into his home.,"English, French",USA,Won 1 Oscar. Another 4 wins & 11 nominations.,https://images-na.ssl-images-amazon.com/images/M/MV5BZWIxNzM5YzQtY2FmMS00Yjc3LWI1ZjUtNGVjMjMzZTIxZTIxXkEyXkFqcGdeQXVyNjU0OTQ0OTY@._V1_SX300.jpg,Internet Movie Database,8.6/10,92,8.6,"441,642",ID-27,movie,,,,,,,,,,,http://www.rottentomatoes.com/m/1059489-wild_bunch/,26 Mar 1997,"$292,568,851",Walt Disney Pictures,http://www.FathomEvents.com,True
237,Toy Story,2005,R,20 Jul 1988,120 min,"Drama, Family",Michael Curtiz,"Ethan Coen, Joel Coen","Robert De Niro, Ray Liotta, Joe Pesci, Lorraine Bracco","After refusing to attack an enemy position, a general accuses the soldiers of cowardice and their commanding officer must defend them.",English,"UK, India, USA",Won 5 Oscars. Another 17 wins & 26 nominations.,https://images-na.ssl-images-amazon.com/images/M/MV5BOTI0MzcxMTYtZDVkMy00NjY1LTgyMTYtZmUxN2M3NmQ2NWJhXkEyXkFqcGdeQXVyMTQxNzMzNDI@._V1_SX300.jpg,Internet Movie Database,8.1/10,62,8.0,"73,848",ID-28,movie,,,,,,,,,,,http://www.rottentomatoes.com/m/stalag_17/,06 Feb 2001,,Warner Bros.,,True
82,Before Sunset,2017,PG,25 Dec 2013,96 min,"Action, Sci-Fi","Danny Boyle, Loveleen Tandan",Christopher McQuarrie,"Virginia Cherrill, Florence Lee, Harry Myers, Al Ernest Garcia","Seventy-eight year old Carl Fredricksen travels to Paradise Falls in his home equipped with balloons, inadvertently taking a young stowaway.",English,USA,Nominated for 3 Oscars. Another 16 wins & 8 nominations.,https://images-na.ssl-images-amazon.com/images/M/MV5BODU4MjU4NjIwNl5BMl5BanBnXkFtZTgwMDU2MjEyMDE@._V1_SX300.jpg,Internet Movie Database,8.2/10,,8.3,"685,825",ID-29,movie,,,,,,,,,,,http://www.rottentomatoes.com/m/man_who_shot_liberty_valance/,22 May 2001,,Paramount Studios,,True
1,The Nightmare Before Christmas,1927,PG,04 Feb 1994,118 min,"Adventure, Drama, Western",Ron Howard,"Stanley Kubrick (written for the screen by), William Makepeace Thackeray (novel)","Spencer Tracy, Burt Lancaster, Richard Widmark, Marlene Dietrich","A film that explores the dark and miserable town, Basin City, and tells the story of three different people, all caught up in violent corruption.","English, Arabic","Ireland, UK, USA",Nominated for 3 Oscars. Another 23 wins & 18 nominations.,https://images-na.ssl-images-amazon.com/images/M/MV5BMzAwNjU1OTktYjY3Mi00NDY5LWFlZWUtZjhjNGE0OTkwZDkwXkEyXkFqcGdeQXVyMTQxNzMzNDI@._V1_SX300.jpg,Internet Movie Database,8.6/10,89,9.2,"46,446",ID-30,movie,,,,,,,,,,,http://www.rottentomatoes.com/m/message/,11 Dec 2001,,Paramount Home Video,http://disney.go.com/disneyvideos/animatedfilms/findingnemo/index2.html,True
72,Before Sunset,1993,NOT RATED,15 Aug 1979,115 min,"Adventure, Sci-Fi",Sean Penn,"William Peter Blatty (written for the screen by), William Peter Blatty (novel)","Pat Healy, Genevieve Zweig, Mark Flanagan, Neil Flynn",A jazz pianist falls for an aspiring actress in Los Angeles.,"English, German",USA,9 wins & 15 nominations.,https://images-na.ssl-images-amazon.com/images/M/MV5BODllZjg2YjUtNWEzNy00ZGY2LTgyZmQtYTkxNDYyOWM3OTUyXkEyXkFqcGdeQXVyMTQxNzMzNDI@._V1_SX300.jpg,Internet Movie Database,8.0/10,66,8.3,"535,118",ID-31,movie,,,,,,,,,,,http://www.rottentomatoes.com/m/the-gold-rush/,30 Sep 2003,,Paramount Studios,,True
61,The Shawshank Redemption,1976,PG-13,05 Jan 1996,123 min,"Comedy, Fantasy, Romance",Stanley Kramer,"Stefan Zweig (inspired by the writings of), Wes Anderson (screenplay), Wes Anderson (story), Hugo Guinness (story)","Timothy Bottoms, Jeff Bridges, Cybill Shepherd, Ben Johnson",A confined but troubled rock star descends into madness in the midst of his physical and social isolation from everyone.,English,USA,Won 8 Oscars. Another 10 wins & 9 nominations.,https://images-na.ssl-images-amazon.com/images/M/MV5BMTE2MDM4MTMtZmNkZC00Y2QyLWE0YjUtMTAxZGJmODMxMDM0XkEyXkFqcGdeQXVyNjc1NTYyMjg@._V1_SX300.jpg,Internet Movie Database,8.1/10,81,8.4,"65,649",ID-32,movie,,,,,,,,,,,http://www.rottentomatoes.com/m/fight_club/,26 Mar 1997,,United Artists,,True
104,Mad Max: Fury Road,1980,R,04 Jan 2002,105 min,"Action, Drama, Sci-Fi",Tim Burton,"Charles Brackett, Billy Wilder, D.M. Marshman Jr.","Paul Newman, Jackie Gleason, Piper Laurie, George C. Scott","Disgruntled Korean War veteran Walt Kowalski sets out to reform his neighbor, a Hmong teenager who tried to steal Kowalski's prized possession: a 1972 Gran Torino.",English,"USA, UK",Won 2 Oscars. Another 115 wins & 134 nominations.,https://images-na.ssl-images-amazon.com/images/M/MV5BMzcwYWFkYzktZjAzNC00OGY1LWI4YTgtNzc5MzVjMDVmNjY0XkEyXkFqcGdeQXVyMTQxNzMzNDI@._V1_SX300.jpg,Internet Movie Database,8.0/10,97,8.1,"341,336",ID-33,movie,,,,,,,,,,,http://www.rottentomatoes.com/m/batman_begins/,03 Nov 1997,,Warner Home Video,http://www.terminator1.com/,True
77,Inception,1923,PG,19 Mar 2004,107 min,"Drama, Western",Danny Boyle,Quentin Tarantino,"Christian Bale, Michael Caine, Liam Neeson, Katie Holmes","A private detective hired to expose an adulterer finds himself caught up in a web of deceit, corruption, and murder.","English, Russian","UK, USA",6 wins & 1 nomination.,https://images-na.ssl-images-amazon.com/images/M/MV5BOTAzODEzNDAzMl5BMl5BanBnXkFtZTgwMDU1MTgzNzE@._V1_SX300.jpg,Internet Movie Database,8.5/10,,8.2,"37,689",ID-34,movie,,,,,,,,,,,http://www.rottentomatoes.com/m/papillon/,01 Aug 2000,,Universal Pictures,,True
157,Lawrence of Arabia,2017,R,31 Aug 1949,81 min,"Comedy, Drama, Family",Billy Wilder,"Josh Singer, Tom McCarthy","Noel Appleby, Ali Astin, Sean Astin, David Aston","A private eye escapes his past to run a gas station in a small town, but his past catches up with him. Now he must return to the big city world of danger, corruption, double crosses and duplicitous dames.",English,"USA, Hong Kong",Won 1 Oscar. Another 37 wins & 35 nominations.,https://images-na.ssl-images-amazon.com/images/M/MV5BNzk2M2Y3MzYtNGMzMi00Y2FjLTkwODQtNmExYWU3ZWY3NzExXkEyXkFqcGdeQXVyNTA4NzY1MzY@._V1_SX300.jpg,Internet Movie Database,8.1/10,70,8.2,"111,892",ID-35,movie,,,,,,,,,,,http://www.rottentomatoes.com/m/1068182-heat/,21 Feb 2017,"$60,962,878",VCI,,True
104,One Flew Over the Cuckoo's Nest,1984,UNRATED,01 Dec 1951,148 min,"Mystery, Thriller",Billy Bob Thornton,Damien Chazelle,"Ewan McGregor, Albert Finney, Billy Crudup, Jessica Lange","Two detectives, a rookie and a veteran, hunt a serial killer who uses the seven deadly sins as his motives.",English,USA,Won 2 Oscars. Another 5 wins & 2 nominations.,https://images-na.ssl-images-amazon.com/images/M/MV5BMjA5NDQyMjc2NF5BMl5BanBnXkFtZTcwMjg5ODcyMw@@._V1_SX300.jpg,Internet Movie Database,8.2/10,72,8.2,"336,430",ID-36,movie,,,,,,,,,,,http://www.rottentomatoes.com/m/the_wolf_of_wall_street_2013/,14 Dec 1999,,Warner Bros. Pictures,http://www.donniedarko.com,True
14,The Maltese Falcon,1988,R,01 Dec 1947,68 min,"Action, Adventure",Stanley Kramer,"Alessandro Baricco (monologue Novecento), Giuseppe Tornatore","Tim Robbins, Morgan Freeman, Bob Gunton, William Sadler","Mathilda, a 12-year-old girl, is reluctantly taken in by Léon, a professional assassin, after her family is murdered. Léon and Mathilda form an unusual relationship, as she becomes his protégée and learns the assassin's trade.","English, Cantonese",USA,Won 4 Oscars. Another 127 wins & 217 nominations.,https://images-na.ssl-images-amazon.com/images/M/MV5BNjdjNGQ4NDEtNTEwYS00MTgxLTliYzQtYzE2ZDRiZjFhZmNlXkEyXkFqcGdeQXVyNjU0OTQ0OTY@._V1_SX300.jpg,Internet Movie Database,8.1/10,,8.7,"640,332",ID-37,movie,,,,,,,,,,,http://www.rottentomatoes.com/m/amadeus/,04 Mar 2014,,Warner Bros. Pictures,,True
68,The Last Picture Show,1943,PG,02 Sep 1992,126 min,"Mystery, Romance, Thriller",Stanley Kubrick,"Dan O'Bannon (story), Ronald Shusett (story), Dan O'Bannon (screenplay)","Dustin Hoffman, Tom Cruise, Valeria Golino, Gerald R. Molen",A determined woman works with a hardened boxing trainer to become a professional.,"English, Spanish",USA,Won 2 Oscars. Another 11 wins & 20 nominations.,https://images-na.ssl-images-amazon.com/images/M/MV5BMTM5OTMyMjIxOV5BMl5BanBnXkFtZTcwNzU4MjIwNQ@@._V1_SX300.jpg,Internet Movie Database,8.0/10,97,8.4,"158,254",ID-38,movie,,,,,,,,,,,http://www.rottentomatoes.com/m/to_kill_a_mockingbird/,07 Sep 2004,,Warner Bros. Pictures,,True
96,Casablanca,2008,R,24 Jul 1998,138 min,Horror,"Pete Docter, Bob Peterson","Hume Cronyn (adapted by), Patrick Hamilton (from the play by), Arthur Laurents (screenplay)","Edward Asner, Christopher Plummer, Jordan Nagai, Bob Peterson","Renton, deeply immersed in the Edinburgh drug scene, tries to clean up and get out, despite the allure of the drugs and influence of friends.",English,USA,Nominated for 1 Oscar. Another 2 wins & 9 nominations.,https://images-na.ssl-images-amazon.com/images/M/MV5BMTY3MjM1Mzc4N15BMl5BanBnXkFtZTgwODM0NzAxMDE@._V1_SX300.jpg,Internet Movie Database,8.7/10,81,8.2,"304,299",ID-39,movie,,,,,,,,,,,http://www.rottentomatoes.com/m/1032176-goodfellas/,18 Oct 2005,"$8,616,662",20th Century Fox,http://www.InterstellarMovie.com/,True
189,The Great Escape,1942,PG-13,05 Sep 1941,132 min,"Mystery, Thriller",Garth Davis,"Frederick Knott (screen play), Frederick Knott (adapted from his play)","Chris Pratt, Zoe Saldana, Dave Bautista, Vin Diesel","A five-year-old Indian boy gets lost on the streets of Calcutta, thousands of kilometers from home. He survives many challenges before being adopted by a couple in Australia. 25 years later, he sets out to find his lost family.",English,"USA, India, United Arab Emirates",Won 1 Oscar. Another 1 win & 4 nominations.,https://images-na.ssl-images-amazon.com/images/M/MV5BMTc2MTQ3MDA1Nl5BMl5BanBnXkFtZTgwODA3OTI4NjE@._V1_SX300.jpg,Internet Movie Database,8.1/10,82,8.0,"646,546",ID-40,movie,,,,,,,,,,,http://www.rottentomatoes.com/m/untitled_boston_globe_project/,19 Jun 2001,,Warner Bros. Pictures,,True
242,V for Vendetta,2016,PG-13,18 Nov 1983,121 min,"Drama, Sport",Luc Besson,"Charles Brackett, Billy Wilder, D.M. Marshman Jr.","Harry Dean Stanton, Sam Berry, Bernhard Wicki, Dean Stockwell","The story of King George VI of the United Kingdom of Great Britain and Northern Ireland, his impromptu ascension to the throne and the speech therapist who helped the unsure monarch become worthy of it.",English,USA,20 wins & 30 nominations.,https://images-na.ssl-images-amazon.com/images/M/MV5BYzQ2OTk4N2QtOGQwNy00MmI3LWEwNmEtOTk0OTY3NDk2MGJkL2ltYWdlL2ltYWdlXkEyXkFqcGdeQXVyNjc1NTYyMjg@._V1_SX300.jpg,Internet Movie Database,8.1/10,,8.0,"179,650",ID-41,movie,,,,,,,,,,,http://www.rottentomatoes.com/m/1006527-elephant_man/,26 Aug 1997,,Warner Bros. Pictures,,True
13,Unforgiven,1965,APPROVED,06 Feb 1987,110 min,"Comedy, Drama, Romance",Howard Hawks,"Tennessee Williams (screen play), Oscar Saul (adaptation), Tennessee Williams (original play ""A Streetcar Named Desire"")","Ray Milland, Jane Wyman, Phillip Terry, Howard Da Silva","John McClane, officer of the NYPD, tries to save his wife Holly Gennaro and several others that were taken hostage by German terrorist Hans Gruber during a Christmas party at the Nakatomi Plaza in Los Angeles.",English,USA,Won 4 Oscars. Another 40 wins & 28 nominations.,https://images-na.ssl-images-amazon.com/images/M/MV5BNDMyNGU0NjUtNTIxMC00ZmU2LWE0ZGItZTdkNGVlODI2ZDcyL2ltYWdlXkEyXkFqcGdeQXVyNjc1NTYyMjg@._V1_SX300.jpg,Internet Movie Database,8.0/10,68,8.5,"132,224",ID-42,movie,,,,,,,,,,,http://www.rottentomatoes.com/m/1003318-butch_cassidy_and_the_sundance_kid/,11 Jul 2000,,Universal Pictures,http://inceptionmovie.warnerbros.com/,True
156,Psycho,1946,R,,114 min,"Adventure, Comedy, Drama",Richard Attenborough,"Harry Grey (novel), Leonardo Benvenuti (screenplay), Piero De Bernardi (screenplay), Enrico Medioli (screenplay), Franco Arcalli (screenplay), Franco Ferrini (screenplay), Sergio Leone (screenplay), Stuart Kaminsky (additional dialogue)","William Holden, Ernest Borgnine, Robert Ryan, Edmond O'Brien",A distant poor relative of the Duke of D'Ascoyne plots to inherit the title by murdering the eight other heirs who stand ahead of him in the line of succession.,"English, Spanish",USA,Won 1 Oscar. Another 129 wins & 165 nominations.,https://images-na.ssl-images-amazon.com/images/M/MV5BMjdjMGU3MGYtN2Y5ZC00MTE4LWE4YWQtMTBhMjc3MTk0ZDUwXkEyXkFqcGdeQXVyNjU0OTQ0OTY@._V1_SX300.jpg,Internet Movie Database,8.2/10,79,8.1,"293,394",ID-43,movie,,,,,,,,,,,http://www.rottentomatoes.com/m/kill_bill_vol_1/,31 Oct 2000,"$23,844,220",Warner Bros. Pictures,http://www.criterion.com/films/27871-12-angry-men,True
57,The Bridge on the River Kwai,1973,R,22 Aug 1986,80 min,"Drama, Film-Noir",Tom McCarthy,"Harper Lee (based on her novel ""To Kill a Mockingbird""), Horton Foote (screenplay)","Michael J. Fox, Christopher Lloyd, Lea Thompson, Crispin Glover","""The Dude"" Lebowski, mistaken for a millionaire Lebowski, seeks restitution for his ruined rug and enlists his bowling buddies to help get it.",English,USA,Won 2 Oscars. Another 17 wins & 25 nominations.,https://images-na.ssl-images-amazon.com/images/M/MV5BZjA0OWVhOTAtYWQxNi00YzNhLWI4ZjYtNjFjZTEyYjJlNDVlL2ltYWdlL2ltYWdlXkEyXkFqcGdeQXVyMTQxNzMzNDI@._V1_SX300.jpg,Internet Movie Database,8.0/10,95,8.4,"589,975",ID-44,movie,,,,,,,,,,,http://www.rottentomatoes.com/m/guardians_of_the_galaxy/,03 Nov 1998,,20th Century Fox Film Corporat,http://www.kino.com/moderntimes,True
44,Out of the Past,1968,R,24 Jan 1948,145 min,Drama,James Gunn,"Billy Wilder (written for the screen by), Edwin Blum (written for the screen by), Donald Bevan (based on the play by), Edmund Trzcinski (based on the play by)","Guy Pearce, Carrie-Anne Moss, Joe Pantoliano, Mark Boone Junior",The desperate life of a chronic alcoholic is followed through a four-day drinking bout.,English,USA,Nominated for 3 Oscars. Another 45 wins & 92 nominations.,https://images-na.ssl-images-amazon.com/images/M/MV5BMTk3NDE2NzI4NF5BMl5BanBnXkFtZTgwNzE1MzEyMTE@._V1_SX300.jpg,Internet Movie Database,8.2/10,66,8.4,"70,807",ID-45,movie,,,,,,,,,,,http://www.rottentomatoes.com/m/out_of_the_past/,17 Mar 2015,"$227,400,000",Warner Bros. Pictures,http://www.pythonline.com,True
80,Star Wars: Episode IV - A New Hope,2008,PG-13,04 Mar 2016,119 min,"Adventure, Drama, History",Billy Wilder,"Harper Lee (based on her novel ""To Kill a Mockingbird""), Horton Foote (screenplay)","Faye Dunaway, William Holden, Peter Finch, Robert Duvall","An American grandson of the infamous scientist, struggling to prove that he is not as insane as people believe, is invited to Transylvania, where he discovers the process that reanimates a dead body.",English,USA,Won 1 Oscar. Another 20 wins & 16 nominations.,https://images-na.ssl-images-amazon.com/images/M/MV5BOTY0ZTA1ZjUtN2MyNi00ZGRmLWExYmMtOTkyNzI1NGQ2Y2RlXkEyXkFqcGdeQXVyNjc1NTYyMjg@._V1_SX300.jpg,Internet Movie Database,8.7/10,69,8.2,"342,023",ID-46,movie,,,,,,,,,,,http://www.rottentomatoes.com/m/the_help/,26 Mar 1997,,GKIDS,http://www.thepianistmovie.com/,True
131,The Silence of the Lambs,2006,R,06 Aug 1999,101 min,"Crime, Drama",Francis Ford Coppola,Michael Mann,"Chiwetel Ejiofor, Dwight Henry, Dickie Gravois, Bryan Batt","Private detective Philip Marlowe is hired by a rich family. Before the complex case is over, he's seen murder, blackmail, and what might be love.",English,USA,Won 5 Oscars. Another 17 wins & 23 nominations.,https://images-na.ssl-images-amazon.com/images/M/MV5BMTk4NDQ0NjgyNF5BMl5BanBnXkFtZTgwMTE3NTkxMTE@._V1_SX300.jpg,Internet Movie Database,8.0/10,62,8.2,"461,331",ID-47,movie,,,,,,,,,,,http://www.rottentomatoes.com/m/gran_torino/,19 Jun 2001,,Summit Entertainment,,True
29,Some Like It Hot,1970,PG-13,18 Nov 1994,118 min,Drama,Adam Elliot,"Billy Wilder, I.A.L. Diamond","Matt Damon, Julia Stiles, David Strathairn, Scott Glenn",The drug-induced utopias of four Coney Island people are shattered when their addictions run deep.,"English, Pawnee, French",USA,Won 4 Oscars. Another 15 wins & 25 nominations.,https://images-na.ssl-images-amazon.com/images/M/MV5BMTc0MjgyNTUyNF5BMl5BanBnXkFtZTcwNDQzMDg0Nw@@._V1_SX300.jpg,Internet Movie Database,8.0/10,73,8.5,"618,222",ID-48,movie,,,,,,,,,,,http://www.rottentomatoes.com/m/some_like_it_hot/,12 Jan 2016,,20th Century Fox,,True
155,Magnolia,1938,G,20 Nov 1998,92 min,"Action, Adventure, Mystery",David Yates,Christopher Nolan,"Guy Pearce, Carrie-Anne Moss, Joe Pantoliano, Mark Boone Junior",A psychotic socialite confronts a pro tennis star with a theory on how two complete strangers can get away with murder - a theory that he plans to implement.,English,"Hong Kong, Taiwan, USA",Won 6 Oscars. Another 39 wins & 66 nominations.,https://images-na.ssl-images-amazon.com/images/M/MV5BZmU0M2Y1OGUtZjIxNi00ZjBkLTg1MjgtOWIyNThiZWIwYjRiXkEyXkFqcGdeQXVyMTQxNzMzNDI@._V1_SX300.jpg,Internet Movie Database,8.0/10,99,8.1,"601,251",ID-49,movie,,,,,,,,,,,http://www.rottentomatoes.com/m/sling_blade/,27 May 2003,,Warner Bros. Pictures,,True
70,The Truman Show,2013,G,26 Mar 2010,110 min,"Biography, Drama, History",Peter Jackson,"Nicholas Pileggi (book), Nicholas Pileggi (screenplay), Martin Scorsese (screenplay)","Frank Sinatra, Laurence Harvey, Janet Leigh, Angela Lansbury","In future Britain, Alex DeLarge, a charismatic and psycopath delinquent, who likes to practice crimes and ultra-violence with his gang, is jailed and volunteers for an experimental aversion therapy developed by the government in an effort to solve society's crime problem - but not all goes according to plan.","English, French, Latin, Scottish Gaelic",USA,Won 2 Oscars. Another 18 wins & 22 nominations.,https://images-na.ssl-images-amazon.com/images/M/MV5BNzAyOGIxYjAtMGY2NC00ZTgyLWIwMWEtYzY0OWQ4NDFjOTc5XkEyXkFqcGdeQXVyNjU0OTQ0OTY@._V1_SX300.jpg,Internet Movie Database,8.2/10,88,8.3,"436,571",ID-50,movie,,,,,,,,,,,http://www.rottentomatoes.com/m/the_lord_of_the_rings_the_two_towers/,19 Apr 2011,,Warner Bros. Pictures,http://www.mrsmithmovie.com/,True
53,Star Wars: The Force Awakens,1935,PG,08 Dec 2006,178 min,"Biography, Drama",Robert Zemeckis,"Pete Docter (original story by), Jill Culton (original story by), Jeff Pidgeon (original story by), Ralph Eggleston (original story by), Andrew Stanton (screenplay), Daniel Gerson (screenplay)","Chiwetel Ejiofor, Dwight Henry, Dickie Gravois, Bryan Batt","In the distant future, a small waste-collecting robot inadvertently embarks on a space journey that will ultimately decide the fate of mankind.","English, Swahili, Xhosa, Zulu",USA,Nominated for 2 Oscars. Another 5 wins & 4 nominations.,https://images-na.ssl-images-amazon.com/images/M/MV5BMDQ2YzEyZGItYWRhOS00MjBmLTkzMDUtMTdjYzkyMmQxZTJlXkEyXkFqcGdeQXVyNjU0OTQ0OTY@._V1_SX300.jpg,Internet Movie Database,8.1/10,97,8.4,"82,622",ID-51,movie,,,,,,,,,,,http://www.rottentomatoes.com/m/gladiator/,26 Aug 2003,,Sony Pictures,,True
56,Up,1961,PG,08 Feb 1976,107 min,Drama,Christopher Nolan,"Henry Farrell (from the novel by), Lukas Heller (screenplay)","Gary Cooper, Thomas Mitchell, Lloyd Bridges, Katy Jurado",Selfish yuppie Charlie Babbitt's father left a fortune to his savant brother Raymond and a pittance to Charlie; they travel cross-country.,"English, Spanish","UK, USA, Australia",Nominated for 7 Oscars. Another 2 wins & 2 nominations.,https://images-na.ssl-images-amazon.com/images/M/MV5BMjQ5ODI1MjQtMDc0Zi00OGQ1LWE2NTYtMTg1YTkxM2E5NzFkXkEyXkFqcGdeQXVyNTA4NzY1MzY@._V1_SX300.jpg,Internet Movie Database,8.2/10,75,8.4,"937,837",ID-52,movie,,,,,,,,,,,http://www.rottentomatoes.com/m/bridge_on_the_river_kwai/,20 Mar 2007,,Buena Vista Pictures,http://disney.go.com/disneyvideos/liveaction/pirates/main_site/main.html,True
75,Hachi: A Dog's Tale,2012,R,15 Nov 1935,103 min,"Crime, Drama, Thriller",Danny Boyle,"Quentin Tarantino, Roger Avary (background radio dialog), Quentin Tarantino (background radio dialog)","Jay Baruchel, Gerard Butler, Craig Ferguson, America Ferrera",A jury holdout attempts to prevent a miscarriage of justice by forcing his colleagues to reconsider the evidence.,"English, German, French",UK,Nominated for 3 Oscars. Another 16 wins & 8 nominations.,https://images-na.ssl-images-amazon.com/images/M/MV5BMTcxOWYzNDYtYmM4YS00N2NkLTk0NTAtNjg1ODgwZjAxYzI3XkEyXkFqcGdeQXVyNTA4NzY1MzY@._V1_SX300.jpg,Internet Movie Database,9.2/10,82,8.1,"119,905",ID-53,movie,,,,,,,,,,,http://www.rottentomatoes.com/m/untitled_boston_globe_project/,01 Dec 1998,,Universal Pictures,,True
16,The Godfather: Part II,1992,PG-13,12 Feb 1993,149 min,"Animation, Adventure, Drama",Alfred Hitchcock,"T.E. Lawrence (writings), Robert Bolt (screenplay), Michael Wilson (screenplay)","Jean Arthur, James Stewart, Claude Rains, Edward Arnold","An aging group of outlaws look for one last big score as the ""traditional"" American West is disappearing around them.",English,"France, UK, USA",1 win & 7 nominations.,https://images-na.ssl-images-amazon.com/images/M/MV5BYTNjN2M2MzYtZGEwMi00Mzc5LWEwYTMtODM1ZmRiZjFiNTU0L2ltYWdlL2ltYWdlXkEyXkFqcGdeQXVyNjc1NTYyMjg@._V1_SX300.jpg,Internet Movie Database,8.0/10,88,8.5,"1,326,876",ID-54,movie,,,,,,,,,,,http://www.rottentomatoes.com/m/godfather_part_ii/,24 Mar 1998,,Universal Pictures,,True
183,Mad Max: Fury Road,2012,APPROVED,18 Jul 1986,76 min,"Biography, Crime, Drama",Stanley Kubrick,"Barry Morrow (story), Ronald Bass (screenplay), Barry Morrow (screenplay)","George C. Scott, Karl Malden, Stephen Young, Michael Strong","Marty McFly, a 17-year-old high school student, is accidentally sent 30 years into the past in a time-traveling DeLorean invented by his close friend, the maverick scientist Doc Brown.","English, Russian","UK, USA, Ireland",Won 8 Oscars. Another 27 wins & 20 nominations.,https://images-na.ssl-images-amazon.com/images/M/MV5BMDE0MjYxYmMtM2VhMC00MjhiLTg5NjItMDkzZGM5MGVlYjMxL2ltYWdlL2ltYWdlXkEyXkFqcGdeQXVyNjc1NTYyMjg@._V1_SX300.jpg,Internet Movie Database,8.3/10,77,8.1,"797,545",ID-55,movie,,,,,,,,,,,http://www.rottentomatoes.com/m/man_who_shot_liberty_valance/,06 Mar 2001,,New Line Cinema,http://milliondollarbabymovie.warnerbros.com/,True
88,Pink Floyd: The Wall,2017,R,20 Dec 1974,160 min,"Action, Crime, Thriller",Alfred Hitchcock,Destin Daniel Cretton,"Don Cheadle, Xolani Mali, Desmond Dube, Hakeem Kae-Kazim","Blacksmith Will Turner teams up with eccentric pirate ""Captain"" Jack Sparrow to save his love, the governor's daughter, from Jack's former pirate allies, who are now undead.",English,USA,Won 5 Oscars. Another 103 wins & 98 nominations.,https://images-na.ssl-images-amazon.com/images/M/MV5BZmJlOTE1ZTgtODdmNC00NmZhLThlZDYtNTllMmIyOTIwN2EwL2ltYWdlL2ltYWdlXkEyXkFqcGdeQXVyMTQxNzMzNDI@._V1_SX300.jpg,Internet Movie Database,8.1/10,78,8.2,"436,571",ID-56,movie,,,,,,,,,,,http://www.rottentomatoes.com/m/network/,14 Apr 1997,"$936,658,640",Universal Pictures,http://www.kingsspeech.com/,True
3,Spotlight,1956,PG,07 Jan 1947,105 min,"Drama, Romance",Brian De Palma,"Terence Winter (screenplay), Jordan Belfort (book)","Paul Newman, Jackie Gleason, Piper Laurie, George C. Scott","Atticus Finch, a lawyer in the Depression-era South, defends a black man against an undeserved rape charge, and his children against prejudice.","English, Hungarian, Spanish, French","USA, UK",Won 1 Oscar. Another 9 wins & 12 nominations.,https://images-na.ssl-images-amazon.com/images/M/MV5BNDMyNGU0NjUtNTIxMC00ZmU2LWE0ZGItZTdkNGVlODI2ZDcyL2ltYWdlXkEyXkFqcGdeQXVyNjc1NTYyMjg@._V1_SX300.jpg,Internet Movie Database,8.2/10,100,8.6,"36,009",ID-57,movie,,,,,,,,,,,http://www.rottentomatoes.com/m/trainspotting/,15 Aug 2001,,Newmarket Film Group,http://www.HowToTrainYourDragon.com/,True
118,The Killing,1977,G,03 Aug 2007,135 min,"Crime, Drama, Mystery",George Roy Hill,"Frank Pierson (screenplay), P.F. Kluge (based upon a magazine article by), Thomas Moore (based upon a magazine article by)","Danny Elfman, Chris Sarandon, Catherine O'Hara, William Hickey","When Dr. Henry Jones Sr. suddenly goes missing while pursuing the Holy Grail, eminent archaeologist Indiana Jones must follow in his father's footsteps to stop the Nazis from getting their hands on the Holy Grail first.",English,USA,Won 8 Oscars. Another 21 wins & 9 nominations.,https://images-na.ssl-images-amazon.com/images/M/MV5BMjIyNTQ5NjQ1OV5BMl5BanBnXkFtZTcwODg1MDU4OA@@._V1_SX300.jpg,Internet Movie Database,8.0/10,,8.2,"175,272",ID-58,movie,,,,,,,,,,,http://www.rottentomatoes.com/m/room_2015/,02 Dec 2003,"$23,844,220",Columbia Pictures,,True
73,Laura,2003,G,07 Mar 1941,188 min,"Biography, Drama",James Cameron,"Noel Langley (screenplay), Florence Ryerson (screenplay), Edgar Allan Woolf (screenplay), Noel Langley (adaptation), L. Frank Baum (from the book by)","Ethan Hawke, Julie Delpy, Andrea Eckert, Hanno Pöschl","A former Prohibition-era Jewish gangster returns to the Lower East Side of Manhattan over thirty years later, where he once again must confront the ghosts and regrets of his old life.","English, Japanese",USA,2 wins.,https://images-na.ssl-images-amazon.com/images/M/MV5BMjA4NDI0MTIxNF5BMl5BanBnXkFtZTYwNTM0MzY2._V1_SX300.jpg,Internet Movie Database,8.2/10,70,8.4,"230,951",ID-59,movie,,,,,,,,,,,http://www.rottentomatoes.com/m/sixth_sense/,02 Nov 1999,"$53,100,000",20th Century Fox,http://theexorcist.warnerbros.com/,True
209,Psycho,1988,R,14 Apr 1959,134 min,"Adventure, Family, Fantasy","Frank Miller, Robert Rodriguez, Quentin Tarantino","Stanley Kubrick (screenplay), Anthony Burgess (novel)","Emile Hirsch, Marcia Gay Harden, William Hurt, Jena Malone","When a Jewish prince is betrayed and sent into slavery by a Roman friend, he regains his freedom and comes back for revenge.",English,UK,Won 3 Oscars. Another 7 wins & 15 nominations.,https://images-na.ssl-images-amazon.com/images/M/MV5BMDE0MjYxYmMtM2VhMC00MjhiLTg5NjItMDkzZGM5MGVlYjMxL2ltYWdlL2ltYWdlXkEyXkFqcGdeQXVyNjc1NTYyMjg@._V1_SX300.jpg,Internet Movie Database,8.2/10,85,8.0,"56,783",ID-60,movie,,,,,,,,,,,http://www.rottentomatoes.com/m/prestige/,14 Apr 1997,"$47,611,331",Paramount Pictures,http://www.thegodfather.com/,True
250,The Philadelphia Story,1988,PG,01 Nov 1967,195 min,"Comedy, Drama",Charles Chaplin,Quentin Tarantino,"Mark Hamill, Harrison Ford, Carrie Fisher, Billy Dee Williams","When Dr. Henry Jones Sr. suddenly goes missing while pursuing the Holy Grail, eminent archaeologist Indiana Jones must follow in his father's footsteps to stop the Nazis from getting their hands on the Holy Grail first.","English, German, Greek, Arabic",USA,9 wins & 15 nominations.,https://images-na.ssl-images-amazon.com/images/M/MV5BZmExNmEwYWItYmQzOS00YjA5LTk2MjktZjEyZDE1Y2QxNjA1XkEyXkFqcGdeQXVyMTQxNzMzNDI@._V1_SX300.jpg,Internet Movie Database,8.1/10,,8.0,"481,465",ID-61,movie,,,,,,,,,,,http://www.rottentomatoes.com/m/modern_times/,11 Dec 2007,,Warner Home Video,,True
220,The Matrix,2005,R,02 Nov 2001,212 min,"Crime, Drama, History",Damien Chazelle,"Thomas Harris (novel), Ted Tally (screenplay)","Noel Appleby, Ali Astin, Sean Astin, David Aston","A stark, perverse story of murder, kidnapping, and police corruption in a Mexican border town.",English,"USA, UK",Won 1 Oscar. Another 44 wins & 150 nominations.,https://images-na.ssl-images-amazon.com/images/M/MV5BODU4MjU4NjIwNl5BMl5BanBnXkFtZTgwMDU2MjEyMDE@._V1_SX300.jpg,Internet Movie Database,8.5/10,,8.0,"106,914",ID-62,movie,,,,,,,,,,,http://www.rottentomatoes.com/m/1020130-sting/,10 Nov 2009,,Universal Pictures,http://www.lahabitacion.com.ar/,True
64,How to Train Your Dragon,1948,R,18 Nov 1994,177 min,"Adventure, Drama, Sci-Fi",Alan Parker,Lars von Trier,"Kirk Douglas, Ralph Meeker, Adolphe Menjou, George Macready","When the menace known as the Joker emerges from his mysterious past, he wreaks havoc and chaos on the people of Gotham, the Dark Knight must accept one of the greatest psychological and physical tests of his ability to fight injustice.","English, German","UK, USA",6 wins & 6 nominations.,https://images-na.ssl-images-amazon.com/images/M/MV5BNDM2OTM0MjUtOTQ4Yy00MmY3LThhM2UtOWFlYjkxNTgwZDcyXkEyXkFqcGdeQXVyNjc1NTYyMjg@._V1_SX300.jpg,Internet Movie Database,8.2/10,91,8.4,"342,023",ID-63,movie,,,,,,,,,,,http://www.rottentomatoes.com/m/donnie_darko/,06 Jul 2004,"$34,034,168",20th Century Fox,http://www.rialtopictures.com/thegraduate.html,True
40,Whiplash,2014,NOT RATED,15 Dec 1995,122 min,"Biography, Crime, Drama",Guy Ritchie,"Richard Brooks (screenplay), James Poe (screenplay), Tennessee Williams (play)","Charles Chaplin, Jack Oakie, Reginald Gardiner, Henry Daniell",A computer hacker learns from mysterious rebels about the true nature of his reality and his role in the war against its controllers.,English,USA,Nominated for 3 Oscars. Another 3 wins.,https://images-na.ssl-images-amazon.com/images/M/MV5BY2RmNTRjYzctODI4Ni00MzQyLWEyNTAtNjU0N2JkMTNhNjJkXkEyXkFqcGdeQXVyNjU0OTQ0OTY@._V1_SX300.jpg,Internet Movie Database,8.1/10,90,8.5,"768,444",ID-64,movie,,,,,,,,,,,http://www.rottentomatoes.com/m/stand_by_me_1986/,15 Mar 2005,,United Artists,,True
175,The Godfather: Part II,1965,APPROVED,08 Jul 1977,121 min,"Drama, Mystery",Franklin J. Schaffner,"Richard Linklater, Kim Krizan","Harvey Keitel, Tim Roth, Michael Madsen, Chris Penn","With the aid of a wealthy erratic tippler, a dewy-eyed tramp who has fallen in love with a sightless flower girl accumulates money to be able to help her medically.",English,"Australia, USA",Nominated for 1 Oscar. Another 33 wins & 62 nominations.,https://images-na.ssl-images-amazon.com/images/M/MV5BMzcwYWFkYzktZjAzNC00OGY1LWI4YTgtNzc5MzVjMDVmNjY0XkEyXkFqcGdeQXVyMTQxNzMzNDI@._V1_SX300.jpg,Internet Movie Database,8.8/10,,8.0,"235,871",ID-65,movie,,,,,,,,,,,http://www.rottentomatoes.com/m/1017293-rebecca/,04 May 2004,"$132,300,000",Universal Pictures,,True
61,Room,1949,APPROVED,25 Jan 2008,108 min,"Drama, Thriller, Western",Christopher Nolan,George Lucas,"Keir Dullea, Gary Lockwood, William Sylvester, Daniel Richter","After settling his differences with a Japanese PoW camp commander, a British colonel co-operates to oversee his men's construction of a railway bridge for their captors - while oblivious to a plan by the Allies to destroy it.","English, German",USA,Nominated for 8 Oscars. Another 10 wins & 14 nominations.,https://images-na.ssl-images-amazon.com/images/M/MV5BMTY1NTI0ODUyOF5BMl5BanBnXkFtZTgwNTEyNjQ0MDE@._V1_SX300.jpg,Internet Movie Database,8.1/10,,8.3,"1,059,523",ID-66,movie,,,,,,,,,,,http://www.rottentomatoes.com/m/rush_2013/,30 Nov 1999,,Buena Vista,http://www.wall-e.com/,True
71,Toy Story 3,1957,R,09 Jul 2003,129 min,"Biography, Drama",Wes Anderson,"William Goldman (book), William Goldman (screenplay)","Marilyn Monroe, Tony Curtis, Jack Lemmon, George Raft",The Guardians must fight to keep their newfound family together as they unravel the mystery of Peter Quill's true parentage.,"English, French, Arabic, Russian, Spanish",USA,Won 2 Oscars. Another 13 wins & 25 nominations.,https://images-na.ssl-images-amazon.com/images/M/MV5BNjdjNGQ4NDEtNTEwYS00MTgxLTliYzQtYzE2ZDRiZjFhZmNlXkEyXkFqcGdeQXVyNjU0OTQ0OTY@._V1_SX300.jpg,Internet Movie Database,8.3/10,84,8.5,"43,479",ID-67,movie,,,,,,,,,,,http://www.rottentomatoes.com/m/network/,16 May 2000,,Paramount Pictures,http://www.thedarkknightrises.com/,True
101,Trainspotting,2012,G,03 Jul 1991,130 min,"Biography, Drama, History",Guy Ritchie,"Raymond Chandler (screen play), Czenzi Ormonde (screen play), Whitfield Cook (adaptation), Patricia Highsmith (from the novel by)","Amy Poehler, Phyllis Smith, Richard Kind, Bill Hader","An astronaut becomes stranded on Mars after his team assume him dead, and must rely on his ingenuity to find a way to signal to Earth that he is alive.",English,"USA, France",Won 3 Oscars. Another 10 wins & 16 nominations.,https://images-na.ssl-images-amazon.com/images/M/MV5BNWE4OTNiM2ItMjY4Ni00ZTViLWFiZmEtZGEyNGY2ZmNlMzIyXkEyXkFqcGdeQXVyMDU5NDcxNw@@._V1_SX300.jpg,Internet Movie Database,8.0/10,86,8.3,"301,614",ID-68,movie,,,,,,,,,,,http://www.rottentomatoes.com/m/baby_driver/,15 Feb 2000,"$533,316,061",Paramount Vantage,,True
137,Platoon,1976,PG,04 Mar 2016,120 min,"Drama, Romance, War",Jon Watts,Frank Miller (graphic novels),"Stephen Baldwin, Gabriel Byrne, Benicio Del Toro, Kevin Pollak","After a simple jewelry heist goes terribly wrong, the surviving criminals begin to suspect that one of them is a police informant.","English, German, Hebrew, Spanish",USA,Nominated for 5 Oscars. Another 36 wins & 96 nominations.,https://images-na.ssl-images-amazon.com/images/M/MV5BYzQ2OTk4N2QtOGQwNy00MmI3LWEwNmEtOTk0OTY3NDk2MGJkL2ltYWdlL2ltYWdlXkEyXkFqcGdeQXVyNjc1NTYyMjg@._V1_SX300.jpg,Internet Movie Database,8.2/10,100,8.2,"910,608",ID-69,movie,,,,,,,,,,,http://www.rottentomatoes.com/m/city_lights/,02 Dec 1999,,Universal Pictures,http://www.miramax.com/movie/trainspotting/,True
157,Forrest Gump,2004,R,18 Dec 1975,113 min,"Biography, Crime, Drama",Francis Ford Coppola,Charles Chaplin,"Noel Appleby, Ali Astin, Sean Astin, David Aston",Paul Rusesabagina was a hotel manager who housed over a thousand Tutsi refugees during their struggle against the Hutu militia in Rwanda.,"English, French","UK, USA",Won 7 Oscars. Another 23 wins & 7 nominations.,https://images-na.ssl-images-amazon.com/images/M/MV5BMGM4M2Q5N2MtNThkZS00NTc1LTk1NTItNWEyZjJjNDRmNDk5XkEyXkFqcGdeQXVyMjA0MDQ0Mjc@._V1_SX300.jpg,Internet Movie Database,8.0/10,,8.1,"843,128",ID-70,movie,,,,,,,,,,,http://www.rottentomatoes.com/m/rio_bravo/,02 Nov 2004,,Walt Disney Pictures,,True
63,Psycho,2004,PG,03 Oct 2014,137 min,"Drama, Thriller",Guy Ritchie,"Larry McMurtry (screenplay), Peter Bogdanovich (screenplay), Larry McMurtry (novel)","Ethan Hawke, Julie Delpy, Andrea Eckert, Hanno Pöschl","An aspiring author during the civil rights movement of the 1960s decides to write a book detailing the African American maids' point of view on the white families for which they work, and the hardships they go through on a daily basis.","English, Italian, Latin",USA,Won 1 Oscar. Another 13 wins & 19 nominations.,https://images-na.ssl-images-amazon.com/images/M/MV5BYTNjN2M2MzYtZGEwMi00Mzc5LWEwYTMtODM1ZmRiZjFiNTU0L2ltYWdlL2ltYWdlXkEyXkFqcGdeQXVyNjc1NTYyMjg@._V1_SX300.jpg,Internet Movie Database,8.0/10,,8.4,"1,825,626",ID-71,movie,,,,,,,,,,,http://www.rottentomatoes.com/m/kind_hearts_and_coronets/,27 Aug 1997,,The Weinstein Company,,True
95,Network,1959,R,20 Apr 1977,189 min,"Mystery, Thriller",Steve McQueen,Charles Chaplin,"Tommy Lee Jones, Javier Bardem, Josh Brolin, Woody Harrelson","In Chicago in September 1936, a young con man seeking revenge for his murdered partner teams up with a master of the big con to win a fortune from a criminal banker.",English,USA,Won 1 Oscar. Another 60 wins & 68 nominations.,https://images-na.ssl-images-amazon.com/images/M/MV5BMjQ1NjM3MTUxNV5BMl5BanBnXkFtZTgwMDc5MTY5OTE@._V1_SX300.jpg,Internet Movie Database,8.1/10,92,8.1,"407,892",ID-72,movie,,,,,,,,,,,http://www.rottentomatoes.com/m/1017776-rocky/,11 Jul 2000,"$94,240,635",New Line Cinema,,True
119,Good Will Hunting,1974,APPROVED,20 Jun 1974,101 min,Drama,John Frankenheimer,Richard Kelly,"Jason Flemyng, Dexter Fletcher, Nick Moran, Jason Statham","When Union spies steal an engineer's beloved locomotive, he pursues it single-handedly and straight through enemy lines.",English,UK,Won 4 Oscars. Another 34 wins & 45 nominations.,https://images-na.ssl-images-amazon.com/images/M/MV5BMjA0ODU0OTQ5N15BMl5BanBnXkFtZTgwMzYzMzIxMDE@._V1_SX300.jpg,Internet Movie Database,8.3/10,80,8.2,"862,078",ID-73,movie,,,,,,,,,,,http://www.rottentomatoes.com/m/the_wolf_of_wall_street_2013/,06 Feb 2001,,The Weinstein Company,http://thedarkknight.warnerbros.com/,True
250,The Bourne Ultimatum,2005,PG-13,23 Jan 1943,148 min,"Animation, Drama, Fantasy",Stanley Kubrick,"George Miller, Brendan McCarthy, Nick Lathouris","Henry Fonda, Jane Darwell, John Carradine, Charley Grapewin","After his son is captured in the Great Barrier Reef and taken to Sydney, a timid clownfish sets out on a journey to bring him home.","English, Arabic, Turkish",USA,,https://images-na.ssl-images-amazon.com/images/M/MV5BMTQ0ODc4MDk4Nl5BMl5BanBnXkFtZTcwMTEzNzgzNA@@._V1_SX300.jpg,Internet Movie Database,8.3/10,77,8.0,"782,275",ID-74,movie,,,,,,,,,,,http://www.rottentomatoes.com/m/whos_afraid_of_virginia_woolf/,07 Aug 2006,,Universal Pictures,http://www.hachithemovie.com/,True
132,Jurassic Park,1960,R,27 Jan 1995,189 min,"Action, Drama, Sci-Fi",Wim Wenders,Christopher McQuarrie,"Benedict Cumberbatch, Keira Knightley, Matthew Goode, Rory Kinnear",A wheelchair-bound photographer spies on his neighbours from his apartment window and becomes convinced one of them has committed murder.,English,USA,Nominated for 2 Oscars. Another 26 wins & 61 nominations.,https://images-na.ssl-images-amazon.com/images/M/MV5BM2EzZmFmMmItODY3Zi00NjdjLWE0MTYtZWQ3MGIyM2M4YjZhXkEyXkFqcGdeQXVyMzg2MzE2OTE@._V1_SX300.jpg,Internet Movie Database,8.3/10,84,8.1,"272,500",ID-75,movie,,,,,,,,,,,http://www.rottentomatoes.com/m/benhur/,28 Jan 2014,,Warner Independent Pictures,http://www.rialtopictures.com/thegraduate.html,True
141,High Noon,1945,R,30 May 2003,88 min,"Crime, Drama, Thriller",James Cameron,"Danny Rubin (screenplay), Harold Ramis (screenplay), Danny Rubin (story)","William Holden, Alec Guinness, Jack Hawkins, Sessue Hayakawa",Gandalf and Aragorn lead the World of Men against Sauron's army to draw his gaze from Frodo and Sam as they approach Mount Doom with the One Ring.,"English, Spanish",USA,Nominated for 1 Oscar. Another 3 wins & 9 nominations.,https://images-na.ssl-images-amazon.com/images/M/MV5BMDU2ZWJlMjktMTRhMy00ZTA5LWEzNDgtYmNmZTEwZTViZWJkXkEyXkFqcGdeQXVyNDQ2OTk4MzI@._V1_SX300.jpg,Internet Movie Database,8.4/10,84,8.1,"304,299",ID-76,movie,,,,,,,,,,,http://www.rottentomatoes.com/m/the_lord_of_the_rings_the_two_towers/,07 May 2013,"$66,257,002",MGM,,True
146,Barry Lyndon,2017,R,28 Mar 2014,81 min,"Crime, Drama, History",Franklin J. Schaffner,"Ethan Coen, Joel Coen","Ralph Fiennes, F. Murray Abraham, Mathieu Amalric, Adrien Brody","When a Roman general is betrayed and his family murdered by an emperor's corrupt son, he comes to Rome as a gladiator to seek revenge.",English,France,7 wins & 27 nominations.,https://images-na.ssl-images-amazon.com/images/M/MV5BY2NkNTcxNjAtODhjMS00Mjg2LWI1OGItMjRhMGJlODBkZTVlL2ltYWdlL2ltYWdlXkEyXkFqcGdeQXVyNzAxMjE1NDg@._V1_SX300.jpg,Internet Movie Database,8.6/10,66,8.1,"580,796",ID-77,movie,,,,,,,,,,,http://www.rottentomatoes.com/m/the_martian/,29 Jun 1999,"$2,546,851",Universal Pictures,,True
1,Logan,1982,R,19 Jan 2001,130 min,"Biography, Drama",David Fincher,"Graham Moore, Andrew Hodges (book)","Danny Elfman, Chris Sarandon, Catherine O'Hara, William Hickey","A poor Midwest family is forced off their land. They travel to California, suffering the misfortunes of the homeless in the Great Depression.",English,USA,Won 3 Oscars. Another 88 wins & 135 nominations.,https://images-na.ssl-images-amazon.com/images/M/MV5BNDM2OTM0MjUtOTQ4Yy00MmY3LThhM2UtOWFlYjkxNTgwZDcyXkEyXkFqcGdeQXVyNjc1NTYyMjg@._V1_SX300.jpg,Internet Movie Database,8.2/10,72,9.3,"407,892",ID-78,movie,,,,,,,,,,,http://www.rottentomatoes.com/m/baby_driver/,04 May 2004,,Universal Pictures,,True
103,Harry Potter and the Deathly Hallows: Part 2,2004,PG-13,25 Sep 1948,120 min,"Adventure, Drama, Fantasy",Robert Mulligan,"Herman J. Mankiewicz (original screen play), Orson Welles (original screen play)","Nicole Kidman, Harriet Andersson, Lauren Bacall, Jean-Marc Barr","Two detectives, a rookie and a veteran, hunt a serial killer who uses the seven deadly sins as his motives.","English, German","USA, New Zealand",Nominated for 5 Oscars. Another 51 wins & 115 nominations.,https://images-na.ssl-images-amazon.com/images/M/MV5BMDVjNjIwOGItNDE3Ny00OThjLWE0NzQtZTU3YjMzZTZjMzhkXkEyXkFqcGdeQXVyMTQxNzMzNDI@._V1_SX300.jpg,Internet Movie Database,8.3/10,91,8.2,"358,261",ID-79,movie,,,,,,,,,,,http://www.rottentomatoes.com/m/departed/,26 Nov 2002,"$74,223,625",Warner Bros. Pictures,,True
18,To Kill a Mockingbird,1970,G,10 Dec 2014,138 min,"Crime, Drama, History",Howard Hawks,John Briley,"William Holden, Alec Guinness, Jack Hawkins, Sessue Hayakawa","After refusing to attack an enemy position, a general accuses the soldiers of cowardice and their commanding officer must defend them.","English, Mandarin",USA,Won 6 Oscars. Another 10 wins & 20 nominations.,https://images-na.ssl-images-amazon.com/images/M/MV5BM2RjMmU3ZWItYzBlMy00ZmJkLWE5YzgtNTVkODdhOWM3NGZhXkEyXkFqcGdeQXVyNDA5Mjg5MjA@._V1_SX300.jpg,Internet Movie Database,8.1/10,,8.8,"747,275",ID-80,movie,,,,,,,,,,,http://www.rottentomatoes.com/m/leon_the_professional/,24 Feb 1998,,Sony Pictures Home Entertainment,http://thewizardofoz.warnerbros.com/,True
56,Baby Driver,1983,R,21 Sep 1990,107 min,"Adventure, Biography, Drama",William Wyler,"Jean Shepherd (based on the novel ""In God We Trust,  All Others Pay Cash"" by), Jean Shepherd (screenplay), Leigh Brown (screenplay), Bob Clark (screenplay)","Tom Hardy, Charlize Theron, Nicholas Hoult, Hugh Keays-Byrne","As corruption grows in 1950s LA, three policemen - one strait-laced, one brutal, and one sleazy - investigate a series of murders with their own brand of justice.","English, French",USA,Nominated for 6 Oscars. Another 32 wins & 47 nominations.,https://images-na.ssl-images-amazon.com/images/M/MV5BOWIwODIxYWItZDI4MS00YzhhLWE3MmYtMzlhZDIwOTMzZmE5L2ltYWdlXkEyXkFqcGdeQXVyNjc1NTYyMjg@._V1_SX300.jpg,Internet Movie Database,8.4/10,80,8.3,"281,651",ID-81,movie,,,,,,,,,,,http://www.rottentomatoes.com/m/1012007-laura/,27 Aug 1997,"$2,925,880",United Artists,http://unchainedmovie.com/,True
155,Lion,1980,R,28 Aug 1998,153 min,"Drama, War",Stanley Kubrick,Edgar Wright,"Marlon Brando, Martin Sheen, Robert Duvall, Frederic Forrest",An angel is sent from Heaven to help a desperately frustrated businessman by showing him what life would have been like if he had never existed.,English,"USA, Hong Kong, UK",Won 2 Oscars. Another 79 wins & 59 nominations.,https://images-na.ssl-images-amazon.com/images/M/MV5BOWQ0MjRmZmUtY2Q2Yi00ODcxLWE4NGMtMTNjMDY1YmUzMjVkXkEyXkFqcGdeQXVyNjc1NTYyMjg@._V1_SX300.jpg,Internet Movie Database,8.5/10,,8.0,"119,905",ID-82,movie,,,,,,,,,,,http://www.rottentomatoes.com/m/annie_hall/,15 Feb 2000,,Walt Disney Animation Studios,,True
110,A Beautiful Mind,2005,PG-13,22 Jun 1966,128 min,"Adventure, Drama, Fantasy",Martin Scorsese,"Donn Pearce (screenplay), Frank Pierson (screenplay), Donn Pearce (novel)","Graham Chapman, John Cleese, Terry Gilliam, Eric Idle","After refusing to attack an enemy position, a general accuses the soldiers of cowardice and their commanding officer must defend them.",English,USA,Won 2 Oscars. Another 3 wins & 5 nominations.,https://images-na.ssl-images-amazon.com/images/M/MV5BZjA0OWVhOTAtYWQxNi00YzNhLWI4ZjYtNjFjZTEyYjJlNDVlL2ltYWdlL2ltYWdlXkEyXkFqcGdeQXVyMTQxNzMzNDI@._V1_SX300.jpg,Internet Movie Database,8.1/10,84,8.2,"547,383",ID-83,movie,,,,,,,,,,,http://www.rottentomatoes.com/m/annie_hall/,06 Mar 2001,,20th Century Fox,,True
250,Guardians of the Galaxy,2016,APPROVED,05 Jan 1996,106 min,"Action, Drama, Western",Robert Rossen,"Gavin O'Connor (screenplay), Anthony Tambakis (screenplay), Cliff Dorfman (screenplay), Gavin O'Connor (story), Cliff Dorfman (story)","Ray Milland, Jane Wyman, Phillip Terry, Howard Da Silva","Private detective Philip Marlowe is hired by a rich family. Before the complex case is over, he's seen murder, blackmail, and what might be love.",English,USA,7 wins & 27 nominations.,https://images-na.ssl-images-amazon.com/images/M/MV5BNWE4OTNiM2ItMjY4Ni00ZTViLWFiZmEtZGEyNGY2ZmNlMzIyXkEyXkFqcGdeQXVyMDU5NDcxNw@@._V1_SX300.jpg,Internet Movie Database,8.2/10,72,8.0,"83,328",ID-84,movie,,,,,,,,,,,http://www.rottentomatoes.com/m/pink_floyd_the_wall/,22 Apr 1998,"$227,400,000",New Line Cinema,,True
250,Before Sunset,1968,R,09 Aug 1996,108 min,"Crime, Drama, Thriller","Danny Boyle, Loveleen Tandan","Jonathan Nolan, Christopher Nolan","Clark Gable, Claudette Colbert, Walter Connolly, Roscoe Karns",A jury holdout attempts to prevent a miscarriage of justice by forcing his colleagues to reconsider the evidence.,English,"UK, USA",Won 1 Oscar. Another 37 wins & 35 nominations.,https://images-na.ssl-images-amazon.com/images/M/MV5BMjIyOTM5OTIzNV5BMl5BanBnXkFtZTgwMDkzODE2NjE@._V1_SX300.jpg,Internet Movie Database,8.6/10,,8.0,"408,671",ID-85,movie,,,,,,,,,,,http://www.rottentomatoes.com/m/indiana_jones_and_the_last_crusade/,24 Feb 1998,"$45,299,680",Paramount Vantage,http://www.requiemforadream.com,True
78,Arsenic and Old Lace,2014,R,26 Dec 1973,113 min,"Action, Crime, Drama",Tom McCarthy,"Lew Wallace (novel), Karl Tunberg (screenplay)","Anne Bancroft, Dustin Hoffman, Katharine Ross, William Daniels","During a preview tour, a theme park suffers a major power breakdown that allows its cloned dinosaur exhibits to run amok.","English, Arabic, Turkish","UK, USA",Nominated for 6 Oscars. Another 32 wins & 47 nominations.,https://images-na.ssl-images-amazon.com/images/M/MV5BMjIxNTU4MzY4MF5BMl5BanBnXkFtZTgwMzM4ODI3MjE@._V1_SX300.jpg,Internet Movie Database,8.1/10,90,8.3,"881,549",ID-86,movie,,,,,,,,,,,http://www.rottentomatoes.com/m/1198124-shutter_island/,27 Aug 1997,"$94,240,635",Summit Entertainment,,True
54,The King's Speech,2015,PG-13,24 May 1995,170 min,"Crime, Film-Noir, Thriller",David Fincher,"Ian McLellan Hunter (screenplay), John Dighton (screenplay), Dalton Trumbo (screenplay), Dalton Trumbo (story)","Jack Nicholson, Faye Dunaway, John Huston, Perry Lopez","A group of professional bank robbers start to feel the heat from police when they unknowingly leave a clue at their latest heist, while both sides attempt to find balance between their personal lives with their professional lives.","English, Japanese",USA,Nominated for 3 Oscars. Another 16 wins & 8 nominations.,https://images-na.ssl-images-amazon.com/images/M/MV5BZDVlNTBjMjctNjAzNS00ZGJhLTg2NzMtNzIwYTIzYTBiMDkyXkEyXkFqcGdeQXVyNTA4NzY1MzY@._V1_SX300.jpg,Internet Movie Database,8.0/10,74,8.4,"75,931",ID-87,movie,,,,,,,,,,,http://www.rottentomatoes.com/m/1003094-brief_encounter/,23 Oct 2001,"$32,519,322",Paramount Pictures,,True
1,Logan,2003,R,20 Jul 1988,117 min,"Biography, Drama",Orson Welles,David Seidler (screenplay),"Dev Patel, Saurabh Shukla, Anil Kapoor, Raj Zutshi","Harry, Ron and Hermione search for Voldemort's remaining Horcruxes in their effort to destroy the Dark Lord as the final battle rages on at Hogwarts.",English,USA,Won 3 Oscars. Another 51 wins & 72 nominations.,https://images-na.ssl-images-amazon.com/images/M/MV5BZTAzNWZlNmUtZDEzYi00ZjA5LWIwYjEtZGM1NWE1MjE4YWRhXkEyXkFqcGdeQXVyNjU0OTQ0OTY@._V1_SX300.jpg,Internet Movie Database,8.0/10,,9.1,"77,339",ID-88,movie,,,,,,,,,,,http://www.rottentomatoes.com/m/patton/,03 Sep 1997,"$533,316,061",Touchstone Pictures,,True
82,Snatch,1929,R,04 Apr 1959,108 min,"Crime, Film-Noir, Thriller",Adam Elliot,"Dalton Trumbo (screenplay), Lorenzo Semple Jr. (screenplay), Henri Charrière (book)","Chris Hemsworth, Daniel Brühl, Olivia Wilde, Alexandra Maria Lara","After the death of a friend, a writer recounts a boyhood journey to find the body of a missing boy.","English, German, French, Russian, Spanish","UK, USA",Nominated for 5 Oscars. Another 6 wins & 1 nomination.,https://images-na.ssl-images-amazon.com/images/M/MV5BMTM5OTMyMjIxOV5BMl5BanBnXkFtZTcwNzU4MjIwNQ@@._V1_SX300.jpg,Internet Movie Database,8.0/10,100,8.2,"664,418",ID-89,movie,,,,,,,,,,,http://www.rottentomatoes.com/m/inglourious_basterds/,15 May 2001,"$158,737,441",GKIDS,http://www.mgm.com/title_title.php?title_star=MANCHURI,True
97,Song of the Sea,2017,APPROVED,04 Apr 1959,107 min,"Action, Biography, Drama",Henry Selick,"Nick Schenk (screenplay), Dave Johannson (story), Nick Schenk (story)","Noel Appleby, Ali Astin, Sean Astin, David Aston","The moon from Alien (1979) has been colonized, but contact is lost. This time, the rescue team has impressive firepower, but will it be enough?",English,"France, USA",Won 4 Oscars. Another 33 wins & 65 nominations.,https://images-na.ssl-images-amazon.com/images/M/MV5BMjA0ODEzMTc1Nl5BMl5BanBnXkFtZTcwODM2MjAxNA@@._V1_SX300.jpg,Internet Movie Database,8.1/10,93,8.3,"189,098",ID-90,movie,,,,,,,,,,,http://www.rottentomatoes.com/m/1013227-manchurian_candidate/,26 Nov 2002,,Warner Independent Pictures,,True
196,Unforgiven,1972,PG-13,25 Feb 1983,118 min,"Comedy, Crime",Ron Howard,"Vera Caspary (novel), Jay Dratler (screen play), Samuel Hoffenstein (screen play), Elizabeth Reinhardt (screen play)","Tom Berenger, Keith David, Willem Dafoe, Forest Whitaker","Marshal Will Kane, personally compelled to face his returning deadly enemy Frank Miller, finds that his fellow townspeople refuse to help him.","English, Cantonese","UK, USA",Won 6 Oscars. Another 10 wins & 20 nominations.,https://images-na.ssl-images-amazon.com/images/M/MV5BMmFiM2VmNjQtOTYwZi00YjUxLWJjYWItNTE3NGRlNTBkMmIxXkEyXkFqcGdeQXVyNjc1NTYyMjg@._V1_SX300.jpg,Internet Movie Database,8.1/10,92,8.0,"646,546",ID-91,movie,,,,,,,,,,,http://www.rottentomatoes.com/m/back_to_the_future/,06 Apr 1999,"$623,279,547",Element Pictures,http://www.mrsmithmovie.com/,True
63,The Maltese Falcon,1947,PG-13,01 Apr 2005,118 min,"Drama, Romance",Woody Allen,"Frank Pierson (screenplay), P.F. Kluge (based upon a magazine article by), Thomas Moore (based upon a magazine article by)","Malcolm McDowell, Patrick Magee, Michael Bates, Warren Clarke",An in-depth examination of the ways in which the U.S. Vietnam War impacts and disrupts the lives of people in a small industrial town in Pennsylvania.,English,USA,Won 1 Oscar. Another 4 wins & 11 nominations.,https://images-na.ssl-images-amazon.com/images/M/MV5BMjIxODliZDYtMGMyYy00ZDQzLTgzOTMtMWY5YWEyNTBhNzk5L2ltYWdlL2ltYWdlXkEyXkFqcGdeQXVyMTQxNzMzNDI@._V1_SX300.jpg,Internet Movie Database,8.0/10,92,8.4,"782,275",ID-92,movie,,,,,,,,,,,http://www.rottentomatoes.com/m/groundhog_day/,19 Oct 1999,"$2,546,851",Anchor Bay Entertainment,http://www.mgm.com/title_title.do?title_star=FARGO,True
67,Prisoners,1993,APPROVED,31 Mar 1999,150 min,"Biography, Drama, History",John Frankenheimer,"Daphne Du Maurier (celebrated novel), Robert E. Sherwood (screen play), Joan Harrison (screen play), Philip MacDonald (adaptation), Michael Hogan (adaptation)","Martin Balsam, John Fiedler, Lee J. Cobb, E.G. Marshall","Nine years after Jesse and Celine first met, they encounter each other again on the French leg of Jesse's book tour.","English, Italian","UK, France, USA",Won 2 Oscars. Another 17 wins & 25 nominations.,https://images-na.ssl-images-amazon.com/images/M/MV5BNjUyMTc4MDExMV5BMl5BanBnXkFtZTgwNDg0NDIwMjE@._V1_SX300.jpg,Internet Movie Database,8.4/10,95,8.2,"292,157",ID-93,movie,,,,,,,,,,,http://www.rottentomatoes.com/m/the_grand_budapest_hotel/,16 Dec 1997,,Buena Vista Pictures,http://www.rialtopictures.com/thirdman,True
250,Gandhi,1976,PG-13,27 Oct 1961,136 min,"Comedy, Drama, Family",Lewis Milestone,Christopher Nolan,"Ethan Hawke, Julie Delpy, Vernon Dobtcheff, Louise Lemoine Torrès","A naive man is appointed to fill a vacancy in the United States Senate. His plans promptly collide with political corruption, but he doesn't back down.",English,USA,Nominated for 5 Oscars. Another 51 wins & 115 nominations.,https://images-na.ssl-images-amazon.com/images/M/MV5BMTkxMTA5OTAzMl5BMl5BanBnXkFtZTgwNjA5MDc3NjE@._V1_SX300.jpg,Internet Movie Database,8.0/10,82,8.0,"407,892",ID-94,movie,,,,,,,,,,,http://www.rottentomatoes.com/m/pirates_of_the_caribbean_the_curse_of_the_black_pearl/,31 Mar 2009,"$23,844,220",United Artists Films,http://www.lahabitacion.com.ar/,True
69,Judgment at Nuremberg,2006,R,12 May 1968,151 min,"Animation, Action, Adventure",Frank Capra,"Pierre Boulle (novel), Carl Foreman (screenplay), Michael Wilson (screenplay)","Malcolm McDowell, Patrick Magee, Michael Bates, Warren Clarke",A 20-something supervising staff member of a residential treatment facility navigates the troubled waters of that world alongside her co-worker and longtime boyfriend.,English,USA,Nominated for 7 Oscars. Another 19 wins & 30 nominations.,https://images-na.ssl-images-amazon.com/images/M/MV5BOTJiNDEzOWYtMTVjOC00ZjlmLWE0NGMtZmE1OWVmZDQ2OWJhXkEyXkFqcGdeQXVyNTIzOTk5ODM@._V1_SX300.jpg,Internet Movie Database,8.0/10,74,8.3,"670,652",ID-95,movie,,,,,,,,,,,http://www.rottentomatoes.com/m/pulp_fiction/,09 Oct 2001,"$2,546,851",New Line Cinema,,True
187,Apocalypse Now,1925,R,05 May 2000,154 min,"Action, Adventure, Sci-Fi",Alfred Hitchcock,Tom Schulman,"Sunny Pawar, Abhishek Bharate, Priyanka Bose, Khushi Solanki","An aspiring author during the civil rights movement of the 1960s decides to write a book detailing the African American maids' point of view on the white families for which they work, and the hardships they go through on a daily basis.",English,USA,Won 1 Oscar. Another 18 wins & 26 nominations.,https://images-na.ssl-images-amazon.com/images/M/MV5BMTY3MjM1Mzc4N15BMl5BanBnXkFtZTgwODM0NzAxMDE@._V1_SX300.jpg,Internet Movie Database,8.0/10,68,8.1,"436,571",ID-96,movie,,,,,,,,,,,http://www.rottentomatoes.com/m/1010792-its_a_wonderful_life/,07 Dec 2010,"$448,130,642",New Line Cinema,http://www.thegodfather.com/,True
115,Logan,1927,R,01 Oct 1999,130 min,"Drama, Romance",Rob Reiner,"Stephen P. Lindsey (screenplay), Kaneto Shindô (motion picture ""Hachiko monogatari"")","Gene Kelly, Donald O'Connor, Debbie Reynolds, Jean Hagen","An aging group of outlaws look for one last big score as the ""traditional"" American West is disappearing around them.",English,USA,Won 3 Oscars. Another 235 wins & 326 nominations.,https://images-na.ssl-images-amazon.com/images/M/MV5BY2FmODc2N2QtYmY3MS00YTMwLWI2NGYtZWRmYWVkNjFjZmI0XkEyXkFqcGdeQXVyNTMxMjgxMzA@._V1_SX300.jpg,Internet Movie Database,8.1/10,78,8.1,"436,571",ID-97,movie,,,,,,,,,,,http://www.rottentomatoes.com/m/star_wars/,30 Nov 1999,"$405,000",Sony Pictures,,True
34,Whiplash,1940,R,22 Jun 1954,138 min,"Crime, Drama, Film-Noir",Otto Preminger,"Pete Docter (original story by), Jill Culton (original story by), Jeff Pidgeon (original story by), Ralph Eggleston (original story by), Andrew Stanton (screenplay), Daniel Gerson (screenplay)","Tom Skerritt, Sigourney Weaver, Veronica Cartwright, Harry Dean Stanton",Jerry Lundegaard's inept crime falls apart due to his and his henchmen's bungling and the persistent police work of the quite pregnant Marge Gunderson.,English,USA,Won 1 Oscar. Another 1 win & 4 nominations.,https://images-na.ssl-images-amazon.com/images/M/MV5BMTU2ODM2NTkxNF5BMl5BanBnXkFtZTcwOTMwMzU3Mg@@._V1_SX300.jpg,Internet Movie Database,9.0/10,84,8.6,"65,987",ID-98,movie,,,,,,,,,,,http://www.rottentomatoes.com/m/hachi_a_dogs_tale/,24 Jun 1997,,Fox Searchlight Pictures,http://disney.go.com/lionking/,True
164,The Martian,1931,PG-13,05 Sep 1941,191 min,"Comedy, Drama",Quentin Tarantino,"John Michael Hayes (screenplay), Cornell Woolrich (based on the short story by)","Ewan McGregor, Albert Finney, Billy Crudup, Jessica Lange",A manipulative woman and a roguish man conduct a turbulent romance during the American Civil War and Reconstruction periods.,English,USA,Nominated for 2 Oscars. Another 3 wins & 1 nomination.,https://images-na.ssl-images-amazon.com/images/M/MV5BMTg0NTIzMjQ1NV5BMl5BanBnXkFtZTcwNDc3MzM5OQ@@._V1_SX300.jpg,Internet Movie Database,8.5/10,,8.1,"85,244",ID-99,movie,,,,,,,,,,,http://www.rottentomatoes.com/m/1013139-maltese_falcon/,22 May 2001,,Warner Bros. Pictures,,True
90,The Treasure of the Sierra Madre,1954,G,12 May 1968,114 min,"Animation, Adventure, Comedy",David Fincher,"Walon Green (screenplay), Sam Peckinpah (screenplay), Walon Green (story), Roy N. Sickner (story)","Marilyn Monroe, Tony Curtis, Jack Lemmon, George Raft","In a murder trial, the defendant says he suffered temporary insanity after the victim raped his wife. What is the truth, and will he win his case?",English,USA,Won 2 Oscars. Another 5 wins & 2 nominations.,https://images-na.ssl-images-amazon.com/images/M/MV5BYThjM2MwZGMtMzg3Ny00NGRkLWE4M2EtYTBiNWMzOTY0YTI4XkEyXkFqcGdeQXVyNDYyMDk5MTU@._V1_SX300.jpg,Internet Movie Database,8.2/10,90,8.3,"1,051,143",ID-100,movie,,,,,,,,,,,http://www.rottentomatoes.com/m/rope/,24 Feb 1998,,Turner Entertainment,http://www.batmanbegins.com/,True
94,Gladiator,2009,PASSED,25 Feb 1936,146 min,"Adventure, Comedy, Fantasy",Tomm Moore,"Jake LaMotta (based on the book by), Joseph Carter (with), Peter Savage (with), Paul Schrader (screenplay), Mardik Martin (screenplay)","Richard Gere, Joan Allen, Cary-Hiroyuki Tagawa, Sarah Roemer",A woman is asked to spy on a group of Nazi friends in South America. How far will she have to go to ingratiate herself with them?,"English, Russian","USA, UK",4 wins & 17 nominations.,https://images-na.ssl-images-amazon.com/images/M/MV5BZWFlYmY2MGEtZjVkYS00YzU4LTg0YjQtYzY1ZGE3NTA5NGQxXkEyXkFqcGdeQXVyMTQxNzMzNDI@._V1_SX300.jpg,Internet Movie Database,8.0/10,,8.2,"937,837",ID-101,movie,,,,,,,,,,,http://www.rottentomatoes.com/m/dial_m_for_murder/,11 Dec 2001,,United Artists,,True
26,The Lord of the Rings: The Return of the King,2017,PG-13,16 Mar 1963,149 min,"Action, Adventure, Fantasy","Joel Coen, Ethan Coen","Michael Crichton (novel), Michael Crichton (screenplay), David Koepp (screenplay)","Humphrey Bogart, Mary Astor, Gladys George, Peter Lorre","An aging group of outlaws look for one last big score as the ""traditional"" American West is disappearing around them.",English,USA,Nominated for 1 Oscar. Another 23 wins & 32 nominations.,https://images-na.ssl-images-amazon.com/images/M/MV5BMDQ2YzEyZGItYWRhOS00MjBmLTkzMDUtMTdjYzkyMmQxZTJlXkEyXkFqcGdeQXVyNjU0OTQ0OTY@._V1_SX300.jpg,Internet Movie Database,8.3/10,100,8.6,"190,154",ID-102,movie,,,,,,,,,,,http://www.rottentomatoes.com/m/star_wars/,07 Dec 2010,"$74,223,625",Columbia Pictures,,True
65,What Ever Happened to Baby Jane?,2017,R,25 Feb 1994,114 min,"Drama, History",David Lean,Charles Chaplin,"Graham Chapman, John Cleese, Terry Gilliam, Eric Idle",An ingenue insinuates herself into the company of an established but aging stage actress and her circle of theater friends.,"English, French",USA,Nominated for 1 Oscar. Another 7 wins & 7 nominations.,https://images-na.ssl-images-amazon.com/images/M/MV5BN2Y2OWU4MWMtNmIyMy00YzMyLWI0Y2ItMTcyZDc3MTdmZDU4XkEyXkFqcGdeQXVyMTQxNzMzNDI@._V1_SX300.jpg,Internet Movie Database,8.0/10,72,8.3,"1,592,306",ID-103,movie,,,,,,,,,,,http://www.rottentomatoes.com/m/wall_e/,29 Jan 2002,"$264,317,903",Warner Bros. Pictures,,True
199,Mad Max: Fury Road,1956,R,25 Dec 2016,125 min,"Action, Sci-Fi","Stanley Donen, Gene Kelly","Lilly Wachowski, Lana Wachowski","Bob Geldof, Christine Hargreaves, James Laurenson, Eleanor David",A group of intergalactic criminals are forced to work together to stop a fanatical warrior from taking control of the universe.,English,USA,Nominated for 1 Oscar. Another 10 wins & 35 nominations.,https://images-na.ssl-images-amazon.com/images/M/MV5BMjA3NjkzNjg2MF5BMl5BanBnXkFtZTgwMDkyMzgzMDI@._V1_SX300.jpg,Internet Movie Database,8.1/10,,8.0,"519,405",ID-104,movie,,,,,,,,,,,http://www.rottentomatoes.com/m/godfather_part_ii/,12 Apr 2005,,Universal Pictures,,True
44,Good Will Hunting,1998,APPROVED,15 Jan 1951,216 min,"Adventure, Drama, Thriller",Gus Van Sant,"Erich Maria Remarque (by), Maxwell Anderson (adaptation), George Abbott (screen play), Del Andrews (adaptation), C. Gardner Sullivan (supervising story chief)","Ethan Hawke, Julie Delpy, Andrea Eckert, Hanno Pöschl","In the distant future, a small waste-collecting robot inadvertently embarks on a space journey that will ultimately decide the fate of mankind.","English, French, Arabic, Russian, Spanish",USA,Nominated for 1 Oscar. Another 9 wins & 29 nominations.,https://images-na.ssl-images-amazon.com/images/M/MV5BNWE4OTNiM2ItMjY4Ni00ZTViLWFiZmEtZGEyNGY2ZmNlMzIyXkEyXkFqcGdeQXVyMDU5NDcxNw@@._V1_SX300.jpg,Internet Movie Database,8.0/10,99,8.4,"1,057,411",ID-105,movie,,,,,,,,,,,http://www.rottentomatoes.com/m/night_of_the_hunter/,27 Jan 1998,,MGM/UA Classics,http://www.lordoftherings.net/,True
69,Star Wars: Episode IV - A New Hope,1971,PG-13,01 Dec 1947,93 min,"Crime, Drama, Thriller",Lasse Hallström,"Ron Clements (screenplay), John Musker (screenplay), Ted Elliott (screenplay), Terry Rossio (screenplay), Burny Mattinson (story), Roger Allers (story), Daan Jippes (story), Kevin Harkey (story), Sue C. Nichols (story), Francis Glebas (story), Darrell Rooney (story), Larry Leker (story), James Fujii (story), Kirk Hanson (story), Kevin Lima (story), Rebecca Rees (story), David S. Smith (story), Chris Sanders (story), Brian Pimental (story), Patrick A. Ventura (story)","Charles Chaplin, Mack Swain, Tom Murray, Henry Bergman",The Bride wakens from a four-year coma. The child she carried in her womb is gone. Now she must wreak vengeance on the team of assassins who betrayed her - a team she was once part of.,"English, German, Italian, French, Spanish",USA,Nominated for 4 Oscars. Another 21 wins & 15 nominations.,https://images-na.ssl-images-amazon.com/images/M/MV5BMzU5MjEwMTg2Nl5BMl5BanBnXkFtZTcwNzM3MTYxNA@@._V1_SX300.jpg,Internet Movie Database,8.9/10,61,8.3,"83,393",ID-106,movie,,,,,,,,,,,http://www.rottentomatoes.com/m/guardians_of_the_galaxy_vol_2/,03 Nov 2015,"$138,300,000",Warner Bros.,http://www.disney.com/ToyStory,True
168,The General,1997,PG-13,26 Dec 1973,112 min,"Drama, Family, Fantasy",Billy Wilder,Paul Schrader,"Jessica Alba, Devon Aoki, Alexis Bledel, Powers Boothe",A screenwriter is hired to rework a faded silent film star's script only to find himself developing a dangerous relationship.,English,USA,Won 1 Oscar. Another 3 wins & 9 nominations.,https://images-na.ssl-images-amazon.com/images/M/MV5BNjNhZTk0ZmEtNjJhMi00YzFlLWE1MmEtYzM1M2ZmMGMwMTU4XkEyXkFqcGdeQXVyNjU0OTQ0OTY@._V1_SX300.jpg,Internet Movie Database,8.1/10,,8.1,"37,689",ID-107,movie,,,,,,,,,,,http://www.rottentomatoes.com/m/slumdog_millionaire/,24 Feb 1998,,WARNER BROTHERS PICTURES,http://www.sincitythemovie.com/,True
67,Toy Story,2006,APPROVED,22 Jun 1966,90 min,"Crime, Drama, Thriller","Ethan Coen, Joel Coen","Nicholas Pileggi (book), Nicholas Pileggi (screenplay), Martin Scorsese (screenplay)","Guy Pearce, Carrie-Anne Moss, Joe Pantoliano, Mark Boone Junior","Fred Dobbs and Bob Curtin, two Americans searching for work in Mexico, convince an old prospector to help them mine for gold in the Sierra Madre Mountains.","English, French","UK, India, USA",8 wins & 62 nominations.,https://images-na.ssl-images-amazon.com/images/M/MV5BMTEwNjg2MjM2ODFeQTJeQWpwZ15BbWU4MDQ1MDU5OTEx._V1_SX300.jpg,Internet Movie Database,8.2/10,71,8.3,"1,427,451",ID-108,movie,,,,,,,,,,,http://www.rottentomatoes.com/m/inside_out_2015/,31 Mar 1998,,Paramount Pictures,http://starwars.com/,True
132,Star Wars: The Force Awakens,1988,PG-13,21 Aug 2009,85 min,"Crime, Drama",Sam Mendes,Oliver Stone (screenplay),"Daniel Day-Lewis, Martin Stringer, Matthew Braden Stringer, Jacob Stringer",A New Orleans DA discovers there's more to the Kennedy assassination than the official story.,English,"Australia, USA",Nominated for 7 Oscars. Another 2 wins & 2 nominations.,https://images-na.ssl-images-amazon.com/images/M/MV5BMDVjNjIwOGItNDE3Ny00OThjLWE0NzQtZTU3YjMzZTZjMzhkXkEyXkFqcGdeQXVyMTQxNzMzNDI@._V1_SX300.jpg,Internet Movie Database,8.1/10,65,8.1,"592,039",ID-109,movie,,,,,,,,,,,http://www.rottentomatoes.com/m/1000013-12_angry_men/,10 May 2010,,Open Road Films,http://www.foxsearchlight.com/slumdogmillionaire/,True
136,Butch Cassidy and the Sundance Kid,1957,G,02 Sep 1953,98 min,"Adventure, Drama, History",Stanley Kubrick,Charles Chaplin,"Leonardo DiCaprio, Tom Hardy, Domhnall Gleeson, Will Poulter","A cyborg, identical to the one who failed to kill Sarah Connor, must now protect her ten year old son, John Connor, from a more advanced cyborg.","English, Danish","Australia, USA",Won 2 Oscars. Another 79 wins & 59 nominations.,https://images-na.ssl-images-amazon.com/images/M/MV5BNjhjODI2NTItMGE1ZS00NThiLWE1MmYtOWE3YzcyNzY1MTJlXkEyXkFqcGdeQXVyNTc1NTQxODI@._V1_SX300.jpg,Internet Movie Database,8.1/10,68,8.2,"685,825",ID-110,movie,,,,,,,,,,,http://www.rottentomatoes.com/m/vertigo/,28 Apr 1998,,Universal Films,http://www.FathomEvents.com,True
56,The Third Man,2017,R,12 Jun 1981,118 min,"Adventure, Family, Fantasy",Giuseppe Tornatore,"William Monahan (screenplay), Alan Mak, Felix Chong","Celia Johnson, Trevor Howard, Stanley Holloway, Joyce Carey","The adventures of Gustave H, a legendary concierge at a famous hotel from the fictional Republic of Zubrowka between the first and second World Wars, and Zero Moustafa, the lobby boy who becomes his most trusted friend.","English, Spanish",USA,Nominated for 2 Oscars. Another 5 wins & 36 nominations.,https://images-na.ssl-images-amazon.com/images/M/MV5BMjdjMGU3MGYtN2Y5ZC00MTE4LWE4YWQtMTBhMjc3MTk0ZDUwXkEyXkFqcGdeQXVyNjU0OTQ0OTY@._V1_SX300.jpg,Internet Movie Database,8.2/10,74,8.5,"64,044",ID-111,movie,,,,,,,,,,,http://www.rottentomatoes.com/m/benhur/,10 May 2010,,Columbia Pictures,,True
221,Once Upon a Time in America,2001,APPROVED,20 Nov 1998,94 min,Drama,Roman Polanski,"Wendell Mayes (screenplay), John D. Voelker (based on the novel by)","Johnny Depp, Geoffrey Rush, Orlando Bloom, Keira Knightley",A college professor's bond with the abandoned dog he takes into his home.,English,USA,Won 6 Oscars. Another 50 wins & 28 nominations.,https://images-na.ssl-images-amazon.com/images/M/MV5BMTQ1MjAwNTM5Ml5BMl5BanBnXkFtZTYwNDM0MTc3._V1_SX300.jpg,Internet Movie Database,8.0/10,85,8.0,"1,427,451",ID-112,movie,,,,,,,,,,,http://www.rottentomatoes.com/m/deadpool/,17 Jun 2014,,Universal Pictures,http://starwars.com/,True
12,His Girl Friday,1942,G,15 Jan 1951,119 min,Drama,Clint Eastwood,"Charles Leavitt (screenplay), Charles Leavitt (story), C. Gaby Mitchell (story)","Bette Davis, Joan Crawford, Victor Buono, Wesley Addy","A Phoenix secretary embezzles $40,000 from her employer's client, goes on the run, and checks into a remote motel run by a young man under the domination of his mother.",English,USA,1 win & 1 nomination.,https://images-na.ssl-images-amazon.com/images/M/MV5BYTYxNGMyZTYtMjE3MS00MzNjLWFjNmYtMDk3N2FmM2JiM2M1XkEyXkFqcGdeQXVyNjY5NDU4NzI@._V1_SX300.jpg,Internet Movie Database,8.6/10,87,8.8,"56,783",ID-113,movie,,,,,,,,,,,http://www.rottentomatoes.com/m/interstellar_2014/,21 Sep 2004,,MGM,http://www.foxsearchlight.com/12yearsaslave/,True
130,Warrior,2004,R,04 Mar 2016,143 min,"Drama, Romance, Sci-Fi",Elia Kazan,"Francis Ford Coppola (screenplay), Mario Puzo (screenplay), Mario Puzo (novel)","Nicole Kidman, Harriet Andersson, Lauren Bacall, Jean-Marc Barr",An ingenue insinuates herself into the company of an established but aging stage actress and her circle of theater friends.,English,"UK, USA",Won 3 Oscars. Another 16 wins & 21 nominations.,https://images-na.ssl-images-amazon.com/images/M/MV5BNjdjNGQ4NDEtNTEwYS00MTgxLTliYzQtYzE2ZDRiZjFhZmNlXkEyXkFqcGdeQXVyNjU0OTQ0OTY@._V1_SX300.jpg,Internet Movie Database,8.0/10,76,8.2,"36,009",ID-114,movie,,,,,,,,,,,http://www.rottentomatoes.com/m/psycho/,30 Nov 1999,,Warner Bros.,http://www.indianajones.com/,True
1,Gandhi,2014,PG-13,18 Jul 1986,184 min,"Comedy, Crime, Drama",Howard Hawks,"Graham Chapman, John Cleese, Terry Gilliam, Eric Idle, Terry Jones, Michael Palin","Dustin Hoffman, Tom Cruise, Valeria Golino, Gerald R. Molen","In 1954, a U.S. marshal investigates the disappearance of a murderess who escaped from a hospital for the criminally insane.",English,USA,Won 2 BAFTA Film Awards. Another 1 win & 1 nomination.,https://images-na.ssl-images-amazon.com/images/M/MV5BMTkxMTA5OTAzMl5BMl5BanBnXkFtZTgwNjA5MDc3NjE@._V1_SX300.jpg,Internet Movie Database,8.1/10,80,8.9,"251,296",ID-115,movie,,,,,,,,,,,http://www.rottentomatoes.com/m/annie_hall/,06 Sep 2005,,United Artists,http://Disney.com/UP,True
59,Whiplash,1932,R,19 Dec 2001,195 min,"Biography, Drama, History",William Wyler,"Harry Grey (novel), Leonardo Benvenuti (screenplay), Piero De Bernardi (screenplay), Enrico Medioli (screenplay), Franco Arcalli (screenplay), Franco Ferrini (screenplay), Sergio Leone (screenplay), Stuart Kaminsky (additional dialogue)","Malcolm McDowell, Patrick Magee, Michael Bates, Warren Clarke",An insane general triggers a path to nuclear holocaust that a war room full of politicians and generals frantically try to stop.,"English, Italian",USA,Nominated for 4 Oscars. Another 6 wins & 2 nominations.,https://images-na.ssl-images-amazon.com/images/M/MV5BOWQ0MjRmZmUtY2Q2Yi00ODcxLWE4NGMtMTNjMDY1YmUzMjVkXkEyXkFqcGdeQXVyNjc1NTYyMjg@._V1_SX300.jpg,Internet Movie Database,8.2/10,96,8.4,"408,671",ID-116,movie,,,,,,,,,,,http://www.rottentomatoes.com/m/before_sunrise/,20 Mar 2007,,MGM/UA Classics,http://theimitationgamemovie.com/,True
121,Trainspotting,1958,PASSED,20 Nov 1998,126 min,"Drama, Romance, War",J.J. Abrams,"Frances Goodrich (screenplay), Albert Hackett (screenplay), Frank Capra (screenplay), Jo Swerling (additional scenes), Philip Van Doren Stern (story)","Rowan Atkinson, Matthew Broderick, Niketa Calame, Jim Cummings",A man robs a bank to pay for his lover's operation; it turns into a hostage situation and a media circus.,English,USA,Nominated for 1 Oscar. Another 4 wins & 11 nominations.,https://images-na.ssl-images-amazon.com/images/M/MV5BMzcwYWFkYzktZjAzNC00OGY1LWI4YTgtNzc5MzVjMDVmNjY0XkEyXkFqcGdeQXVyMTQxNzMzNDI@._V1_SX300.jpg,Internet Movie Database,8.5/10,,8.2,"36,301",ID-117,movie,,,,,,,,,,,http://www.rottentomatoes.com/m/double_indemnity/,13 Sep 2005,,Artisan Entertainment,,True
95,The Lord of the Rings: The Return of the King,1994,R,23 Sep 1944,129 min,"Comedy, Drama, Romance",Martin Scorsese,"Christopher Nolan (screenplay), Jonathan Nolan (short story ""Memento Mori"")","Thomas Mitchell, Barbara O'Neil, Vivien Leigh, Evelyn Keyes",A frustrated son tries to determine the fact from fiction in his dying father's life.,English,USA,Won 1 Oscar. Another 60 wins & 68 nominations.,https://images-na.ssl-images-amazon.com/images/M/MV5BNGYyZGM5MGMtYTY2Ni00M2Y1LWIzNjQtYWUzM2VlNGVhMDNhXkEyXkFqcGdeQXVyMTMxODk2OTU@._V1_SX300.jpg,Internet Movie Database,8.1/10,99,8.2,"65,649",ID-118,movie,,,,,,,,,,,http://www.rottentomatoes.com/m/guardians_of_the_galaxy_vol_2/,29 Jun 1999,,United Artists,http://milliondollarbabymovie.warnerbros.com/,True
99,The Thing,1975,PG-13,08 Nov 2013,92 min,"Drama, Film-Noir",Henry Selick,"Keir Pearson, Terry George","Ryan O'Neal, Marisa Berenson, Patrick Magee, Hardy Krüger",A sexually frustrated suburban father has a mid-life crisis after becoming infatuated with his daughter's best friend.,English,"Hong Kong, Taiwan, USA",Won 2 Oscars. Another 14 wins & 15 nominations.,https://images-na.ssl-images-amazon.com/images/M/MV5BNzc5N2ZjNWMtNWVkZi00MzYyLTkxNjYtMzc0NjE0MDFjNGQ0XkEyXkFqcGdeQXVyNjc1NTYyMjg@._V1_SX300.jpg,Internet Movie Database,8.2/10,87,8.2,"618,232",ID-119,movie,,,,,,,,,,,http://www.rottentomatoes.com/m/pianist/,19 Sep 1995,,Embassy Pictures/Rialto Pictures,http://www.disney.com/ToyStory,True
150,The Wild Bunch,2008,R,05 Sep 1941,87 min,"Drama, History, Romance",Franklin J. Schaffner,Guy Ritchie,"Kevin Spacey, Annette Bening, Thora Birch, Wes Bentley",An insane general triggers a path to nuclear holocaust that a war room full of politicians and generals frantically try to stop.,English,"UK, USA",Won 2 Oscars. Another 79 wins & 59 nominations.,https://images-na.ssl-images-amazon.com/images/M/MV5BYTE4ODEwZDUtNDFjOC00NjAxLWEzYTQtYTI1NGVmZmFlNjdiL2ltYWdlL2ltYWdlXkEyXkFqcGdeQXVyNjc1NTYyMjg@._V1_SX300.jpg,Internet Movie Database,8.5/10,57,8.1,"1,057,411",ID-120,movie,,,,,,,,,,,http://www.rottentomatoes.com/m/graduate/,28 Apr 1998,,Warner Bros. Pictures,http://www.thepianistmovie.com/,True
118,Heat,1975,APPROVED,03 Oct 2014,170 min,"Crime, Drama",Charles Chaplin,"Pete Docter (original story by), Ronnie Del Carmen (original story by), Pete Docter (screenplay), Meg LeFauve (screenplay), Josh Cooley (screenplay), Michael Arndt (additional story material by), Bill Hader (additional dialogue by), Amy Poehler (additional dialogue by), Simon Rich (additional story material by)","Mark Hamill, Harrison Ford, Carrie Fisher, Billy Dee Williams","The youngest son of an alcoholic former boxer returns home, where he's trained by his father for competition in a mixed martial arts tournament - a path that puts the fighter on a collision course with his estranged, older brother.",English,"France, USA",Won 2 Oscars. Another 7 wins & 14 nominations.,https://images-na.ssl-images-amazon.com/images/M/MV5BZmU0M2Y1OGUtZjIxNi00ZjBkLTg1MjgtOWIyNThiZWIwYjRiXkEyXkFqcGdeQXVyMTQxNzMzNDI@._V1_SX300.jpg,Internet Movie Database,8.1/10,64,8.2,"65,649",ID-121,movie,,,,,,,,,,,http://www.rottentomatoes.com/m/witness_for_the_prosecution/,20 Dec 2011,,MGM,http://disney.go.com/vault/archives/characters/aladdin/aladdin.html,True
151,The Lord of the Rings: The Fellowship of the Ring,1931,R,30 May 2003,137 min,"Horror, Sci-Fi",Martin Scorsese,Andrew Kevin Walker,"Al Pacino, Steven Bauer, Michelle Pfeiffer, Mary Elizabeth Mastrantonio",A bored and sheltered princess escapes her guardians and falls in love with an American newsman in Rome.,"English, Italian, Latin",USA,Nominated for 7 Oscars. Another 9 wins & 11 nominations.,https://images-na.ssl-images-amazon.com/images/M/MV5BYmY2ZGEwMTYtNjBmZS00OGE4LWEyMmUtNjAwMWUxZjVmZTRiXkEyXkFqcGdeQXVyNjU0OTQ0OTY@._V1_SX300.jpg,Internet Movie Database,8.6/10,70,8.1,"1,304,569",ID-122,movie,,,,,,,,,,,http://www.rottentomatoes.com/m/silence_of_the_lambs/,20 Nov 2001,,Sony Pictures,http://vforvendetta.warnerbros.com/,True
179,Pulp Fiction,1994,R,11 Jun 1993,93 min,"Biography, Crime, Drama","Roger Allers, Rob Minkoff","Alec Coppel (screenplay), Samuel A. Taylor (screenplay), Pierre Boileau (novel), Thomas Narcejac (novel)","Scott Weinger, Robin Williams, Linda Larkin, Jonathan Freeman",A silent film production company and cast make a difficult transition to sound.,English,"USA, France",Nominated for 4 Oscars. Another 13 wins & 6 nominations.,https://images-na.ssl-images-amazon.com/images/M/MV5BYTc1NGViOTMtNjZhNS00OGY2LWI4MmItOWQwNTY4MDMzNWI3L2ltYWdlXkEyXkFqcGdeQXVyNjc1NTYyMjg@._V1_SX300.jpg,Internet Movie Database,8.1/10,95,8.0,"67,315",ID-123,movie,,,,,,,,,,,http://www.rottentomatoes.com/m/la_confidential/,19 Apr 2016,,Warner Bros. Pictures,,True
1,Heat,1974,PG,20 Jul 2012,106 min,"Drama, Sport",John Lasseter,"William Monahan (screenplay), Alan Mak, Felix Chong","Timothy Bottoms, Jeff Bridges, Cybill Shepherd, Ben Johnson",A jury holdout attempts to prevent a miscarriage of justice by forcing his colleagues to reconsider the evidence.,"English, French",USA,Nominated for 5 Oscars. Another 38 wins & 165 nominations.,https://images-na.ssl-images-amazon.com/images/M/MV5BMjdjMGU3MGYtN2Y5ZC00MTE4LWE4YWQtMTBhMjc3MTk0ZDUwXkEyXkFqcGdeQXVyNjU0OTQ0OTY@._V1_SX300.jpg,Internet Movie Database,8.1/10,,9.0,"2,872",ID-124,movie,,,,,,,,,,,http://www.rottentomatoes.com/m/dr_strangelove/,26 Nov 2002,,Paramount Pictures,,True
155,The Prestige,1963,NOT RATED,27 Oct 1961,133 min,"Animation, Adventure, Family",Stanley Kubrick,Ben Hecht,"Charles Chaplin, Mack Swain, Tom Murray, Henry Bergman","After graduating from Emory University, top student and athlete Christopher McCandless abandons his possessions, gives his entire $24,000 savings account to charity and hitchhikes to Alaska to live in the wilderness. Along the way, Christopher encounters a series of characters that shape his life.",English,"UK, South Africa, Italy",,https://images-na.ssl-images-amazon.com/images/M/MV5BMTAwNDEyODU1MjheQTJeQWpwZ15BbWU2MDc3NDQwNw@@._V1_SX300.jpg,Internet Movie Database,8.2/10,75,8.1,"70,807",ID-125,movie,,,,,,,,,,,http://www.rottentomatoes.com/m/1209767-mary_and_max/,27 Jul 1999,,United Artists,http://www.thehelpmovie.com,True
250,Schindler's List,1939,R,08 Feb 1976,127 min,"Drama, Sci-Fi, Thriller",Ridley Scott,Richard Kelly,"Tom Skerritt, Sigourney Weaver, Veronica Cartwright, Harry Dean Stanton",A former prisoner of war is brainwashed as an unwitting assassin for an international Communist conspiracy.,English,USA,Won 2 Oscars. Another 151 wins & 153 nominations.,https://images-na.ssl-images-amazon.com/images/M/MV5BMjdjMGU3MGYtN2Y5ZC00MTE4LWE4YWQtMTBhMjc3MTk0ZDUwXkEyXkFqcGdeQXVyNjU0OTQ0OTY@._V1_SX300.jpg,Internet Movie Database,8.1/10,61,8.0,"342,023",ID-126,movie,,,,,,,,,,,http://www.rottentomatoes.com/m/last_picture_show/,07 Apr 2009,"$18,173,360",Paramount Studios,,True
237,Who's Afraid of Virginia Woolf?,1938,R,03 Dec 1976,108 min,Drama,George Miller,"George S. Kaufman (screen play), Morrie Ryskind (screen play), James Kevin McGuinness (from a story by)","Harrison Ford, Sean Connery, Denholm Elliott, Alison Doody","John McClane, officer of the NYPD, tries to save his wife Holly Gennaro and several others that were taken hostage by German terrorist Hans Gruber during a Christmas party at the Nakatomi Plaza in Los Angeles.","English, German",USA,Won 6 Oscars. Another 231 wins & 208 nominations.,https://images-na.ssl-images-amazon.com/images/M/MV5BMjQ1NjM3MTUxNV5BMl5BanBnXkFtZTgwMDc5MTY5OTE@._V1_SX300.jpg,Internet Movie Database,8.3/10,68,8.0,"52,602",ID-127,movie,,,,,,,,,,,http://www.rottentomatoes.com/m/deer_hunter/,05 Jun 2001,,DreamWorks SKG,,True
5,V for Vendetta,1945,APPROVED,19 Sep 1984,113 min,Drama,Stanley Kubrick,"Bob Kane (characters), David S. Goyer (story), Christopher Nolan (screenplay), David S. Goyer (screenplay)","Rowan Atkinson, Matthew Broderick, Niketa Calame, Jim Cummings",A young boy is raised within the confines of a small shed.,English,"USA, UK",Nominated for 2 Oscars. Another 5 wins & 6 nominations.,https://images-na.ssl-images-amazon.com/images/M/MV5BMjA0ODEzMTc1Nl5BMl5BanBnXkFtZTcwODM2MjAxNA@@._V1_SX300.jpg,Internet Movie Database,8.2/10,89,8.7,"24,842",ID-128,movie,,,,,,,,,,,http://www.rottentomatoes.com/m/the_amazing_spider_man_3/,01 Jul 1998,"$414,984,497",Buena Vista,,True
92,The Sting,1986,PG,14 Apr 1959,116 min,"Crime, Drama, Thriller","Victor Fleming, George Cukor, Mervyn LeRoy, Norman Taurog, King Vidor","Betty Comden (story by), Adolph Green (story by)","Tom Hanks, Tom Sizemore, Edward Burns, Barry Pepper","When a street urchin vies for the love of a beautiful princess, he uses a genie's magic power to make himself off as a prince in order to marry her.",English,USA,Nominated for 3 Oscars. Another 8 wins & 4 nominations.,https://images-na.ssl-images-amazon.com/images/M/MV5BNjNhZTk0ZmEtNjJhMi00YzFlLWE1MmEtYzM1M2ZmMGMwMTU4XkEyXkFqcGdeQXVyNjU0OTQ0OTY@._V1_SX300.jpg,Internet Movie Database,8.1/10,,8.2,"220,459",ID-129,movie,,,,,,,,,,,http://www.rottentomatoes.com/m/the-third-man/,28 Mar 2000,,Sony Pictures,,True
71,The Philadelphia Story,1999,NOT RATED,09 Dec 1983,103 min,"Drama, History, Thriller","Pete Docter, Bob Peterson","Billy Wilder (screenplay), I.A.L. Diamond (screenplay), Robert Thoeren (suggested by a story by), Michael Logan (suggested by a story by)","John Dall, Farley Granger, Edith Evanson, Douglas Dick",An Irish rogue wins the heart of a rich widow and assumes her dead husband's aristocratic position in 18th-century England.,"English, French","Australia, USA",Won 1 Oscar. Another 1 win & 5 nominations.,https://images-na.ssl-images-amazon.com/images/M/MV5BMDdkYzE5ODYtMmIwZi00MDgzLTk1YWEtZTcwNGRmMzAwNDMzXkEyXkFqcGdeQXVyNDQzMDg4Nzk@._V1_SX300.jpg,Internet Movie Database,8.6/10,,8.3,"55,529",ID-130,movie,,,,,,,,,,,http://www.rottentomatoes.com/m/the_lord_of_the_rings_the_return_of_the_king/,13 Mar 2001,"$364,000,000",New Line Cinema,http://www.babydriver-movie.com/,True
138,The Green Mile,1992,R,25 Jan 2008,129 min,"Adventure, Family, Fantasy",Joseph L. Mankiewicz,Charles Chaplin,"Dev Patel, Saurabh Shukla, Anil Kapoor, Raj Zutshi","A senator, who became famous for killing a notorious outlaw, returns for the funeral of an old friend and tells the truth about his deed.",English,"UK, Australia, USA",Won 2 Oscars. Another 17 wins & 25 nominations.,https://images-na.ssl-images-amazon.com/images/M/MV5BOTdiNzJlOWUtNWMwNS00NmFlLWI0YTEtZmI3YjIzZWUyY2Y3XkEyXkFqcGdeQXVyNjU0OTQ0OTY@._V1_SX300.jpg,Internet Movie Database,8.3/10,,8.0,"367,328",ID-131,movie,,,,,,,,,,,http://www.rottentomatoes.com/m/1127787-big_fish/,27 May 2003,"$380,236,369",Universal Pictures,,True
125,The Nightmare Before Christmas,2004,PG-13,16 Jul 2010,80 min,"Drama, Romance, War",Howard Hawks,"Pete Docter (original story by), Jill Culton (original story by), Jeff Pidgeon (original story by), Ralph Eggleston (original story by), Andrew Stanton (screenplay), Daniel Gerson (screenplay)","Russell Crowe, Joaquin Phoenix, Connie Nielsen, Oliver Reed","In 1954, a U.S. marshal investigates the disappearance of a murderess who escaped from a hospital for the criminally insane.",English,USA,Nominated for 1 Oscar. Another 10 wins & 35 nominations.,https://images-na.ssl-images-amazon.com/images/M/MV5BMTY4NzcwODg3Nl5BMl5BanBnXkFtZTcwNTEwOTMyMw@@._V1_SX300.jpg,Internet Movie Database,8.2/10,63,8.1,"680,986",ID-132,movie,,,,,,,,,,,http://www.rottentomatoes.com/m/pirates_of_the_caribbean_the_curse_of_the_black_pearl/,24 Aug 2004,"$227,400,000",Universal Films,http://www.thegrantorino.com/,True
6,Inglourious Basterds,1980,R,06 Jan 2017,153 min,Drama,Alfred Hitchcock,Joseph L. Mankiewicz (written for the screen by),"Alan Howard, Noel Appleby, Sean Astin, Sala Baker",A frustrated son tries to determine the fact from fiction in his dying father's life.,"English, Spanish",USA,Won 2 Oscars. Another 33 wins & 30 nominations.,https://images-na.ssl-images-amazon.com/images/M/MV5BZmI0M2VmNTgtMWVhYS00Zjg1LTk1YTYtNmJmMjRkZmMwYTc2XkEyXkFqcGdeQXVyNTA4NzY1MzY@._V1_SX300.jpg,Internet Movie Database,8.0/10,86,8.6,"517,568",ID-133,movie,,,,,,,,,,,http://www.rottentomatoes.com/m/seven/,01 Jan 1998,"$53,100,000",New Line Cinema,,True
120,The Martian,2004,R,25 Dec 2012,139 min,"Animation, Action, Adventure",John G. Avildsen,"Betty Comden (story by), Adolph Green (story by)","Jack Lemmon, Shirley MacLaine, Fred MacMurray, Ray Walston","Gandhi's character is fully explained as a man of nonviolence. Through his patience, he is able to drive the British out of the subcontinent. And the stubborn nature of Jinnah and his commitment towards Pakistan is portrayed.","English, Italian",USA,Nominated for 4 Oscars. Another 9 wins & 17 nominations.,https://images-na.ssl-images-amazon.com/images/M/MV5BMDY0NmI4ZjctN2VhZS00YzExLTkyZGItMTJhOTU5NTg4MDU4XkEyXkFqcGdeQXVyNjU0OTQ0OTY@._V1_SX300.jpg,Internet Movie Database,8.1/10,,8.2,"163,664",ID-134,movie,,,,,,,,,,,http://www.rottentomatoes.com/m/1006527-elephant_man/,13 Jan 2015,,20th Century Fox,,True
152,The Maltese Falcon,1990,PG-13,15 Jul 2011,119 min,"Adventure, Sci-Fi",Martin Scorsese,"Stephen P. Lindsey (screenplay), Kaneto Shindô (motion picture ""Hachiko monogatari"")","Joel Edgerton, Tom Hardy, Nick Nolte, Jennifer Morrison","When a teenage girl is possessed by a mysterious entity, her mother seeks the help of two priests to save her daughter.",English,"USA, Canada",Nominated for 2 Oscars. Another 3 wins & 1 nomination.,https://images-na.ssl-images-amazon.com/images/M/MV5BNjNhZTk0ZmEtNjJhMi00YzFlLWE1MmEtYzM1M2ZmMGMwMTU4XkEyXkFqcGdeQXVyNjU0OTQ0OTY@._V1_SX300.jpg,Internet Movie Database,8.3/10,76,8.1,"220,459",ID-135,movie,,,,,,,,,,,http://www.rottentomatoes.com/m/the_grand_budapest_hotel/,19 May 1998,"$226,252,579",Paramount Pictures,http://thedarkknight.warnerbros.com/,True
89,The Imitation Game,1977,PG-13,20 Jun 1975,106 min,"Adventure, Drama, War",David Lean,"Pete Docter (original story by), Ronnie Del Carmen (original story by), Pete Docter (screenplay), Meg LeFauve (screenplay), Josh Cooley (screenplay), Michael Arndt (additional story material by), Bill Hader (additional dialogue by), Amy Poehler (additional dialogue by), Simon Rich (additional story material by)","Jamie Foxx, Christoph Waltz, Leonardo DiCaprio, Kerry Washington","Rocky Balboa, a small-time boxer, gets a supremely rare chance to fight heavy-weight champion Apollo Creed in a bout in which he strives to go the distance for his self-respect.",English,USA,Nominated for 2 Oscars. Another 50 wins & 96 nominations.,https://images-na.ssl-images-amazon.com/images/M/MV5BMDdkYzE5ODYtMmIwZi00MDgzLTk1YWEtZTcwNGRmMzAwNDMzXkEyXkFqcGdeQXVyNDQzMDg4Nzk@._V1_SX300.jpg,Internet Movie Database,8.5/10,76,8.2,"177,901",ID-136,movie,,,,,,,,,,,http://www.rottentomatoes.com/m/paths_of_glory/,06 May 2003,,Touchstone Pictures,,True
206,Short Term 12,1979,APPROVED,27 Nov 1976,93 min,"Biography, Drama",Jonathan Demme,"Charles R. Jackson (from the novel by), Charles Brackett (screen play), Billy Wilder (screen play)","Tom Hanks, Tim Allen, Joan Cusack, Ned Beatty","Brick, an alcoholic ex-football player, drinks his days away and resists the affections of his wife, Maggie. His reunion with his father, Big Daddy, who is dying of cancer, jogs a host of memories and revelations for both father and son.",English,USA,Nominated for 1 Oscar. Another 9 wins & 29 nominations.,https://images-na.ssl-images-amazon.com/images/M/MV5BMDE5ZjAwY2YtOWM5Yi00ZWNlLWE5ODQtYjA4NzA1NGFkZDU5XkEyXkFqcGdeQXVyNjc1NTYyMjg@._V1_SX300.jpg,Internet Movie Database,8.1/10,62,8.0,"208,523",ID-137,movie,,,,,,,,,,,http://www.rottentomatoes.com/m/platoon/,29 Jun 1999,,Warner Bros. Pictures,,True
47,The Sting,1955,R,12 Jul 1973,145 min,Drama,Ridley Scott,"Graham Chapman, John Cleese, Eric Idle, Terry Gilliam, Terry Jones, Michael Palin","Kirk Douglas, Ralph Meeker, Adolphe Menjou, George Macready","In Chicago in September 1936, a young con man seeking revenge for his murdered partner teams up with a master of the big con to win a fortune from a criminal banker.",English,USA,Nominated for 1 Oscar. Another 11 wins & 21 nominations.,https://images-na.ssl-images-amazon.com/images/M/MV5BMjExMTEzODkyN15BMl5BanBnXkFtZTcwNTU4NTc4OQ@@._V1_SX300.jpg,Internet Movie Database,8.2/10,,8.5,"644,281",ID-138,movie,,,,,,,,,,,http://www.rottentomatoes.com/m/1194522-how_to_train_your_dragon/,15 May 2001,,Newmarket Film Group,http://milliondollarbabymovie.warnerbros.com/,True
129,Deadpool,1972,PG,07 Jul 2017,149 min,"Adventure, Drama, Thriller",Rob Reiner,"Alessandro Baricco (monologue Novecento), Giuseppe Tornatore","Bill Murray, Andie MacDowell, Chris Elliott, Stephen Tobolowsky",A pragmatic U.S. Marine observes the dehumanizing effects the Vietnam War has on his fellow recruits from their brutal boot camp training to the bloody street fighting in Hue.,"English, Spanish",USA,Nominated for 4 Oscars. Another 21 wins & 15 nominations.,https://images-na.ssl-images-amazon.com/images/M/MV5BNGNiNmU2YTMtZmU4OS00MjM0LTlmYWUtMjVlYjAzYjE2N2RjXkEyXkFqcGdeQXVyNDk3NzU2MTQ@._V1_SX300.jpg,Internet Movie Database,8.2/10,89,8.2,"1,059,523",ID-139,movie,,,,,,,,,,,http://www.rottentomatoes.com/m/wall_e/,24 Mar 1998,,20th Century Fox,http://www.FathomEvents.com,True
121,Die Hard,1958,R,19 Sep 1997,97 min,"Action, Drama, Western",J.J. Abrams,"Charlie Kaufman (story), Michel Gondry (story), Pierre Bismuth (story), Charlie Kaufman (screenplay)","Hugh Jackman, Jake Gyllenhaal, Viola Davis, Maria Bello",A young soldier faces profound disillusionment in the soul-destroying horror of World War I.,"English, French, Latin, Scottish Gaelic","UK, USA",Nominated for 7 Oscars. Another 19 wins & 30 nominations.,https://images-na.ssl-images-amazon.com/images/M/MV5BODM3YWY4NmQtN2Y3Ni00OTg0LWFhZGQtZWE3ZWY4MTJlOWU4XkEyXkFqcGdeQXVyNjU0OTQ0OTY@._V1_SX300.jpg,Internet Movie Database,8.0/10,,8.2,"685,825",ID-140,movie,,,,,,,,,,,http://www.rottentomatoes.com/m/whiplash_2014/,23 Oct 2001,,The Weinstein Company,http://www.foxmovies.com/movies/the-revenant,True
83,Heat,1946,UNRATED,04 Mar 2016,99 min,"Crime, Drama","Joel Coen, Ethan Coen","Charles Lederer (screen play), Ben Hecht (from the play ""The Front Page""), Charles MacArthur (from the play ""The Front Page"")","Henry Fonda, Jane Darwell, John Carradine, Charley Grapewin","Humanity finds a mysterious, obviously artificial object buried beneath the Lunar surface and, with the intelligent computer H.A.L. 9000, sets off on a quest.","English, German, Greek, Arabic",USA,11 wins & 15 nominations.,https://images-na.ssl-images-amazon.com/images/M/MV5BMjM4NTI5NzYyNV5BMl5BanBnXkFtZTgwNTkxNTYxMTE@._V1_SX300.jpg,Internet Movie Database,8.5/10,70,8.2,"226,372",ID-141,movie,,,,,,,,,,,http://www.rottentomatoes.com/m/whos_afraid_of_virginia_woolf/,01 Jan 1998,"$23,472,900",Universal Pictures,,True
216,Good Will Hunting,1963,R,16 Mar 1963,108 min,"Drama, Film-Noir",Bob Clark,"Emma Donoghue (screenplay), Emma Donoghue (novel)","Robert De Niro, Cathy Moriarty, Joe Pesci, Frank Vincent","In 1954, a U.S. marshal investigates the disappearance of a murderess who escaped from a hospital for the criminally insane.",English,USA,Nominated for 1 Golden Globe. Another 16 wins & 9 nominations.,https://images-na.ssl-images-amazon.com/images/M/MV5BN2EyZjM3NzUtNWUzMi00MTgxLWI0NTctMzY4M2VlOTdjZWRiXkEyXkFqcGdeQXVyNDUzOTQ5MjY@._V1_SX300.jpg,Internet Movie Database,8.1/10,80,8.0,"36,009",ID-142,movie,,,,,,,,,,,http://www.rottentomatoes.com/m/1001115-apartment/,27 May 2003,,Liongate Films,http://www.thehelpmovie.com,True
73,Into the Wild,1988,R,25 Feb 1994,129 min,"Crime, Drama, Mystery",Paul Greengrass,"Stefan Zweig (inspired by the writings of), Wes Anderson (screenplay), Wes Anderson (story), Hugo Guinness (story)","Humphrey Bogart, Lauren Bacall, John Ridgely, Martha Vickers",An insurance representative lets himself be talked into a murder/insurance fraud scheme that arouses an insurance investigator's suspicions.,English,UK,Won 2 Oscars. Another 3 wins & 5 nominations.,https://images-na.ssl-images-amazon.com/images/M/MV5BNjMxZWIyYzQtNjYzNy00NTk1LTg3ZDEtZDRmZmMxYmY4YmVjXkEyXkFqcGdeQXVyNjU0OTQ0OTY@._V1_SX300.jpg,Internet Movie Database,8.1/10,,8.3,"589,975",ID-143,movie,,,,,,,,,,,http://www.rottentomatoes.com/m/reservoir_dogs/,,,New Line Cinema,,True
119,Gladiator,1984,R,02 Sep 1953,117 min,"Animation, Adventure, Drama",William Wyler,"Lilly Wachowski, Lana Wachowski","Scott Weinger, Robin Williams, Linda Larkin, Jonathan Freeman","Blacksmith Will Turner teams up with eccentric pirate ""Captain"" Jack Sparrow to save his love, the governor's daughter, from Jack's former pirate allies, who are now undead.","English, French",USA,Won 2 Oscars. Another 16 wins & 22 nominations.,https://images-na.ssl-images-amazon.com/images/M/MV5BMTI2MzQyNTc1M15BMl5BanBnXkFtZTYwMjExNjc3._V1_SX300.jpg,Internet Movie Database,8.1/10,72,8.2,"580,090",ID-144,movie,,,,,,,,,,,http://www.rottentomatoes.com/m/the_wizard_of_oz_1939/,28 Dec 1999,,Paramount Pictures,,True
126,Life of Brian,1923,PG,15 Jun 2005,125 min,"Adventure, Biography, Drama",Orson Welles,"Richard Brooks (screenplay), James Poe (screenplay), Tennessee Williams (play)","Hugh Jackman, Christian Bale, Michael Caine, Piper Perabo",The Tramp struggles to live in modern industrial society with the help of a young homeless woman.,English,USA,Nominated for 2 Oscars. Another 50 wins & 96 nominations.,https://images-na.ssl-images-amazon.com/images/M/MV5BZDVhMTk1NjUtYjc0OS00OTE1LTk1NTYtYWMzMDI5OTlmYzU2XkEyXkFqcGdeQXVyNjc1NTYyMjg@._V1_SX300.jpg,Internet Movie Database,8.0/10,87,8.2,"1,304,569",ID-145,movie,,,,,,,,,,,http://www.rottentomatoes.com/m/the_wizard_of_oz_1939/,06 Apr 2004,"$5,600,000",United Artists,http://www.foxhome.com/diehardcollection/index_frames.html,True
1,Into the Wild,1991,R,11 Apr 1952,133 min,"Crime, Drama",Guy Ritchie,"Alec Coppel (screenplay), Samuel A. Taylor (screenplay), Pierre Boileau (novel), Thomas Narcejac (novel)","Ben Burtt, Elissa Knight, Jeff Garlin, Fred Willard","An American grandson of the infamous scientist, struggling to prove that he is not as insane as people believe, is invited to Transylvania, where he discovers the process that reanimates a dead body.","English, Vietnamese",USA,Won 4 Oscars. Another 26 wins & 8 nominations.,https://images-na.ssl-images-amazon.com/images/M/MV5BYTc1NGViOTMtNjZhNS00OGY2LWI4MmItOWQwNTY4MDMzNWI3L2ltYWdlXkEyXkFqcGdeQXVyNjc1NTYyMjg@._V1_SX300.jpg,Internet Movie Database,8.0/10,92,9.3,"281,651",ID-146,movie,,,,,,,,,,,http://www.rottentomatoes.com/m/eternal_sunshine_of_the_spotless_mind/,02 Nov 2004,"$3,840,702",Universal Pictures,http://warnervideo.com/gonewiththewind/,True
159,The Terminator,1999,NOT RATED,10 Oct 1980,100 min,Comedy,Lee Unkrich,"James Mangold (story by), Scott Frank (screenplay), James Mangold (screenplay), Michael Green (screenplay)","Bruce Willis, Haley Joel Osment, Toni Collette, Olivia Williams","A private detective takes on a case that involves him with three eccentric criminals, a gorgeous liar, and their quest for a priceless statuette.","English, Cantonese",USA,Won 4 Oscars. Another 19 wins & 14 nominations.,https://images-na.ssl-images-amazon.com/images/M/MV5BMzUzNDM2NzM2MV5BMl5BanBnXkFtZTgwNTM3NTg4OTE@._V1_SX300.jpg,Internet Movie Database,8.4/10,,8.1,"175,272",ID-147,movie,,,,,,,,,,,http://www.rottentomatoes.com/m/killing/,21 Nov 2000,,Hollywood/Buena Vista,,True
235,Stalag 17,1990,R,09 Jul 2003,98 min,"Drama, Romance",David Fincher,Ben Hecht,"James Stewart, Donna Reed, Lionel Barrymore, Thomas Mitchell",An insane general triggers a path to nuclear holocaust that a war room full of politicians and generals frantically try to stop.,"English, Japanese, Thai",USA,Nominated for 1 Oscar. Another 14 wins & 71 nominations.,https://images-na.ssl-images-amazon.com/images/M/MV5BMjE4NzgzNzEwMl5BMl5BanBnXkFtZTgwMTMzMDE0NjE@._V1_SX300.jpg,Internet Movie Database,8.3/10,,8.0,"960,639",ID-148,movie,,,,,,,,,,,http://www.rottentomatoes.com/m/gandhi/,17 Jun 2014,,Buena Vista Distribution Compa,,True
244,Casino,2017,NOT RATED,20 Dec 1991,116 min,"Crime, Drama, Thriller",Henry Selick,"Ron Clements (screenplay), John Musker (screenplay), Ted Elliott (screenplay), Terry Rossio (screenplay), Burny Mattinson (story), Roger Allers (story), Daan Jippes (story), Kevin Harkey (story), Sue C. Nichols (story), Francis Glebas (story), Darrell Rooney (story), Larry Leker (story), James Fujii (story), Kirk Hanson (story), Kevin Lima (story), Rebecca Rees (story), David S. Smith (story), Chris Sanders (story), Brian Pimental (story), Patrick A. Ventura (story)","Hugh Jackman, Patrick Stewart, Dafne Keen, Boyd Holbrook","After graduating from Emory University, top student and athlete Christopher McCandless abandons his possessions, gives his entire $24,000 savings account to charity and hitchhikes to Alaska to live in the wilderness. Along the way, Christopher encounters a series of characters that shape his life.",English,"UK, France, USA",Won 2 Oscars. Another 14 wins & 15 nominations.,https://images-na.ssl-images-amazon.com/images/M/MV5BMjA4NDI0MTIxNF5BMl5BanBnXkFtZTYwNTM0MzY2._V1_SX300.jpg,Internet Movie Database,8.1/10,65,8.0,"679,975",ID-149,movie,,,,,,,,,,,http://www.rottentomatoes.com/m/treasure_of_the_sierra_madre/,11 Jul 2000,,Rialto Pictures,http://www.hotelrwanda.com/,True
103,Full Metal Jacket,1997,R,19 Oct 2007,175 min,"Action, Drama, Sci-Fi",Darren Aronofsky,"Budd Schulberg (screenplay), Budd Schulberg (based upon an original story by), Malcolm Johnson (suggested by articles by)","Don Cheadle, Xolani Mali, Desmond Dube, Hakeem Kae-Kazim",A silent film production company and cast make a difficult transition to sound.,English,"USA, Germany",Won 4 Oscars. Another 16 wins & 14 nominations.,https://images-na.ssl-images-amazon.com/images/M/MV5BYWY5ZjhjNGYtZmI2Ny00ODM0LWFkNzgtZmI1YzA2N2MxMzA0XkEyXkFqcGdeQXVyNjUwNzk3NDc@._V1_SX300.jpg,Internet Movie Database,8.3/10,,8.2,"163,664",ID-150,movie,,,,,,,,,,,http://www.rottentomatoes.com/m/la_la_land/,26 Mar 1997,,Warner Bros. Pictures,http://www.gladiator-thefilm.com,True
235,Lawrence of Arabia,2017,PG-13,07 Jul 2017,85 min,Drama,Orson Welles,"Billy Wilder (written for the screen by), Edwin Blum (written for the screen by), Donald Bevan (based on the play by), Edmund Trzcinski (based on the play by)","William H. Macy, Steve Buscemi, Peter Stormare, Kristin Rudrüd","A man tries to rise in his company by letting its executives use his apartment for trysts, but complications and a romance of his own ensue.","English, Sindarin","Germany, USA",2 wins & 2 nominations.,https://images-na.ssl-images-amazon.com/images/M/MV5BMTQ0ODc4MDk4Nl5BMl5BanBnXkFtZTcwMTEzNzgzNA@@._V1_SX300.jpg,Internet Movie Database,8.3/10,57,8.0,"82,622",ID-151,movie,,,,,,,,,,,http://www.rottentomatoes.com/m/monsters_inc/,25 Jun 2002,"$3,840,702",Twentieth Century Fox Home Entertainment,,True
30,Django Unchained,1945,NOT RATED,25 Sep 1948,125 min,"Action, Adventure, Sci-Fi",Brian De Palma,Quentin Tarantino,"Jack Lemmon, Shirley MacLaine, Fred MacMurray, Ray Walston","When Dr. Henry Jones Sr. suddenly goes missing while pursuing the Holy Grail, eminent archaeologist Indiana Jones must follow in his father's footsteps to stop the Nazis from getting their hands on the Holy Grail first.","English, Italian","Ireland, UK, USA",Won 6 Oscars. Another 10 wins & 20 nominations.,https://images-na.ssl-images-amazon.com/images/M/MV5BOTVhMWQ5MDktMGE3OS00MjVlLWExZWYtMzY2MTg4ZGFiZDQ5L2ltYWdlXkEyXkFqcGdeQXVyNjU0OTQ0OTY@._V1_SX300.jpg,Internet Movie Database,8.0/10,73,8.5,"1,314,628",ID-152,movie,,,,,,,,,,,http://www.rottentomatoes.com/m/wall_e/,31 Mar 1998,,Fox Searchlight Pictures,http://www.grandbudapesthotel.com/,True
66,One Flew Over the Cuckoo's Nest,1965,R,22 Sep 1995,114 min,Drama,Damien Chazelle,"Dalton Trumbo (screenplay), Lorenzo Semple Jr. (screenplay), Henri Charrière (book)","Jay Baruchel, Gerard Butler, Craig Ferguson, America Ferrera","The story of Henry Hill and his life through the teen years into the years of mafia, covering his relationship with wife Karen Hill and his Mob partners Jimmy Conway and Tommy DeVitto in the Italian-American crime syndicate.","English, German, Italian",USA,Won 2 Oscars. Another 18 wins & 22 nominations.,https://images-na.ssl-images-amazon.com/images/M/MV5BNTI4ODQ1MzAzNV5BMl5BanBnXkFtZTgwMzU4NzMxMDE@._V1_SX300.jpg,Internet Movie Database,8.1/10,70,8.3,"636,557",ID-153,movie,,,,,,,,,,,http://www.rottentomatoes.com/m/hacksaw_ridge/,02 Dec 1997,,Dreamworks Distribution LLC,http://www.gladiator-thefilm.com,True
47,Good Will Hunting,2011,PASSED,20 Jul 2012,175 min,"Crime, Drama",Peter Bogdanovich,"John Ridley (screenplay), Solomon Northup (based on ""Twelve Years a Slave"" by)","Frank Sinatra, Laurence Harvey, Janet Leigh, Angela Lansbury",A 20-something supervising staff member of a residential treatment facility navigates the troubled waters of that world alongside her co-worker and longtime boyfriend.,English,USA,Nominated for 1 Oscar. Another 23 wins & 32 nominations.,https://images-na.ssl-images-amazon.com/images/M/MV5BNDcyZmFjY2YtN2I1OC00MzU3LWIzZGEtZDA5N2VlNDJjYWI3L2ltYWdlXkEyXkFqcGdeQXVyNTAyODkwOQ@@._V1_SX300.jpg,Internet Movie Database,8.1/10,77,8.5,"724,665",ID-154,movie,,,,,,,,,,,http://www.rottentomatoes.com/m/jurassic_park/,25 Jun 2002,"$8,616,662",Paramount Pictures,,True
11,Amadeus,2017,PG,26 Oct 2001,131 min,"Action, Adventure, Fantasy",George Lucas,"H.A.L. Craig, Tewfik El-Hakim, A.B. Jawdat El-Sahhar, A.B. Rahman El-Sharkawi, Mohammad Ali Maher","Jamie Foxx, Christoph Waltz, Leonardo DiCaprio, Kerry Washington","The lives of two mob hit men, a boxer, a gangster's wife, and a pair of diner bandits intertwine in four tales of violence and redemption.","English, French",USA,Nominated for 1 BAFTA Film Award. Another 38 wins & 101 nominations.,https://images-na.ssl-images-amazon.com/images/M/MV5BYzllMjJkODAtYjMwMi00YmNhLWFhYzAtZjZjODg5YzEwOGUwXkEyXkFqcGdeQXVyNjU0OTQ0OTY@._V1_SX300.jpg,Internet Movie Database,8.1/10,69,8.7,"843,128",ID-155,movie,,,,,,,,,,,http://www.rottentomatoes.com/m/there_will_be_blood/,14 Jan 2014,,Sony Pictures Home Entertainment,http://www.foxsearchlight.com/slumdogmillionaire/,True
250,The Wild Bunch,2016,NOT RATED,25 Dec 2014,129 min,Drama,Stanley Kubrick,"Drew Goddard (screenplay), Andy Weir (based on the novel by)","Bette Davis, Joan Crawford, Victor Buono, Wesley Addy","Peter Parker, with the help of his mentor Tony Stark, tries to balance his life as an ordinary high school student in New York City while fighting crime as his superhero alter ego Spider-Man when a new threat emerges.","English, Spanish","USA, Germany",Won 1 Oscar. Another 18 wins & 26 nominations.,https://images-na.ssl-images-amazon.com/images/M/MV5BMmExYWJjNTktNGUyZS00ODhmLTkxYzAtNWIzOGEyMGNiMmUwXkEyXkFqcGdeQXVyNjU0OTQ0OTY@._V1_SX300.jpg,Internet Movie Database,8.5/10,79,8.0,"249,067",ID-156,movie,,,,,,,,,,,http://www.rottentomatoes.com/m/legend_of_1900/,14 Dec 1999,,Fox Searchlight,,True
150,Network,1996,PG-13,23 Sep 1944,118 min,"Adventure, Drama, Sci-Fi",Billy Wilder,"Carl Foreman (screenplay), John W. Cunningham (magazine story ""The Tin Star"")","Noel Appleby, Ali Astin, Sean Astin, David Aston","Retired Old West gunslinger William Munny reluctantly takes on one last job, with the help of his old partner and a young man.",English,"USA, UK",Nominated for 5 Oscars. Another 38 wins & 165 nominations.,https://images-na.ssl-images-amazon.com/images/M/MV5BNTk4ODQ1MzgzNl5BMl5BanBnXkFtZTgwMTMyMzM4MTI@._V1_SX300.jpg,Internet Movie Database,8.0/10,78,8.1,"360,941",ID-157,movie,,,,,,,,,,,http://www.rottentomatoes.com/m/kill_bill_vol_1/,02 Dec 1997,,Miramax Films,,True
227,The Treasure of the Sierra Madre,1940,R,20 Jun 1974,110 min,"Crime, Drama",Tate Taylor,"T.E. Lawrence (writings), Robert Bolt (screenplay), Michael Wilson (screenplay)","Bruce Allpress, Sean Astin, John Bach, Sala Baker",A former child star torments her paraplegic sister in their decaying Hollywood mansion.,"English, Spanish",USA,3 wins.,https://images-na.ssl-images-amazon.com/images/M/MV5BYzllMjJkODAtYjMwMi00YmNhLWFhYzAtZjZjODg5YzEwOGUwXkEyXkFqcGdeQXVyNjU0OTQ0OTY@._V1_SX300.jpg,Internet Movie Database,8.6/10,92,8.0,"239,391",ID-158,movie,,,,,,,,,,,http://www.rottentomatoes.com/m/shining/,16 May 2000,,Warner Bros. Pictures,http://www.FathomEvents.com,True
237,Song of the Sea,1996,R,31 Mar 1999,125 min,"Drama, History","Lana Wachowski, Lilly Wachowski","Chris Marker (film La Jetée), David Webb Peoples (screenplay), Janet Peoples (screenplay)","Emile Hirsch, Marcia Gay Harden, William Hurt, Jena Malone","After training with his mentor, Batman begins his fight to free crime-ridden Gotham City from the corruption that Scarecrow and the League of Shadows have cast upon it.","English, French",USA,6 wins & 6 nominations.,https://images-na.ssl-images-amazon.com/images/M/MV5BODM3YWY4NmQtN2Y3Ni00OTg0LWFhZGQtZWE3ZWY4MTJlOWU4XkEyXkFqcGdeQXVyNjU0OTQ0OTY@._V1_SX300.jpg,Internet Movie Database,8.5/10,,8.0,"527,053",ID-159,movie,,,,,,,,,,,http://www.rottentomatoes.com/m/1008166-general/,29 Aug 2000,,Warner Bros. Pictures,http://www.thepianistmovie.com/,True
197,The Departed,2013,R,22 Jan 2016,90 min,Drama,Bob Clark,"Quentin Tarantino (stories), Roger Avary (stories), Quentin Tarantino","Tom Hanks, Tom Sizemore, Edward Burns, Barry Pepper","Harry, Ron and Hermione search for Voldemort's remaining Horcruxes in their effort to destroy the Dark Lord as the final battle rages on at Hogwarts.",English,USA,Won 7 Oscars. Another 23 wins & 7 nominations.,https://images-na.ssl-images-amazon.com/images/M/MV5BMTY3MjM1Mzc4N15BMl5BanBnXkFtZTgwODM0NzAxMDE@._V1_SX300.jpg,Internet Movie Database,8.0/10,57,8.0,"65,987",ID-160,movie,,,,,,,,,,,http://www.rottentomatoes.com/m/no_country_for_old_men/,29 Aug 2000,,DreamWorks SKG,http://www.thepianistmovie.com/,True
98,A Beautiful Mind,2009,R,20 Jul 2012,140 min,Drama,Christopher Nolan,"Richard Linklater (screenplay), Julie Delpy (screenplay), Ethan Hawke (screenplay), Richard Linklater (story), Kim Krizan (story), Richard Linklater (characters), Kim Krizan (characters)","Marlon Brando, Al Pacino, James Caan, Richard S. Castellano",Jason Bourne dodges a ruthless CIA official and his agents from a new assassination program while searching for the origins of his life as a trained killer.,English,USA,Nominated for 6 Oscars. Another 32 wins & 47 nominations.,https://images-na.ssl-images-amazon.com/images/M/MV5BNzQzOTk3OTAtNDQ0Zi00ZTVkLWI0MTEtMDllZjNkYzNjNTc4L2ltYWdlXkEyXkFqcGdeQXVyNjU0OTQ0OTY@._V1_SX300.jpg,Internet Movie Database,8.4/10,86,8.2,"190,154",ID-161,movie,,,,,,,,,,,http://www.rottentomatoes.com/m/1000642-all_quiet_on_the_western_front/,04 Sep 2001,"$148,055,047",United Artists,,True
203,The Grapes of Wrath,1984,R,02 Feb 1972,149 min,"Action, Adventure, Fantasy",David Fincher,"Lawrence Kasdan, J.J. Abrams, Michael Arndt, George Lucas (based on characters created by)","Rowan Atkinson, Matthew Broderick, Niketa Calame, Jim Cummings","Gandhi's character is fully explained as a man of nonviolence. Through his patience, he is able to drive the British out of the subcontinent. And the stubborn nature of Jinnah and his commitment towards Pakistan is portrayed.","English, German","New Zealand, USA",Nominated for 1 Oscar. Another 25 wins & 34 nominations.,https://images-na.ssl-images-amazon.com/images/M/MV5BMWM4NTFhYjctNzUyNi00NGMwLTk3NTYtMDIyNTZmMzRlYmQyXkEyXkFqcGdeQXVyMTAwMzUyOTc@._V1_SX300.jpg,Internet Movie Database,8.1/10,61,8.0,"881,549",ID-162,movie,,,,,,,,,,,http://www.rottentomatoes.com/m/jurassic_park/,15 Feb 2000,,Columbia Pictures,http://www.historyx.com,True
76,The Deer Hunter,1932,R,30 Jun 1951,86 min,"Film-Noir, Mystery",Charles Chaplin,"Francis Ford Coppola (screenplay), Mario Puzo (screenplay), Mario Puzo (novel)","Faye Dunaway, William Holden, Peter Finch, Robert Duvall","In Casablanca in December 1941, a cynical American expatriate encounters a former lover, with unforeseen complications.",English,USA,Nominated for 1 Oscar. Another 33 wins & 62 nominations.,https://images-na.ssl-images-amazon.com/images/M/MV5BOTJiNDEzOWYtMTVjOC00ZjlmLWE0NGMtZmE1OWVmZDQ2OWJhXkEyXkFqcGdeQXVyNTIzOTk5ODM@._V1_SX300.jpg,Internet Movie Database,8.1/10,,8.3,"402,281",ID-163,movie,,,,,,,,,,,http://www.rottentomatoes.com/m/la_la_land/,05 Nov 2002,"$380,529,370",The Weinstein Co.,,True
176,On the Waterfront,2017,PG,16 Jul 2010,164 min,"Drama, Western",Franklin J. Schaffner,"Larry McMurtry (screenplay), Peter Bogdanovich (screenplay), Larry McMurtry (novel)","Ryan O'Neal, Marisa Berenson, Patrick Magee, Hardy Krüger","A stark, perverse story of murder, kidnapping, and police corruption in a Mexican border town.","English, Esperanto","Italy, USA",Won 2 Oscars. Another 22 wins & 55 nominations.,https://images-na.ssl-images-amazon.com/images/M/MV5BMTg0NTIzMjQ1NV5BMl5BanBnXkFtZTcwNDc3MzM5OQ@@._V1_SX300.jpg,Internet Movie Database,8.2/10,,8.1,"724,665",ID-164,movie,,,,,,,,,,,http://www.rottentomatoes.com/m/1127787-big_fish/,11 Jul 2000,,Criterion Collection,,True
152,The Straight Story,2000,APPROVED,15 Dec 1974,116 min,"Drama, Mystery, Sci-Fi",Roman Polanski,Oliver Stone,"Kirk Douglas, Ralph Meeker, Adolphe Menjou, George Macready","When their relationship turns sour, a couple undergoes a procedure to have each other erased from their memories. But it is only through the process of loss that they discover what they had to begin with.",English,USA,Won 1 Oscar. Another 79 wins & 116 nominations.,https://images-na.ssl-images-amazon.com/images/M/MV5BYWQ0MmRiMjMtM2Y1MC00MTYwLWI4YzktOGI0MjdiNzJlZDc3L2ltYWdlL2ltYWdlXkEyXkFqcGdeQXVyNjc1NTYyMjg@._V1_SX300.jpg,Internet Movie Database,8.0/10,72,8.1,"639,101",ID-165,movie,,,,,,,,,,,http://www.rottentomatoes.com/m/american_history_x/,18 May 1999,"$141,243,551",Dimension Films,,True
200,Notorious,1934,R,19 Jun 2015,108 min,"Drama, War",Billy Wilder,"Stephen P. Lindsey (screenplay), Kaneto Shindô (motion picture ""Hachiko monogatari"")","Tom Holland, Michael Keaton, Robert Downey Jr., Marisa Tomei","The lives of two mob hit men, a boxer, a gangster's wife, and a pair of diner bandits intertwine in four tales of violence and redemption.",English,"UK, USA",Won 1 Oscar. Another 13 wins & 39 nominations.,https://images-na.ssl-images-amazon.com/images/M/MV5BNjdjNGQ4NDEtNTEwYS00MTgxLTliYzQtYzE2ZDRiZjFhZmNlXkEyXkFqcGdeQXVyNjU0OTQ0OTY@._V1_SX300.jpg,Internet Movie Database,8.0/10,87,8.0,"48,842",ID-166,movie,,,,,,,,,,,http://www.rottentomatoes.com/m/the_dark_knight_rises/,25 Jun 2002,,Warner Bros. Pictures,,True
152,The Best Years of Our Lives,1988,R,22 Aug 1986,99 min,"Biography, Drama, Sport","Terry Gilliam, Terry Jones","Hubert Selby Jr. (based on the book by), Hubert Selby Jr. (screenplay), Darren Aronofsky (screenplay)","Guy Pearce, Carrie-Anne Moss, Joe Pantoliano, Mark Boone Junior","After young Riley is uprooted from her Midwest life and moved to San Francisco, her emotions - Joy, Fear, Anger, Disgust and Sadness - conflict on how best to navigate a new city, house, and school.","English, Pawnee, French","Lebanon, Libya, Kuwait, Morocco, UK",Won 1 Oscar. Another 18 wins & 26 nominations.,https://images-na.ssl-images-amazon.com/images/M/MV5BMDIzODcyY2EtMmY2MC00ZWVlLTgwMzAtMjQwOWUyNmJjNTYyXkEyXkFqcGdeQXVyNDk3NzU2MTQ@._V1_SX300.jpg,Internet Movie Database,8.3/10,,8.1,"1,326,876",ID-167,movie,,,,,,,,,,,http://www.rottentomatoes.com/m/good_will_hunting/,21 Sep 2004,,Orion Pictures Corporation,,True
128,Rush,2006,PG-13,31 Mar 1999,122 min,Drama,Mike Nichols,Ernest Lehman,"Paul Newman, Robert Redford, Katharine Ross, Strother Martin",A blade runner must pursue and try to terminate four replicants who stole a ship in space and have returned to Earth to find their creator.,"English, Russian, Vietnamese, French","USA, Hong Kong",8 wins & 62 nominations.,https://images-na.ssl-images-amazon.com/images/M/MV5BYWY5ZjhjNGYtZmI2Ny00ODM0LWFkNzgtZmI1YzA2N2MxMzA0XkEyXkFqcGdeQXVyNjUwNzk3NDc@._V1_SX300.jpg,Internet Movie Database,8.4/10,,8.2,"73,848",ID-168,movie,,,,,,,,,,,http://www.rottentomatoes.com/m/north-by-northwest/,06 Apr 2004,,Warner Bros. Pictures,,True
1,The Best Years of Our Lives,1939,R,19 Jan 2001,92 min,"Animation, Adventure, Comedy",Peter Jackson,"James Cameron, Gale Anne Hurd, William Wisher Jr. (additional dialogue)","Marlon Brando, Karl Malden, Lee J. Cobb, Rod Steiger","An ex-tennis pro carries out a plot to murder his wife. When things go wrong, he improvises a brilliant plan B.",English,USA,Nominated for 2 Oscars. Another 55 wins & 55 nominations.,https://images-na.ssl-images-amazon.com/images/M/MV5BMTY1NTI0ODUyOF5BMl5BanBnXkFtZTgwNTEyNjQ0MDE@._V1_SX300.jpg,Internet Movie Database,8.0/10,82,9.3,"103,963",ID-169,movie,,,,,,,,,,,http://www.rottentomatoes.com/m/grapes_of_wrath/,01 Aug 2000,,Warner Bros. Pictures,,True
118,Witness for the Prosecution,2015,R,31 Mar 1999,94 min,"Drama, Romance, War",Paul Thomas Anderson,"Harry Grey (novel), Leonardo Benvenuti (screenplay), Piero De Bernardi (screenplay), Enrico Medioli (screenplay), Franco Arcalli (screenplay), Franco Ferrini (screenplay), Sergio Leone (screenplay), Stuart Kaminsky (additional dialogue)","Bette Davis, Joan Crawford, Victor Buono, Wesley Addy","When Keller Dover's daughter and her friend go missing, he takes matters into his own hands as the police pursue multiple leads and the pressure mounts.","English, Vietnamese",USA,35 wins & 70 nominations.,https://images-na.ssl-images-amazon.com/images/M/MV5BODQwOTc5MDM2N15BMl5BanBnXkFtZTcwODQxNTEzNA@@._V1_SX300.jpg,Internet Movie Database,8.0/10,90,8.1,"102,340",ID-170,movie,,,,,,,,,,,http://www.rottentomatoes.com/m/the_lord_of_the_rings_the_fellowship_of_the_ring/,15 Aug 2001,,Paramount Pictures,,True
49,The Gold Rush,1984,R,12 Feb 2016,91 min,"Adventure, Drama, Fantasy","Dean DeBlois, Chris Sanders","James Mangold (story by), Scott Frank (screenplay), James Mangold (screenplay), Michael Green (screenplay)","Sissy Spacek, Jane Galloway Heitz, Joseph A. Carpenter, Donald Wiegert",A cowboy doll is profoundly threatened and jealous when a new spaceman figure supplants him as top toy in a boy's room.,English,USA,Won 3 Oscars. Another 82 wins & 177 nominations.,https://images-na.ssl-images-amazon.com/images/M/MV5BZmU0M2Y1OGUtZjIxNi00ZjBkLTg1MjgtOWIyNThiZWIwYjRiXkEyXkFqcGdeQXVyMTQxNzMzNDI@._V1_SX300.jpg,Internet Movie Database,8.2/10,77,8.3,"122,177",ID-171,movie,,,,,,,,,,,http://www.rottentomatoes.com/m/sunset_boulevard/,09 Mar 2004,"$3,840,702",Buena Vista,http://www.findamazingamy.com/,True
107,The Lord of the Rings: The Fellowship of the Ring,1987,NOT RATED,04 Mar 2016,131 min,"Drama, History, Thriller",Quentin Tarantino,Sylvester Stallone,"Leonardo DiCaprio, Djimon Hounsou, Jennifer Connelly, Kagiso Kuypers","In Nazi-occupied France during World War II, a plan to assassinate Nazi leaders by a group of Jewish U.S. soldiers coincides with a theatre owner's vengeful plans for the same.",English,USA,4 wins & 17 nominations.,https://images-na.ssl-images-amazon.com/images/M/MV5BZmExNmEwYWItYmQzOS00YjA5LTk2MjktZjEyZDE1Y2QxNjA1XkEyXkFqcGdeQXVyMTQxNzMzNDI@._V1_SX300.jpg,Internet Movie Database,8.3/10,100,8.2,"1,188,300",ID-172,movie,,,,,,,,,,,http://www.rottentomatoes.com/m/toy_story_3/,27 Apr 2004,"$34,034,168",Sony Pictures Home Entertainment,,True
45,Gone with the Wind,1944,APPROVED,10 Oct 1980,172 min,Drama,David Fincher,"Stephen King (short story ""Rita Hayworth and Shawshank Redemption""), Frank Darabont (screenplay)","Mark Hamill, Harrison Ford, Carrie Fisher, Billy Dee Williams","The story of Henry Hill and his life through the teen years into the years of mafia, covering his relationship with wife Karen Hill and his Mob partners Jimmy Conway and Tommy DeVitto in the Italian-American crime syndicate.",English,USA,Won 3 Oscars. Another 28 wins & 17 nominations.,https://images-na.ssl-images-amazon.com/images/M/MV5BNzc5N2ZjNWMtNWVkZi00MzYyLTkxNjYtMzc0NjE0MDFjNGQ0XkEyXkFqcGdeQXVyNjc1NTYyMjg@._V1_SX300.jpg,Internet Movie Database,8.1/10,100,8.5,"232,188",ID-173,movie,,,,,,,,,,,http://www.rottentomatoes.com/m/paris_texas/,10 Nov 2009,,MGM,,True
15,Into the Wild,1945,R,13 Jun 1980,133 min,"Biography, Drama, War",Howard Hawks,"Stephen P. Lindsey (screenplay), Kaneto Shindô (motion picture ""Hachiko monogatari"")","Wallace Ford, William H. Lynn, Victoria Horne, Jesse White","In 1951, a group of high schoolers come of age in a bleak, isolated, atrophied West Texas town that is slowly dying, both culturally and economically.",English,"UK, South Africa, Italy",6 wins & 6 nominations.,https://images-na.ssl-images-amazon.com/images/M/MV5BNzQzOTk3OTAtNDQ0Zi00ZTVkLWI0MTEtMDllZjNkYzNjNTc4L2ltYWdlXkEyXkFqcGdeQXVyNjU0OTQ0OTY@._V1_SX300.jpg,Internet Movie Database,8.6/10,,8.7,"1,108,627",ID-174,movie,,,,,,,,,,,http://www.rottentomatoes.com/m/killing/,10 May 2016,,Warner Bros. Pictures,,True
81,Citizen Kane,1999,PG-13,14 Mar 1997,119 min,"Action, Adventure","Dean DeBlois, Chris Sanders","Lew Wallace (novel), Karl Tunberg (screenplay)","Bruce Allpress, Sean Astin, John Bach, Sala Baker",A man's coerced confession to an IRA bombing he did not commit results in the imprisonment of his father as well. An English lawyer fights to free them.,"English, Quenya, Old English, Sindarin",USA,Nominated for 5 Oscars. Another 51 wins & 115 nominations.,https://images-na.ssl-images-amazon.com/images/M/MV5BMDdkYzE5ODYtMmIwZi00MDgzLTk1YWEtZTcwNGRmMzAwNDMzXkEyXkFqcGdeQXVyNDQzMDg4Nzk@._V1_SX300.jpg,Internet Movie Database,8.3/10,77,8.3,"24,842",ID-175,movie,,,,,,,,,,,http://www.rottentomatoes.com/m/guardians_of_the_galaxy/,29 Jun 1999,"$120,523,073",Warner Home Video,,True
197,The Wild Bunch,1978,PG,15 Jan 1951,118 min,"Comedy, Drama",Paul Greengrass,"Larry McMurtry (screenplay), Peter Bogdanovich (screenplay), Larry McMurtry (novel)","Danny Elfman, Chris Sarandon, Catherine O'Hara, William Hickey","When Dr. Henry Jones Sr. suddenly goes missing while pursuing the Holy Grail, eminent archaeologist Indiana Jones must follow in his father's footsteps to stop the Nazis from getting their hands on the Holy Grail first.","English, German, French",USA,Won 3 Oscars. Another 28 wins & 17 nominations.,https://images-na.ssl-images-amazon.com/images/M/MV5BNTM3OTc0MzM2OV5BMl5BanBnXkFtZTYwNzUwMTI3._V1_SX300.jpg,Internet Movie Database,8.3/10,70,8.1,"787,997",ID-176,movie,,,,,,,,,,,http://www.rottentomatoes.com/m/alien/,08 Jun 2010,,Warner Bros. Pictures,http://www.indianajones.com/raiders/,True
250,The Big Sleep,1941,PG-13,01 Sep 1954,154 min,Drama,Milos Forman,"John Huston (screenplay), B. Traven (based on the novel by)","Gregory Peck, John Megna, Frank Overton, Rosemary Murphy","When Keller Dover's daughter and her friend go missing, he takes matters into his own hands as the police pursue multiple leads and the pressure mounts.","English, Mende, Afrikaans",USA,Nominated for 1 Oscar. Another 7 wins & 7 nominations.,https://images-na.ssl-images-amazon.com/images/M/MV5BMjZiNzIxNTQtNDc5Zi00YWY1LThkMTctMDgzYjY4YjI1YmQyL2ltYWdlL2ltYWdlXkEyXkFqcGdeQXVyNjU0OTQ0OTY@._V1_SX300.jpg,Internet Movie Database,8.6/10,,8.0,"367,328",ID-177,movie,,,,,,,,,,,http://www.rottentomatoes.com/m/in_the_name_of_the_father/,19 Mar 2002,,Paramount Pictures,,True
51,Laura,1951,PG-13,27 Nov 1976,136 min,"Crime, Drama, Mystery",James Cameron,"James Mangold (story by), Scott Frank (screenplay), James Mangold (screenplay), Michael Green (screenplay)","Spencer Tracy, Burt Lancaster, Richard Widmark, Marlene Dietrich","A story of family, religion, hatred, oil and madness, focusing on a turn-of-the-century prospector in the early days of the business.","English, German, French",France,Nominated for 2 Oscars. Another 23 wins & 99 nominations.,https://images-na.ssl-images-amazon.com/images/M/MV5BODE1MDczNTUxOV5BMl5BanBnXkFtZTcwMTA0NDQyNA@@._V1_SX300.jpg,Internet Movie Database,8.6/10,,8.4,"161,564",ID-178,movie,,,,,,,,,,,http://www.rottentomatoes.com/m/pulp_fiction/,27 Aug 1997,,Miramax Films,,True
112,How to Train Your Dragon,1970,PG-13,16 Dec 1988,109 min,"Drama, Film-Noir, Mystery","Jared Bush, Byron Howard, Rich Moore","Stanley Kubrick (screenplay), Arthur C. Clarke (screenplay)","James Stewart, Donna Reed, Lionel Barrymore, Thomas Mitchell","WWII American Army Medic Desmond T. Doss, who served during the Battle of Okinawa, refuses to kill people, and becomes the first man in American history to receive the Medal of Honor without firing a shot.",English,"UK, India, USA",Nominated for 1 Oscar. Another 11 wins & 21 nominations.,https://images-na.ssl-images-amazon.com/images/M/MV5BY2NkNTcxNjAtODhjMS00Mjg2LWI1OGItMjRhMGJlODBkZTVlL2ltYWdlL2ltYWdlXkEyXkFqcGdeQXVyNzAxMjE1NDg@._V1_SX300.jpg,Internet Movie Database,8.1/10,68,8.2,"874,371",ID-179,movie,,,,,,,,,,,http://www.rottentomatoes.com/m/toy_story/,01 Aug 2000,"$216,900,000",Universal Pictures,,True
242,A Night at the Opera,2017,R,14 Oct 1994,136 min,"Biography, Drama","Danny Boyle, Loveleen Tandan","Byron Howard (story by), Rich Moore (story by), Jared Bush (story by), Jim Reardon (story by), Josie Trinidad (story by), Phil Johnston (story by), Jennifer Lee (story by), Jared Bush (screenplay), Phil Johnston (screenplay)","Ellen Burstyn, Matthew McConaughey, Mackenzie Foy, John Lithgow",A spoiled heiress running away from her family is helped by a man who is actually a reporter in need of a story.,"English, German, Russian",USA,Nominated for 1 Oscar. Another 9 wins & 29 nominations.,https://images-na.ssl-images-amazon.com/images/M/MV5BMjA2NzYzMjE3MF5BMl5BanBnXkFtZTgwNDExMDY0MzE@._V1_SX300.jpg,Internet Movie Database,8.1/10,80,8.0,"83,328",ID-180,movie,,,,,,,,,,,http://www.rottentomatoes.com/m/jaws/,,,MGM,,True
60,The Pianist,2003,R,01 Oct 1999,133 min,"Adventure, Drama, War",John Sturges,George Lucas,"John Wayne, James Stewart, Vera Miles, Lee Marvin","A woman rebels against a tyrannical ruler in postapocalyptic Australia in search for her home-land with the help of a group of female prisoners, a psychotic worshipper, and a drifter named Max.","English, Hindi, French",USA,Won 2 Oscars. Another 9 wins & 5 nominations.,https://images-na.ssl-images-amazon.com/images/M/MV5BMTkxMTA5OTAzMl5BMl5BanBnXkFtZTgwNjA5MDc3NjE@._V1_SX300.jpg,Internet Movie Database,8.5/10,,8.4,"874,371",ID-181,movie,,,,,,,,,,,http://www.rottentomatoes.com/m/v_for_vendetta/,07 Sep 1999,"$67,115,062",Warner Home Video,,True
137,Lion,1953,PG,08 Dec 2006,146 min,"Biography, Drama, War",Tim Burton,"Rhett Reese, Paul Wernick","Dustin Hoffman, Tom Cruise, Valeria Golino, Gerald R. Molen","Peter Parker, with the help of his mentor Tony Stark, tries to balance his life as an ordinary high school student in New York City while fighting crime as his superhero alter ego Spider-Man when a new threat emerges.","English, German, French",UK,Won 8 Oscars. Another 27 wins & 20 nominations.,https://images-na.ssl-images-amazon.com/images/M/MV5BMTg5NDkwMTk5N15BMl5BanBnXkFtZTYwODg3MDk2._V1_SX300.jpg,Internet Movie Database,8.7/10,79,8.3,"592,039",ID-182,movie,,,,,,,,,,,http://www.rottentomatoes.com/m/back_to_the_future/,27 Aug 1997,,Paramount Pictures,,True
129,Raiders of the Lost Ark,1993,G,03 Jul 1991,131 min,"Crime, Drama, Mystery","Pete Docter, Bob Peterson","George Miller, Brendan McCarthy, Nick Lathouris","Humphrey Bogart, Mary Astor, Gladys George, Peter Lorre","In Chicago in September 1936, a young con man seeking revenge for his murdered partner teams up with a master of the big con to win a fortune from a criminal banker.","English, Arabic","USA, UK",Nominated for 2 Oscars. Another 5 wins & 36 nominations.,https://images-na.ssl-images-amazon.com/images/M/MV5BNGNiNmU2YTMtZmU4OS00MjM0LTlmYWUtMjVlYjAzYjE2N2RjXkEyXkFqcGdeQXVyNDk3NzU2MTQ@._V1_SX300.jpg,Internet Movie Database,8.3/10,,8.1,"298,035",ID-183,movie,,,,,,,,,,,http://www.rottentomatoes.com/m/lock_stock_and_two_smoking_barrels/,15 Jun 2010,,Paramount/DWA,,True
141,Twelve Monkeys,2012,PG,18 Nov 1994,120 min,"Adventure, Drama, Thriller","Andrew Stanton, Lee Unkrich","Mary Chase (from the Pulitzer Prize Play by), Mary Chase (screenplay), Oscar Brodney (screenplay)","Hugh Jackman, Jake Gyllenhaal, Viola Davis, Maria Bello",A promising young drummer enrolls at a cut-throat music conservatory where his dreams of greatness are mentored by an instructor who will stop at nothing to realize a student's potential.,"English, Irish, Scottish Gaelic",USA,Nominated for 1 Oscar. Another 7 wins & 9 nominations.,https://images-na.ssl-images-amazon.com/images/M/MV5BMTY2MTk3MDQ1N15BMl5BanBnXkFtZTcwMzI4NzA2NQ@@._V1_SX300.jpg,Internet Movie Database,8.0/10,74,8.1,"791,579",ID-184,movie,,,,,,,,,,,http://www.rottentomatoes.com/m/shining/,27 Aug 1997,"$13,600,000",Sony Pictures,,True
211,To Kill a Mockingbird,1921,G,25 Feb 1994,113 min,"Crime, Film-Noir, Thriller",Damien Chazelle,"Sidney Buchman (screen play), Lewis R. Foster (story)","James Stewart, Lee Remick, Ben Gazzara, Arthur O'Connell",Lion cub and future king Simba searches for his identity. His eagerness to please others and penchant for testing his boundaries sometimes gets him into trouble.,English,"Germany, USA",Nominated for 1 Oscar. Another 25 wins & 34 nominations.,https://images-na.ssl-images-amazon.com/images/M/MV5BODg4NzA0MTktOGU5ZS00ODlkLWE3ZmQtYjAzNjNmM2E3NmEzL2ltYWdlL2ltYWdlXkEyXkFqcGdeQXVyNjU0OTQ0OTY@._V1_SX300.jpg,Internet Movie Database,8.3/10,,8.0,"527,053",ID-185,movie,,,,,,,,,,,http://www.rottentomatoes.com/m/the-gold-rush/,19 Mar 2002,,Warner Bros. Pictures,http://www.foxsearchlight.com/slumdogmillionaire/,True
9,The Avengers,1996,UNRATED,01 Apr 2005,115 min,"Drama, War",Joseph L. Mankiewicz,"Stanley Kubrick (screenplay), Arthur C. Clarke (screenplay)","Ellen Burstyn, Jared Leto, Jennifer Connelly, Marlon Wayans","A woman rebels against a tyrannical ruler in postapocalyptic Australia in search for her home-land with the help of a group of female prisoners, a psychotic worshipper, and a drifter named Max.","English, German, French","USA, India, United Arab Emirates",Nominated for 1 BAFTA Film Award. Another 13 wins & 7 nominations.,https://images-na.ssl-images-amazon.com/images/M/MV5BYTNhZDFkN2ItMmZjNy00ODUwLTk1Y2MtMDZhYTA2N2MyNDU5XkEyXkFqcGdeQXVyMTMxODk2OTU@._V1_SX300.jpg,Internet Movie Database,8.1/10,,8.7,"189,098",ID-186,movie,,,,,,,,,,,http://www.rottentomatoes.com/m/trainspotting/,29 Aug 2000,"$216,900,000",Warner Home Video,http://www.thegreenmile.com,True
135,Rain Man,2010,R,,139 min,"Drama, War",Martin Scorsese,"Donald Ogden Stewart (screen play), Philip Barry (based on the play by)","Tim Roth, Amanda Plummer, Laura Lovelace, John Travolta",Crooks plan and execute a daring race-track robbery.,"English, Swahili, Xhosa, Zulu",USA,,https://images-na.ssl-images-amazon.com/images/M/MV5BN2Y2OWU4MWMtNmIyMy00YzMyLWI0Y2ItMTcyZDc3MTdmZDU4XkEyXkFqcGdeQXVyMTQxNzMzNDI@._V1_SX300.jpg,Internet Movie Database,9.2/10,74,8.2,"274,216",ID-187,movie,,,,,,,,,,,http://www.rottentomatoes.com/m/indiana_jones_and_the_last_crusade/,07 Sep 2004,,MGM,http://unchainedmovie.com/,True
102,Back to the Future,1978,PG-13,03 Nov 1999,129 min,"Mystery, Thriller",Richard Attenborough,"Quentin Tarantino (stories), Roger Avary (stories), Quentin Tarantino","Mark Hamill, Harrison Ford, Carrie Fisher, Billy Dee Williams","When Union spies steal an engineer's beloved locomotive, he pursues it single-handedly and straight through enemy lines.","English, French, Italian",USA,,https://images-na.ssl-images-amazon.com/images/M/MV5BZGY5Y2RjMmItNDg5Yy00NjUwLThjMTEtNDc2OGUzNTBiYmM1XkEyXkFqcGdeQXVyNjU0OTQ0OTY@._V1_SX300.jpg,Internet Movie Database,8.0/10,85,8.3,"249,067",ID-188,movie,,,,,,,,,,,http://www.rottentomatoes.com/m/blood_diamond/,19 Jun 2001,,Twentieth Century Fox,http://www.kingsspeech.com/,True
187,The Wolf of Wall Street,1982,PG-13,18 Dec 2015,99 min,"Drama, Romance",Henry Koster,"J.R.R. Tolkien (novel), Fran Walsh (screenplay), Philippa Boyens (screenplay), Stephen Sinclair (screenplay), Peter Jackson (screenplay)","Matt Damon, Ben Affleck, Stellan Skarsgård, John Mighton",A man juggles searching for his wife's murderer and keeping his short-term memory loss from being an obstacle.,English,USA,Won 4 Oscars. Another 15 wins & 25 nominations.,https://images-na.ssl-images-amazon.com/images/M/MV5BMGEyNzhkYzktMGMyZS00YzRiLWJlYjktZjJkOTU5ZDY0ZGI4XkEyXkFqcGdeQXVyNjUwNzk3NDc@._V1_SX300.jpg,Internet Movie Database,8.8/10,,8.1,"33,877",ID-189,movie,,,,,,,,,,,http://www.rottentomatoes.com/m/1198124-shutter_island/,25 Jun 2002,"$34,126,138",Dreamworks Distribution LLC,,True
76,The Lost Weekend,2004,UNRATED,16 Jul 2010,129 min,"Adventure, Family, Fantasy","Stanley Donen, Gene Kelly","Stanley Kubrick (screenplay), Anthony Burgess (novel)","Cary Grant, Eva Marie Saint, James Mason, Jessie Royce Landis","A bitter, aging couple, with the help of alcohol, use a young couple to fuel anguish and emotional pain towards each other.",English,USA,Nominated for 4 Oscars. Another 5 wins & 7 nominations.,https://images-na.ssl-images-amazon.com/images/M/MV5BOTdiNzJlOWUtNWMwNS00NmFlLWI0YTEtZmI3YjIzZWUyY2Y3XkEyXkFqcGdeQXVyNjU0OTQ0OTY@._V1_SX300.jpg,Internet Movie Database,8.0/10,79,8.3,"862,078",ID-190,movie,,,,,,,,,,,http://www.rottentomatoes.com/m/dead_poets_society/,05 Oct 2004,"$448,130,642",DreamWorks SKG,,True
27,Rebecca,2009,UNRATED,03 Nov 1999,137 min,Drama,William Wyler,"Richard Condon (based upon a novel by), George Axelrod (screenplay)","Leonardo DiCaprio, Joseph Gordon-Levitt, Ellen Page, Tom Hardy","When two escaping American World War II prisoners are killed, the German POW camp barracks black marketeer, J.J. Sefton, is suspected of being an informer.","English, Russian",USA,Nominated for 4 Oscars. Another 9 wins & 17 nominations.,https://images-na.ssl-images-amazon.com/images/M/MV5BMzVjNzI4NzYtMjE4NS00M2IzLWFkOWMtOTYwMWUzN2ZlNGVjL2ltYWdlL2ltYWdlXkEyXkFqcGdeQXVyMTQxNzMzNDI@._V1_SX300.jpg,Internet Movie Database,8.8/10,65,8.5,"194,970",ID-191,movie,,,,,,,,,,,http://www.rottentomatoes.com/m/terminator/,30 Nov 1999,"$292,979,556",Fox Searchlight Pictures,http://www.intothewild.com/,True
8,Sin City,1986,PG-13,20 Jul 1988,124 min,"Crime, Film-Noir, Mystery",Billy Wilder,"Stefan Zweig (inspired by the writings of), Wes Anderson (screenplay), Wes Anderson (story), Hugo Guinness (story)","Marlon Brando, Martin Sheen, Robert Duvall, Frederic Forrest",A woman is asked to spy on a group of Nazi friends in South America. How far will she have to go to ingratiate herself with them?,English,USA,Nominated for 2 Oscars. Another 50 wins & 96 nominations.,https://images-na.ssl-images-amazon.com/images/M/MV5BMjAxODQ4MDU5NV5BMl5BanBnXkFtZTcwMDU4MjU1MQ@@._V1_SX300.jpg,Internet Movie Database,8.0/10,53,8.7,"360,941",ID-192,movie,,,,,,,,,,,http://www.rottentomatoes.com/m/the_amazing_spider_man_3/,16 May 2000,"$94,240,635",New Line Cinema,,True
20,Stand by Me,1997,R,06 Feb 1921,103 min,Drama,Sidney Lumet,"Gillian Flynn (screenplay), Gillian Flynn (novel)","Humphrey Bogart, Ingrid Bergman, Paul Henreid, Claude Rains",Two Western bank/train robbers flee to Bolivia when the law gets too close.,"English, French",USA,8 wins & 62 nominations.,https://images-na.ssl-images-amazon.com/images/M/MV5BZGY5Y2RjMmItNDg5Yy00NjUwLThjMTEtNDc2OGUzNTBiYmM1XkEyXkFqcGdeQXVyNjU0OTQ0OTY@._V1_SX300.jpg,Internet Movie Database,8.5/10,,8.6,"249,067",ID-193,movie,,,,,,,,,,,http://www.rottentomatoes.com/m/gran_torino/,25 May 2004,"$45,299,680",Sony Pictures,,True
24,Judgment at Nuremberg,2004,APPROVED,17 Aug 1979,124 min,"Adventure, Drama, Sci-Fi",Francis Ford Coppola,Aaron Guzikowski,"Bob Geldof, Christine Hargreaves, James Laurenson, Eleanor David","A film that explores the dark and miserable town, Basin City, and tells the story of three different people, all caught up in violent corruption.",English,USA,Won 4 Oscars. Another 63 wins & 83 nominations.,https://images-na.ssl-images-amazon.com/images/M/MV5BMjFiZDg3MDgtOTdiNC00ZGFiLWIyN2ItNDhkNGI5ZThkOTE3XkEyXkFqcGdeQXVyNjc1NTYyMjg@._V1_SX300.jpg,Internet Movie Database,8.7/10,66,8.6,"724,665",ID-194,movie,,,,,,,,,,,http://www.rottentomatoes.com/m/shawshank_redemption/,11 Dec 2007,,Warner Bros. Pictures,http://www.thebourneultimatum.com/,True
66,Taxi Driver,1993,R,11 Apr 1952,188 min,"Comedy, Drama",Robert Mulligan,"Roderick Thorp (novel), Jeb Stuart (screenplay), Steven E. de Souza (screenplay)","Adrien Brody, Emilia Fox, Michal Zebrowski, Ed Stoppard","When the menace known as the Joker emerges from his mysterious past, he wreaks havoc and chaos on the people of Gotham, the Dark Knight must accept one of the greatest psychological and physical tests of his ability to fight injustice.",English,USA,Won 1 Oscar. Another 9 wins & 12 nominations.,https://images-na.ssl-images-amazon.com/images/M/MV5BNGUyYTZmOWItMDJhMi00N2IxLWIyNDMtNjUxM2ZiYmU5YWU1XkEyXkFqcGdeQXVyNjc1NTYyMjg@._V1_SX300.jpg,Internet Movie Database,8.3/10,88,8.3,"529,034",ID-195,movie,,,,,,,,,,,http://www.rottentomatoes.com/m/untitled_boston_globe_project/,10 May 2010,,Lionsgate,http://www.grandbudapesthotel.com/,True
69,Witness for the Prosecution,1950,APPROVED,21 Sep 1990,102 min,"Drama, War",Tom Hooper,Ernest Lehman (screenplay),"Tommy Lee Jones, Javier Bardem, Josh Brolin, Woody Harrelson",A former neo-nazi skinhead tries to prevent his younger brother from going down the same wrong path that he did.,English,USA,Won 5 Oscars. Another 17 wins & 26 nominations.,https://images-na.ssl-images-amazon.com/images/M/MV5BNGNiNmU2YTMtZmU4OS00MjM0LTlmYWUtMjVlYjAzYjE2N2RjXkEyXkFqcGdeQXVyNDk3NzU2MTQ@._V1_SX300.jpg,Internet Movie Database,8.3/10,,8.3,"461,331",ID-196,movie,,,,,,,,,,,http://www.rottentomatoes.com/m/some_like_it_hot/,11 Jul 2000,"$448,130,642",Warner Bros. Pictures,http://www.foxmovies.com/movies/the-revenant,True
54,The Terminator,1979,NOT RATED,14 Oct 1994,178 min,"Drama, War",Stanley Kubrick,"Graham Greene (by), Graham Greene (screen play)","Charlton Heston, Jack Hawkins, Haya Harareet, Stephen Boyd","Following the Normandy Landings, a group of U.S. soldiers go behind enemy lines to retrieve a paratrooper whose brothers have been killed in action.","English, Spanish",USA,Nominated for 1 Oscar. Another 11 wins & 21 nominations.,https://images-na.ssl-images-amazon.com/images/M/MV5BNzc2ZThkOGItZGY5YS00MDYwLTkyOTAtNDRmZWIwMGRhYTc0L2ltYWdlXkEyXkFqcGdeQXVyNjU0OTQ0OTY@._V1_SX300.jpg,Internet Movie Database,8.1/10,100,8.2,"68,128",ID-197,movie,,,,,,,,,,,http://www.rottentomatoes.com/m/green_mile/,07 Sep 1999,,Warner Home Video,http://www.findamazingamy.com/,True
1,Heat,2017,R,28 Aug 1998,133 min,"Mystery, Romance, Thriller",Alfred Hitchcock,"Graham Moore, Andrew Hodges (book)","Jay Baruchel, Gerard Butler, Craig Ferguson, America Ferrera","The story of 'Frank Abagnale Jr., before his 19th birthday, successfully forged millions of dollars' worth of checks while posing as a Pan Am pilot, a doctor, and legal prosecutor as a seasoned and dedicated FBI agent pursues him.",English,USA,Nominated for 2 Oscars. Another 26 wins & 61 nominations.,https://images-na.ssl-images-amazon.com/images/M/MV5BMTI2MzQyNTc1M15BMl5BanBnXkFtZTYwMjExNjc3._V1_SX300.jpg,Internet Movie Database,8.0/10,84,8.8,"1,427,451",ID-198,movie,,,,,,,,,,,http://www.rottentomatoes.com/m/beautiful_mind/,28 Apr 1998,"$47,611,331",Warner Bros. Pictures,http://movies.go.com/moviesdynamic/movies/movie?id=505420,True
246,It Happened One Night,2009,PG-13,23 Apr 2004,68 min,"Action, Biography, Drama",Sergio Leone,Ernest Lehman,"Stephen Baldwin, Gabriel Byrne, Benicio Del Toro, Kevin Pollak","Luke Skywalker joins forces with a Jedi Knight, a cocky pilot, a wookiee and two droids to save the galaxy from the Empire's world-destroying battle-station, while also attempting to rescue Princess Leia from the evil Darth Vader.",English,USA,Won 2 BAFTA Film Awards. Another 1 win & 1 nomination.,https://images-na.ssl-images-amazon.com/images/M/MV5BNjI5N2Y4YWEtYThmOC00ODA0LTlhMGYtNmE3MmVmNjNhYWQyXkEyXkFqcGdeQXVyMDI2NDg0NQ@@._V1_SX300.jpg,Internet Movie Database,8.4/10,,8.0,"442,704",ID-199,movie,,,,,,,,,,,http://www.rottentomatoes.com/m/1003755-cat_on_a_hot_tin_roof/,19 Sep 1995,"$381,000,185",United Artists,http://www.sonypictures.com/movies/bigfish/index.html,True
95,Cool Hand Luke,1997,PG,25 Feb 1994,134 min,"Crime, Drama, Mystery",David Fincher,Randall Wallace,"Tom Hanks, Tim Allen, Don Rickles, Jim Varney","Disgruntled Korean War veteran Walt Kowalski sets out to reform his neighbor, a Hmong teenager who tried to steal Kowalski's prized possession: a 1972 Gran Torino.",English,USA,Nominated for 7 Oscars. Another 34 wins & 180 nominations.,https://images-na.ssl-images-amazon.com/images/M/MV5BNDE4OTMxMTctNmRhYy00NWE2LTg3YzItYTk3M2UwOTU5Njg4XkEyXkFqcGdeQXVyNjU0OTQ0OTY@._V1_SX300.jpg,Internet Movie Database,8.1/10,82,8.2,"29,245",ID-200,movie,,,,,,,,,,,http://www.rottentomatoes.com/m/deadpool/,18 May 1999,,Paramount Pictures,,True
67,Platoon,1942,PG,25 Dec 2008,151 min,"Comedy, Romance",Garth Davis,"Andrew Stanton (original story by), Andrew Stanton (screenplay), Bob Peterson (screenplay), David Reynolds (screenplay)","Edward Norton, Brad Pitt, Meat Loaf, Zach Grenier",A manipulative woman and a roguish man conduct a turbulent romance during the American Civil War and Reconstruction periods.,English,"France, USA",Nominated for 2 Oscars. Another 5 wins & 4 nominations.,https://images-na.ssl-images-amazon.com/images/M/MV5BMTU0NTkyNzYwMF5BMl5BanBnXkFtZTgwMDU0NDk5MTI@._V1_SX300.jpg,Internet Movie Database,8.5/10,98,8.5,"65,987",ID-201,movie,,,,,,,,,,,http://www.rottentomatoes.com/m/judgment_at_nuremburg/,14 Dec 2004,,Paramount Pictures,http://https://www.facebook.com/SavingPrivateRyanMovie,True
43,The Hustler,2017,R,06 Feb 1921,161 min,"Biography, Drama",Clint Eastwood,"Buster Keaton, Clyde Bruckman, Al Boasberg (adapted by), Charles Henry Smith (adapted by)","Al Pacino, Robert De Niro, Val Kilmer, Jon Voight",A cowboy doll is profoundly threatened and jealous when a new spaceman figure supplants him as top toy in a boy's room.,English,USA,Won 7 Oscars. Another 13 wins & 2 nominations.,https://images-na.ssl-images-amazon.com/images/M/MV5BMTk0MDQ3MzAzOV5BMl5BanBnXkFtZTgwNzU1NzE3MjE@._V1_SX300.jpg,Internet Movie Database,8.3/10,83,8.4,"1,051,143",ID-202,movie,,,,,,,,,,,http://www.rottentomatoes.com/m/into_the_wild/,01 Dec 1998,,Warner Bros. Pictures,,True
19,The Lost Weekend,2016,APPROVED,15 Dec 2000,186 min,Drama,David Fincher,"Paul Haggis (screenplay), F.X. Toole (stories)","William Holden, Gloria Swanson, Erich von Stroheim, Nancy Olson",A sly business manager and two wacky friends of two opera singers help them achieve success while humiliating their stuffy and snobbish enemies.,English,"UK, USA, Australia",Won 2 Oscars. Another 25 wins & 18 nominations.,https://images-na.ssl-images-amazon.com/images/M/MV5BMjFiZDg3MDgtOTdiNC00ZGFiLWIyN2ItNDhkNGI5ZThkOTE3XkEyXkFqcGdeQXVyNjc1NTYyMjg@._V1_SX300.jpg,Internet Movie Database,8.1/10,94,8.6,"166,166",ID-203,movie,,,,,,,,,,,http://www.rottentomatoes.com/m/papillon/,23 Feb 2016,,Universal Pictures,,True
250,Mr. Smith Goes to Washington,2015,NOT RATED,01 Sep 1954,165 min,"Adventure, Comedy, Drama",Sidney Lumet,"James Ellroy (novel), Brian Helgeland (screenplay), Curtis Hanson (screenplay)","Graham Chapman, John Cleese, Terry Gilliam, Eric Idle",A man juggles searching for his wife's murderer and keeping his short-term memory loss from being an obstacle.,"English, French",USA,Nominated for 2 Oscars. Another 50 wins & 96 nominations.,https://images-na.ssl-images-amazon.com/images/M/MV5BMDdkYzE5ODYtMmIwZi00MDgzLTk1YWEtZTcwNGRmMzAwNDMzXkEyXkFqcGdeQXVyNDQzMDg4Nzk@._V1_SX300.jpg,Internet Movie Database,8.0/10,,8.0,"281,843",ID-204,movie,,,,,,,,,,,http://www.rottentomatoes.com/m/scarface/,13 Feb 2007,"$66,257,002",Warner Bros.,,True
53,The Imitation Game,1985,NOT RATED,06 Oct 2006,101 min,"Adventure, Drama, Western",Martin Scorsese,"Stanley Kubrick (screenplay), Terry Southern (screenplay), Peter George (screenplay), Peter George (based on the book: ""Red Alert"" by)","Timothy Bottoms, Jeff Bridges, Cybill Shepherd, Ben Johnson","When two male musicians witness a mob hit, they flee the state in an all-female band disguised as women, but further complications set in.","English, Latin, Spanish",USA,Nominated for 6 Oscars. Another 3 wins & 9 nominations.,https://images-na.ssl-images-amazon.com/images/M/MV5BNzc5N2ZjNWMtNWVkZi00MzYyLTkxNjYtMzc0NjE0MDFjNGQ0XkEyXkFqcGdeQXVyNjc1NTYyMjg@._V1_SX300.jpg,Internet Movie Database,8.0/10,96,8.4,"729,653",ID-205,movie,,,,,,,,,,,http://www.rottentomatoes.com/m/whiplash_2014/,25 Sep 2001,,MGM,http://movies.warnerbros.com/amadeus,True
93,Groundhog Day,1995,R,11 Dec 1962,85 min,"Action, Adventure, Fantasy",Tony Kaye,"Lilly Wachowski (screenplay), Lana Wachowski (screenplay), David Lloyd (graphic novel art)","Toni Collette, Philip Seymour Hoffman, Barry Humphries, Eric Bana",A psychotic socialite confronts a pro tennis star with a theory on how two complete strangers can get away with murder - a theory that he plans to implement.,English,USA,Nominated for 1 Oscar. Another 14 wins & 71 nominations.,https://images-na.ssl-images-amazon.com/images/M/MV5BNjMxZWIyYzQtNjYzNy00NTk1LTg3ZDEtZDRmZmMxYmY4YmVjXkEyXkFqcGdeQXVyNjU0OTQ0OTY@._V1_SX300.jpg,Internet Movie Database,8.1/10,80,8.1,"793,897",ID-206,movie,,,,,,,,,,,http://www.rottentomatoes.com/m/singin_in_the_rain/,30 Nov 1999,,MGM,http://www.otnemem.com,True
233,Hotel Rwanda,2017,G,05 Jan 1996,101 min,"Drama, Thriller",Billy Wilder,Paddy Chayefsky,"Ryan Gosling, Emma Stone, Amiée Conn, Terry Walters","The lives of two mob hit men, a boxer, a gangster's wife, and a pair of diner bandits intertwine in four tales of violence and redemption.",English,USA,Won 2 Oscars. Another 18 wins & 31 nominations.,https://images-na.ssl-images-amazon.com/images/M/MV5BMDU2ZWJlMjktMTRhMy00ZTA5LWEzNDgtYmNmZTEwZTViZWJkXkEyXkFqcGdeQXVyNDQ2OTk4MzI@._V1_SX300.jpg,Internet Movie Database,8.6/10,94,8.0,"103,963",ID-207,movie,,,,,,,,,,,http://www.rottentomatoes.com/m/rio_bravo/,13 Sep 2005,"$1,498,177",Miramax Films,http://www.thegodfather.com/,True
230,The Manchurian Candidate,1958,APPROVED,25 Sep 1948,165 min,Drama,Guy Ritchie,"Thomas Harris (novel), Ted Tally (screenplay)","Robert De Niro, Cathy Moriarty, Joe Pesci, Frank Vincent","Harry, Ron and Hermione search for Voldemort's remaining Horcruxes in their effort to destroy the Dark Lord as the final battle rages on at Hogwarts.","English, German, French, Italian","USA, Canada",1 win.,https://images-na.ssl-images-amazon.com/images/M/MV5BMjA4NDI0MTIxNF5BMl5BanBnXkFtZTYwNTM0MzY2._V1_SX300.jpg,Internet Movie Database,8.3/10,,8.0,"458,316",ID-208,movie,,,,,,,,,,,http://www.rottentomatoes.com/m/the_lion_king/,23 Nov 1999,,Liongate Films,http://www.starwars.com/episode-iv/,True
51,Witness for the Prosecution,1968,R,09 Jan 2004,169 min,"Adventure, Drama, War",David Lynch,"Graham Chapman, John Cleese, Terry Gilliam, Eric Idle, Terry Jones, Michael Palin","Robin Williams, Robert Sean Leonard, Ethan Hawke, Josh Charles","Blacksmith Will Turner teams up with eccentric pirate ""Captain"" Jack Sparrow to save his love, the governor's daughter, from Jack's former pirate allies, who are now undead.",English,"UK, Germany, USA",,https://images-na.ssl-images-amazon.com/images/M/MV5BMTA3MTcxNjE0NzNeQTJeQWpwZ15BbWU4MDc3NjUxNDAx._V1_SX300.jpg,Internet Movie Database,8.0/10,92,8.4,"207,765",ID-209,movie,,,,,,,,,,,http://www.rottentomatoes.com/m/monty_python_and_the_holy_grail/,10 Nov 1998,,Warner Home Video,http://www2.warnerbros.com/achristmasstory/,True
18,Modern Times,1956,R,20 Jul 2012,160 min,"Comedy, Drama, Romance",Alfred Hitchcock,Paul Schrader,"Christian Bale, Gary Oldman, Tom Hardy, Joseph Gordon-Levitt","Karl Childers, a simple man hospitalized since his childhood murder of his mother and her lover, is released to start a new life in a small town.","English, Italian, German","UK, France, USA",1 win.,https://images-na.ssl-images-amazon.com/images/M/MV5BZDdiZTAwYzAtMDI3Ni00OTRjLTkzN2UtMGE3MDMyZmU4NTU4XkEyXkFqcGdeQXVyNjU0OTQ0OTY@._V1_SX300.jpg,Internet Movie Database,8.0/10,,8.4,"403,104",ID-210,movie,,,,,,,,,,,http://www.rottentomatoes.com/m/dial_m_for_murder/,21 Oct 2003,,Warner Bros. Pictures,http://www.thebourneultimatum.com/,True
98,A Streetcar Named Desire,2015,R,06 Sep 1946,112 min,"Comedy, Drama, Romance",Alfred Hitchcock,"Graham Greene (by), Graham Greene (screen play)","John Goodman, Billy Crystal, Mary Gibbs, Steve Buscemi",Earth's mightiest heroes must come together and learn to fight as a team if they are to stop the mischievous Loki and his alien army from enslaving humanity.,"English, German, French",USA,Nominated for 5 Oscars. Another 51 wins & 115 nominations.,https://images-na.ssl-images-amazon.com/images/M/MV5BMDIzODcyY2EtMmY2MC00ZWVlLTgwMzAtMjQwOWUyNmJjNTYyXkEyXkFqcGdeQXVyNDk3NzU2MTQ@._V1_SX300.jpg,Internet Movie Database,8.3/10,,8.3,"179,650",ID-211,movie,,,,,,,,,,,http://www.rottentomatoes.com/m/1046060-high_noon/,23 Feb 2016,,Paramount Pictures,http://www.Nightmare3DMovie.com/,True
2,"Lock, Stock and Two Smoking Barrels",2008,NOT RATED,28 Jun 2017,134 min,"Mystery, Thriller",Peter Weir,Randall Wallace,"Robert Mitchum, Jane Greer, Kirk Douglas, Rhonda Fleming","Unscrupulous boxing promoters, violent bookmakers, a Russian gangster, incompetent amateur robbers, and supposedly Jewish jewelers fight to track down a priceless stolen diamond.",English,USA,Nominated for 1 Oscar. Another 14 wins & 71 nominations.,https://images-na.ssl-images-amazon.com/images/M/MV5BYzVlMWViZGEtYjEyYy00YWZmLThmZGEtYmM4MDZlN2Q5MmRmXkEyXkFqcGdeQXVyMTQxNzMzNDI@._V1_SX300.jpg,Internet Movie Database,8.0/10,,8.9,"49,038",ID-212,movie,,,,,,,,,,,http://www.rottentomatoes.com/m/blood_diamond/,28 Mar 2000,,Universal Pictures,,True
220,High Noon,1962,PG-13,15 Sep 1995,86 min,"Biography, Drama, History",Gavin O'Connor,"Oliver Stone (screenplay), Zachary Sklar (screenplay), Jim Garrison (book), Jim Marrs (book)","Buster Keaton, Marion Mack, Glen Cavender, Jim Farley","When a Jewish prince is betrayed and sent into slavery by a Roman friend, he regains his freedom and comes back for revenge.",English,USA,Won 5 Oscars. Another 26 wins & 29 nominations.,https://images-na.ssl-images-amazon.com/images/M/MV5BYTNhZDFkN2ItMmZjNy00ODUwLTk1Y2MtMDZhYTA2N2MyNDU5XkEyXkFqcGdeQXVyMTMxODk2OTU@._V1_SX300.jpg,Internet Movie Database,8.1/10,86,8.0,"65,649",ID-213,movie,,,,,,,,,,,http://www.rottentomatoes.com/m/la_la_land/,06 Sep 2005,,DreamWorks Studios,http://www.rushmovie.com/,True
69,The Exorcist,1997,APPROVED,15 Nov 1935,130 min,"Adventure, Family, Fantasy",Alan Parker,"Larry McMurtry (screenplay), Peter Bogdanovich (screenplay), Larry McMurtry (novel)","Paul Newman, Robert Redford, Robert Shaw, Charles Durning",An angel is sent from Heaven to help a desperately frustrated businessman by showing him what life would have been like if he had never existed.,"English, Spanish",USA,Nominated for 1 Oscar. Another 4 wins & 2 nominations.,https://images-na.ssl-images-amazon.com/images/M/MV5BMmFiM2VmNjQtOTYwZi00YjUxLWJjYWItNTE3NGRlNTBkMmIxXkEyXkFqcGdeQXVyNjc1NTYyMjg@._V1_SX300.jpg,Internet Movie Database,8.0/10,89,8.3,"24,842",ID-214,movie,,,,,,,,,,,http://www.rottentomatoes.com/m/1037756-jfk/,03 Nov 1997,,Warner Bros. Pictures,http://www.miramax.com/movie/trainspotting/,True
187,Goodfellas,1965,R,08 Nov 2013,102 min,"Action, Drama, Western",Billy Wilder,"Herman J. Mankiewicz (original screen play), Orson Welles (original screen play)","Leonardo DiCaprio, Jonah Hill, Margot Robbie, Matthew McConaughey","The story of T.E. Lawrence, the English officer who successfully united and led the diverse, often warring, Arab tribes during World War I in order to fight the Turks.",English,USA,Nominated for 2 Oscars. Another 50 wins & 96 nominations.,https://images-na.ssl-images-amazon.com/images/M/MV5BNzAyOGIxYjAtMGY2NC00ZTgyLWIwMWEtYzY0OWQ4NDFjOTc5XkEyXkFqcGdeQXVyNjU0OTQ0OTY@._V1_SX300.jpg,Internet Movie Database,8.4/10,70,8.0,"458,316",ID-215,movie,,,,,,,,,,,http://www.rottentomatoes.com/m/prestige/,01 Dec 1998,"$45,299,680",Orion Pictures Corporation,http://TheMartianMovie.com,True
241,Notorious,1998,APPROVED,06 Oct 2006,135 min,"Crime, Drama, Mystery",Steven Spielberg,"Henry Farrell (from the novel by), Lukas Heller (screenplay)","Jodie Foster, Lawrence A. Bonney, Kasi Lemmons, Lawrence T. Wrentz","Following the Normandy Landings, a group of U.S. soldiers go behind enemy lines to retrieve a paratrooper whose brothers have been killed in action.",English,"USA, New Zealand",Won 2 Oscars. Another 25 wins & 18 nominations.,https://images-na.ssl-images-amazon.com/images/M/MV5BMjExMTg5OTU0NF5BMl5BanBnXkFtZTcwMjMxMzMzMw@@._V1_SX300.jpg,Internet Movie Database,8.1/10,80,8.0,"754,842",ID-216,movie,,,,,,,,,,,http://www.rottentomatoes.com/m/the_lion_king/,25 Sep 2012,,Warner Bros. Pictures,http://disney.go.com/DisneyPictures/straightstory/index.html,True
59,The Elephant Man,2015,R,19 Jun 2015,184 min,"Biography, Drama, Sport",Stanley Kubrick,"Dalton Trumbo (screenplay), Lorenzo Semple Jr. (screenplay), Henri Charrière (book)","Tim Roth, Amanda Plummer, Laura Lovelace, John Travolta","In Nazi-occupied France during World War II, a plan to assassinate Nazi leaders by a group of Jewish U.S. soldiers coincides with a theatre owner's vengeful plans for the same.",English,"Italy, USA",Nominated for 1 Oscar. Another 4 wins & 11 nominations.,https://images-na.ssl-images-amazon.com/images/M/MV5BNzc5N2ZjNWMtNWVkZi00MzYyLTkxNjYtMzc0NjE0MDFjNGQ0XkEyXkFqcGdeQXVyNjc1NTYyMjg@._V1_SX300.jpg,Internet Movie Database,8.0/10,60,8.3,"667,901",ID-217,movie,,,,,,,,,,,http://www.rottentomatoes.com/m/the_revenant_2015/,13 Jan 2015,"$74,223,625",Columbia Pictures,,True
141,It Happened One Night,2006,R,06 Feb 1921,121 min,"Action, Adventure, Sci-Fi",John Huston,"Jake LaMotta (based on the book by), Joseph Carter (with), Peter Savage (with), Paul Schrader (screenplay), Mardik Martin (screenplay)","Virginia Cherrill, Florence Lee, Harry Myers, Al Ernest Garcia",Crooks plan and execute a daring race-track robbery.,"English, Japanese",USA,Won 1 Oscar. Another 20 wins & 24 nominations.,https://images-na.ssl-images-amazon.com/images/M/MV5BMTU0NTkyNzYwMF5BMl5BanBnXkFtZTgwMDU0NDk5MTI@._V1_SX300.jpg,Internet Movie Database,8.7/10,78,8.2,"680,986",ID-218,movie,,,,,,,,,,,http://www.rottentomatoes.com/m/it_happened_one_night/,29 Aug 2000,"$57,300,000",Warner Bros. Pictures/Legendary,,True
106,The Grapes of Wrath,1957,PG-13,25 Aug 1939,118 min,"Animation, Family, Fantasy","Stanley Donen, Gene Kelly","Gene Wilder (screen story and screenplay), Mel Brooks (screen story and screenplay), Mary Shelley (based on characters in the novel ""Frankenstein"" by)","Charles Chaplin, Jack Oakie, Reginald Gardiner, Henry Daniell","Fred Dobbs and Bob Curtin, two Americans searching for work in Mexico, convince an old prospector to help them mine for gold in the Sierra Madre Mountains.","English, Spanish",USA,Nominated for 2 Oscars. Another 8 wins & 4 nominations.,https://images-na.ssl-images-amazon.com/images/M/MV5BOTdiNzJlOWUtNWMwNS00NmFlLWI0YTEtZmI3YjIzZWUyY2Y3XkEyXkFqcGdeQXVyNjU0OTQ0OTY@._V1_SX300.jpg,Internet Movie Database,8.1/10,,8.2,"44,802",ID-219,movie,,,,,,,,,,,http://www.rottentomatoes.com/m/dr_strangelove/,11 Apr 2017,,Universal Pictures,,True
79,The Graduate,1955,R,04 Jan 2002,129 min,"Crime, Drama","Pete Docter, David Silverman, Lee Unkrich",Robert Rodat,"Clint Eastwood, Christopher Carley, Bee Vang, Ahney Her","In 1954, a U.S. marshal investigates the disappearance of a murderess who escaped from a hospital for the criminally insane.",English,USA,Won 1 Oscar. Another 18 wins & 26 nominations.,https://images-na.ssl-images-amazon.com/images/M/MV5BMjIxNTU4MzY4MF5BMl5BanBnXkFtZTgwMzM4ODI3MjE@._V1_SX300.jpg,Internet Movie Database,8.4/10,75,8.3,"116,207",ID-220,movie,,,,,,,,,,,http://www.rottentomatoes.com/m/trainspotting/,01 Nov 2005,,Warner Bros.,http://www.facebook.com/songoftheseamovie,True
1,12 Angry Men,1974,APPROVED,18 Jan 1940,129 min,"Crime, Drama, Thriller","Clyde Bruckman, Buster Keaton","Richard Linklater (screenplay), Julie Delpy (screenplay), Ethan Hawke (screenplay), Richard Linklater (story), Kim Krizan (story), Richard Linklater (characters), Kim Krizan (characters)","Steve McQueen, Dustin Hoffman, Victor Jory, Don Gordon",A blade runner must pursue and try to terminate four replicants who stole a ship in space and have returned to Earth to find their creator.,"English, Italian","USA, UK",Won 3 Oscars. Another 88 wins & 135 nominations.,https://images-na.ssl-images-amazon.com/images/M/MV5BMTY3MjM1Mzc4N15BMl5BanBnXkFtZTgwODM0NzAxMDE@._V1_SX300.jpg,Internet Movie Database,8.0/10,100,9.0,"787,997",ID-221,movie,,,,,,,,,,,http://www.rottentomatoes.com/m/1000642-all_quiet_on_the_western_front/,04 Jun 2002,"$23,472,900",GKIDS,,True
88,The Message,1970,R,17 Dec 2003,91 min,"Action, Adventure, Sci-Fi",Quentin Tarantino,"Paul Thomas Anderson (screenplay), Upton Sinclair (novel)","Sigourney Weaver, Carrie Henn, Michael Biehn, Paul Reiser","In a future British tyranny, a shadowy freedom fighter, known only by the alias of ""V"", plots to overthrow it with the help of a young woman.",English,USA,Won 2 Oscars. Another 22 wins & 55 nominations.,https://images-na.ssl-images-amazon.com/images/M/MV5BODQxMzMyNTY5Nl5BMl5BanBnXkFtZTcwMDMyNTk3OA@@._V1_SX300.jpg,Internet Movie Database,8.1/10,,8.3,"234,351",ID-222,movie,,,,,,,,,,,http://www.rottentomatoes.com/m/the_imitation_game/,02 Nov 1999,"$138,300,000",Warner Bros. Pictures,http://https://www.facebook.com/SavingPrivateRyanMovie,True
237,The Last Picture Show,1962,PG-13,19 Sep 1997,115 min,"Action, Crime, Drama",David Lynch,"Charles Brackett, Billy Wilder, D.M. Marshman Jr.","Billy Bob Thornton, Dwight Yoakam, J.T. Walsh, John Ritter","When a street urchin vies for the love of a beautiful princess, he uses a genie's magic power to make himself off as a prince in order to marry her.","English, Spanish","Italy, USA",35 wins & 70 nominations.,https://images-na.ssl-images-amazon.com/images/M/MV5BNzQzOTk3OTAtNDQ0Zi00ZTVkLWI0MTEtMDllZjNkYzNjNTc4L2ltYWdlXkEyXkFqcGdeQXVyNjU0OTQ0OTY@._V1_SX300.jpg,Internet Movie Database,8.1/10,,8.0,"235,871",ID-223,movie,,,,,,,,,,,http://www.rottentomatoes.com/m/sin_city/,30 Nov 1999,"$14,677,654",Miramax Films,http://www.thedeparted.com/,True
187,Laura,1970,R,17 Jan 1940,148 min,"Action, Thriller",Fred Zinnemann,"Paul Brickhill (book), James Clavell (screenplay), W.R. Burnett (screenplay)","Danny Elfman, Chris Sarandon, Catherine O'Hara, William Hickey","Humanity finds a mysterious, obviously artificial object buried beneath the Lunar surface and, with the intelligent computer H.A.L. 9000, sets off on a quest.",English,"USA, UK",1 win.,https://images-na.ssl-images-amazon.com/images/M/MV5BMTYyNjgwMDg4NF5BMl5BanBnXkFtZTgwNTQ5MTM4MTE@._V1_SX300.jpg,Internet Movie Database,8.1/10,88,8.0,"46,446",ID-224,movie,,,,,,,,,,,http://www.rottentomatoes.com/m/rush_2013/,27 Aug 1997,,Columbia Pictures,,True
136,Barry Lyndon,2017,PG-13,01 Nov 1967,110 min,"Drama, Romance",Clint Eastwood,"Charles Lederer (screen play), Ben Hecht (from the play ""The Front Page""), Charles MacArthur (from the play ""The Front Page"")","Frank Sinatra, Laurence Harvey, Janet Leigh, Angela Lansbury","A poor Midwest family is forced off their land. They travel to California, suffering the misfortunes of the homeless in the Great Depression.","English, Spanish",USA,Won 4 Oscars. Another 30 wins & 23 nominations.,https://images-na.ssl-images-amazon.com/images/M/MV5BMTgxNzY3MzUxOV5BMl5BanBnXkFtZTcwMDA0NjMyNA@@._V1_SX300.jpg,Internet Movie Database,8.1/10,69,8.1,"37,689",ID-225,movie,,,,,,,,,,,http://www.rottentomatoes.com/m/hustler/,10 Sep 2002,,Warner Independent Pictures,,True
167,Rear Window,1957,R,18 Jun 2010,172 min,"Crime, Drama",Rob Reiner,"Linda Woolverton (animation screenplay by), Brenda Chapman (story), Chris Sanders (story), Burny Mattinson (story), Kevin Harkey (story), Brian Pimental (story), Bruce Woodside (story), Joe Ranft (story), Tom Ellery (story), Kelly Asbury (story), Robert Lence (story)","Nicole Kidman, Harriet Andersson, Lauren Bacall, Jean-Marc Barr",A young boy is raised within the confines of a small shed.,"English, Latin, Greek, French, German, Arabic, Kurdish",USA,Nominated for 4 Oscars. Another 15 wins & 30 nominations.,https://images-na.ssl-images-amazon.com/images/M/MV5BMjIxODliZDYtMGMyYy00ZDQzLTgzOTMtMWY5YWEyNTBhNzk5L2ltYWdlL2ltYWdlXkEyXkFqcGdeQXVyMTQxNzMzNDI@._V1_SX300.jpg,Internet Movie Database,8.1/10,,8.1,"862,078",ID-226,movie,,,,,,,,,,,http://www.rottentomatoes.com/m/it_happened_one_night/,10 Oct 2000,,The Weinstein Co.,,True
34,2001: A Space Odyssey,1994,R,03 Aug 2007,95 min,"Adventure, Drama, Fantasy",Edward Zwick,"Keir Pearson, Terry George","Marilyn Monroe, Tony Curtis, Jack Lemmon, George Raft","The story of Henry Hill and his life through the teen years into the years of mafia, covering his relationship with wife Karen Hill and his Mob partners Jimmy Conway and Tommy DeVitto in the Italian-American crime syndicate.",English,USA,Nominated for 3 Oscars. Another 45 wins & 92 nominations.,https://images-na.ssl-images-amazon.com/images/M/MV5BODM3YWY4NmQtN2Y3Ni00OTg0LWFhZGQtZWE3ZWY4MTJlOWU4XkEyXkFqcGdeQXVyNjU0OTQ0OTY@._V1_SX300.jpg,Internet Movie Database,8.0/10,80,8.5,"281,843",ID-227,movie,,,,,,,,,,,http://www.rottentomatoes.com/m/1003318-butch_cassidy_and_the_sundance_kid/,29 Jun 1999,,Paramount Pictures,,True
250,Batman Begins,2014,NOT RATED,06 Jun 1956,122 min,"Action, Adventure, Comedy","Andrew Stanton, Lee Unkrich",Christopher Nolan,"Robert De Niro, Ray Liotta, Joe Pesci, Lorraine Bracco",An in-depth examination of the ways in which the U.S. Vietnam War impacts and disrupts the lives of people in a small industrial town in Pennsylvania.,English,"Lebanon, Libya, Kuwait, Morocco, UK",Nominated for 4 Oscars. Another 21 wins & 15 nominations.,https://images-na.ssl-images-amazon.com/images/M/MV5BMDIzODcyY2EtMmY2MC00ZWVlLTgwMzAtMjQwOWUyNmJjNTYyXkEyXkFqcGdeQXVyNDk3NzU2MTQ@._V1_SX300.jpg,Internet Movie Database,8.1/10,64,8.0,"519,405",ID-228,movie,,,,,,,,,,,http://www.rottentomatoes.com/m/whos_afraid_of_virginia_woolf/,14 Apr 1997,,Universal City Studios,http://www.thegodfather.com,True
95,Jaws,2000,R,08 Dec 2006,146 min,"Adventure, Comedy, Drama","Dean DeBlois, Chris Sanders",Robert Towne,"Leonardo DiCaprio, Mark Ruffalo, Ben Kingsley, Max von Sydow",The Guardians must fight to keep their newfound family together as they unravel the mystery of Peter Quill's true parentage.,English,USA,Nominated for 4 Oscars. Another 6 wins & 2 nominations.,https://images-na.ssl-images-amazon.com/images/M/MV5BMjQwODQwNTg4OV5BMl5BanBnXkFtZTgwMTk4MTAzMjI@._V1_SX300.jpg,Internet Movie Database,8.3/10,97,8.2,"48,842",ID-229,movie,,,,,,,,,,,http://www.rottentomatoes.com/m/la_la_land/,03 Dec 2012,"$30,029,105",20th Century Fox,,True
103,Eternal Sunshine of the Spotless Mind,1946,APPROVED,20 Jun 1975,130 min,"Drama, War",Francis Ford Coppola,"Herman J. Mankiewicz (original screen play), Orson Welles (original screen play)","Ben Affleck, Rosamund Pike, Neil Patrick Harris, Tyler Perry","With the aid of a wealthy erratic tippler, a dewy-eyed tramp who has fallen in love with a sightless flower girl accumulates money to be able to help her medically.",English,"France, UK, USA",Nominated for 1 Oscar. Another 25 wins & 34 nominations.,https://images-na.ssl-images-amazon.com/images/M/MV5BODE1MDczNTUxOV5BMl5BanBnXkFtZTcwMTA0NDQyNA@@._V1_SX300.jpg,Internet Movie Database,8.5/10,,8.2,"291,865",ID-230,movie,,,,,,,,,,,http://www.rottentomatoes.com/m/seven/,09 Dec 1997,,Warner Bros. Pictures,,True
27,WALL·E,2013,GP,06 Feb 1974,131 min,Drama,George Roy Hill,"Ethan Coen, Joel Coen","Steve McQueen, Dustin Hoffman, Victor Jory, Don Gordon","Luke Skywalker joins forces with a Jedi Knight, a cocky pilot, a wookiee and two droids to save the galaxy from the Empire's world-destroying battle-station, while also attempting to rescue Princess Leia from the evil Darth Vader.",English,USA,Won 2 Oscars. Another 85 wins & 77 nominations.,https://images-na.ssl-images-amazon.com/images/M/MV5BMTQ1MjAwNTM5Ml5BMl5BanBnXkFtZTYwNDM0MTc3._V1_SX300.jpg,Internet Movie Database,8.4/10,86,8.6,"424,781",ID-231,movie,,,,,,,,,,,http://www.rottentomatoes.com/m/indiana_jones_and_the_last_crusade/,29 Aug 2000,,New Line Cinema,http://www.paramount.com/movies/forrest-gump/,True
151,The Manchurian Candidate,1941,R,10 Oct 2003,116 min,"Action, Sci-Fi, Thriller",Christopher Nolan,"Sean Penn (screenplay), Jon Krakauer (book)","Sissy Spacek, Jane Galloway Heitz, Joseph A. Carpenter, Donald Wiegert","When a Roman general is betrayed and his family murdered by an emperor's corrupt son, he comes to Rome as a gladiator to seek revenge.","English, Quenya, Old English, Sindarin","USA, UK",Won 1 Oscar. Another 60 wins & 68 nominations.,https://images-na.ssl-images-amazon.com/images/M/MV5BMDIzODcyY2EtMmY2MC00ZWVlLTgwMzAtMjQwOWUyNmJjNTYyXkEyXkFqcGdeQXVyNDk3NzU2MTQ@._V1_SX300.jpg,Internet Movie Database,8.2/10,67,8.1,"80,730",ID-232,movie,,,,,,,,,,,http://www.rottentomatoes.com/m/best_years_of_our_lives/,02 Nov 1999,"$202,313,768",MCA Universal Home Video,http://www.disney.com/beautyandthebeast,True
99,The Godfather: Part II,2017,R,25 Dec 2014,136 min,"Crime, Drama",Richard Marquand,"Drew Goddard (screenplay), Andy Weir (based on the novel by)","Jeff Bridges, John Goodman, Julianne Moore, Steve Buscemi",A weatherman finds himself inexplicably living the same day over and over again.,"English, Hmong",USA,Won 2 Oscars. Another 37 wins & 95 nominations.,https://images-na.ssl-images-amazon.com/images/M/MV5BNjMxZWIyYzQtNjYzNy00NTk1LTg3ZDEtZDRmZmMxYmY4YmVjXkEyXkFqcGdeQXVyNjU0OTQ0OTY@._V1_SX300.jpg,Internet Movie Database,8.8/10,,8.2,"67,045",ID-233,movie,,,,,,,,,,,http://www.rottentomatoes.com/m/django_unchained_2012/,28 Dec 1999,,Focus Features,,True
47,Slumdog Millionaire,1984,PG-13,11 Apr 1952,95 min,"Crime, Drama",Steven Spielberg,"Lawrence Kasdan, J.J. Abrams, Michael Arndt, George Lucas (based on characters created by)","Kevin Spacey, Russell Crowe, Guy Pearce, James Cromwell",A police detective falls in love with the woman whose murder he is investigating.,English,USA,Won 7 Oscars. Another 71 wins & 33 nominations.,https://images-na.ssl-images-amazon.com/images/M/MV5BNTM5OTg2NDY1NF5BMl5BanBnXkFtZTcwNTQ4MTMwNw@@._V1_SX300.jpg,Internet Movie Database,8.1/10,,8.6,"724,665",ID-234,movie,,,,,,,,,,,http://www.rottentomatoes.com/m/back_to_the_future/,15 Feb 2000,,New Line Cinema,,True
13,Star Wars: The Force Awakens,1968,PASSED,19 Dec 1980,149 min,Drama,Denis Villeneuve,Alan Ball,"Charles Chaplin, Jack Oakie, Reginald Gardiner, Henry Daniell",A man's coerced confession to an IRA bombing he did not commit results in the imprisonment of his father as well. An English lawyer fights to free them.,"English, Spanish","UK, USA",Won 3 Oscars. Another 7 wins & 15 nominations.,https://images-na.ssl-images-amazon.com/images/M/MV5BOWFlNzZhYmYtYTI5YS00MDQyLWIyNTUtNTRjMWUwNTEzNjA0XkEyXkFqcGdeQXVyNjUwNzk3NDc@._V1_SX300.jpg,Internet Movie Database,8.1/10,89,8.5,"75,931",ID-235,movie,,,,,,,,,,,http://www.rottentomatoes.com/m/toy_story_3/,05 Oct 1999,,Walt Disney Pictures,http://www.therewillbeblood.com,True
187,Young Frankenstein,2004,NOT RATED,18 Jun 2010,118 min,"Comedy, Romance",Wim Wenders,Peter Morgan,"Mark Hamill, Harrison Ford, Carrie Fisher, Billy Dee Williams","WWII American Army Medic Desmond T. Doss, who served during the Battle of Okinawa, refuses to kill people, and becomes the first man in American history to receive the Medal of Honor without firing a shot.","English, German","UK, USA",Won 5 Oscars. Another 5 wins & 1 nomination.,https://images-na.ssl-images-amazon.com/images/M/MV5BYjJiZjMzYzktNjU0NS00OTkxLWEwYzItYzdhYWJjN2QzMTRlL2ltYWdlL2ltYWdlXkEyXkFqcGdeQXVyNjU0OTQ0OTY@._V1_SX300.jpg,Internet Movie Database,8.0/10,82,8.0,"83,328",ID-236,movie,,,,,,,,,,,http://www.rottentomatoes.com/m/fight_club/,16 May 2000,,Dimension Films,,True
8,Toy Story 3,1937,PG,17 Mar 2006,183 min,"Biography, Crime, Drama",Mike Nichols,Paul Thomas Anderson,"Jeff Bridges, John Goodman, Julianne Moore, Steve Buscemi","An astronaut becomes stranded on Mars after his team assume him dead, and must rely on his ingenuity to find a way to signal to Earth that he is alive.","English, Spanish","UK, USA",Nominated for 1 Golden Globe. Another 16 wins & 9 nominations.,https://images-na.ssl-images-amazon.com/images/M/MV5BMTUxMzQyNjA5MF5BMl5BanBnXkFtZTYwOTU2NTY3._V1_SX300.jpg,Internet Movie Database,8.5/10,,8.8,"56,783",ID-237,movie,,,,,,,,,,,http://www.rottentomatoes.com/m/1019196-sleuth/,31 Mar 2015,,Almi Cinema 5,http://www.thegodfather.com/,True
221,The Dark Knight,1975,APPROVED,11 Dec 1962,121 min,"Drama, Western",Martin Scorsese,"Pete Docter (original story by), Jill Culton (original story by), Jeff Pidgeon (original story by), Ralph Eggleston (original story by), Andrew Stanton (screenplay), Daniel Gerson (screenplay)","Uma Thurman, Lucy Liu, Vivica A. Fox, Daryl Hannah",A weatherman finds himself inexplicably living the same day over and over again.,English,USA,Won 1 Oscar. Another 6 wins & 20 nominations.,https://images-na.ssl-images-amazon.com/images/M/MV5BY2FmODc2N2QtYmY3MS00YTMwLWI2NGYtZWRmYWVkNjFjZmI0XkEyXkFqcGdeQXVyNTMxMjgxMzA@._V1_SX300.jpg,Internet Movie Database,8.4/10,99,8.0,"67,315",ID-238,movie,,,,,,,,,,,http://www.rottentomatoes.com/m/lawrence_of_arabia/,21 Sep 1999,,Twentieth Century Fox,http://disney.go.com/monstersinc/index.html,True
62,The Wizard of Oz,2003,R,12 Feb 2016,105 min,"Action, Adventure, Fantasy",Alfred Hitchcock,John Briley,"Benedict Cumberbatch, Keira Knightley, Matthew Goode, Rory Kinnear","In a city of anthropomorphic animals, a rookie bunny cop and a cynical con artist fox must work together to uncover a conspiracy.",English,"USA, India, United Arab Emirates",Won 1 Oscar. Another 129 wins & 165 nominations.,https://images-na.ssl-images-amazon.com/images/M/MV5BMjM4NTI5NzYyNV5BMl5BanBnXkFtZTgwNTkxNTYxMTE@._V1_SX300.jpg,Internet Movie Database,8.2/10,77,8.3,"102,340",ID-239,movie,,,,,,,,,,,http://www.rottentomatoes.com/m/raiders_of_the_lost_ark/,31 Mar 1998,,20th Century Fox,http://movies.go.com/moviesdynamic/movies/movie?id=505420,True
205,Stalag 17,2008,UNRATED,25 Dec 1973,68 min,"Adventure, Family, Fantasy",Robert Aldrich,"Ron Clements (screenplay), John Musker (screenplay), Ted Elliott (screenplay), Terry Rossio (screenplay), Burny Mattinson (story), Roger Allers (story), Daan Jippes (story), Kevin Harkey (story), Sue C. Nichols (story), Francis Glebas (story), Darrell Rooney (story), Larry Leker (story), James Fujii (story), Kirk Hanson (story), Kevin Lima (story), Rebecca Rees (story), David S. Smith (story), Chris Sanders (story), Brian Pimental (story), Patrick A. Ventura (story)","Clint Eastwood, Christopher Carley, Bee Vang, Ahney Her",The Guardians must fight to keep their newfound family together as they unravel the mystery of Peter Quill's true parentage.,English,"France, UK, USA",Won 11 Oscars. Another 197 wins & 122 nominations.,https://images-na.ssl-images-amazon.com/images/M/MV5BMTg2MzI1MTg3OF5BMl5BanBnXkFtZTgwNTU3NDA2MTI@._V1_SX300.jpg,Internet Movie Database,8.0/10,59,8.0,"121,147",ID-240,movie,,,,,,,,,,,http://www.rottentomatoes.com/m/1017776-rocky/,09 Dec 1997,,Universal International Pictur,,True
250,Sleuth,1940,PASSED,22 Sep 1995,111 min,"Crime, Drama, Thriller",Sergio Leone,"James Gunn, Nicole Perlman, Dan Abnett (based on the Marvel comics by), Andy Lanning (based on the Marvel comics by), Bill Mantlo (character created by: Rocket Raccoon), Keith Giffen (character created by: Rocket Raccoon), Jim Starlin (characters created by: Drax the Destroyer,  Gamora,  Thanos), Steve Englehart (character created by: Star-Lord), Steve Gan (character created by: Star-Lord), Steve Gerber (character created by: Howard the Duck), Val Mayerik (character created by: Howard the Duck)","Colin Firth, Helena Bonham Carter, Derek Jacobi, Robert Portal","While home sick in bed, a young boy's grandfather reads him a story called The Princess Bride.",English,USA,7 wins & 27 nominations.,https://images-na.ssl-images-amazon.com/images/M/MV5BZmExNmEwYWItYmQzOS00YjA5LTk2MjktZjEyZDE1Y2QxNjA1XkEyXkFqcGdeQXVyMTQxNzMzNDI@._V1_SX300.jpg,Internet Movie Database,8.3/10,88,8.0,"83,328",ID-241,movie,,,,,,,,,,,http://www.rottentomatoes.com/m/dead_poets_society/,06 Feb 2001,,Fox Searchlight,http://www.sonypictures.com/movies/spidermanhomecoming/,True
250,Whiplash,1946,R,30 May 2003,201 min,"Film-Noir, Mystery, Thriller",Moustapha Akkad,"Frances Goodrich (screenplay), Albert Hackett (screenplay), Frank Capra (screenplay), Jo Swerling (additional scenes), Philip Van Doren Stern (story)","Myrna Loy, Fredric March, Dana Andrews, Teresa Wright","In a future British tyranny, a shadowy freedom fighter, known only by the alias of ""V"", plots to overthrow it with the help of a young woman.","English, American Sign Language","Ireland, UK, USA",Nominated for 8 Oscars. Another 10 wins & 14 nominations.,https://images-na.ssl-images-amazon.com/images/M/MV5BMjQwODQwNTg4OV5BMl5BanBnXkFtZTgwMTk4MTAzMjI@._V1_SX300.jpg,Internet Movie Database,8.1/10,86,8.0,"707,806",ID-242,movie,,,,,,,,,,,http://www.rottentomatoes.com/m/1000013-12_angry_men/,18 May 1999,"$533,316,061",Cinedigm,http://starwars.com/,True
43,Anatomy of a Murder,1958,R,15 Oct 1999,106 min,"Drama, Sport",James Cameron,"Billy Wilder, I.A.L. Diamond","Robin Williams, Robert Sean Leonard, Ethan Hawke, Josh Charles",An up-and-coming pool player plays a long-time champion in a single high-stakes match.,"English, Arabic",USA,Won 8 Oscars. Another 21 wins & 9 nominations.,https://images-na.ssl-images-amazon.com/images/M/MV5BMjM2MDgxMDg0Nl5BMl5BanBnXkFtZTgwNTM2OTM5NDE@._V1_SX300.jpg,Internet Movie Database,8.0/10,99,8.4,"580,090",ID-243,movie,,,,,,,,,,,http://www.rottentomatoes.com/m/vertigo/,09 Mar 2010,,Paramount Pictures,,True
196,The Help,1954,R,15 Sep 1995,113 min,"Adventure, Drama, Thriller",Richard Linklater,"Walon Green (screenplay), Sam Peckinpah (screenplay), Walon Green (story), Roy N. Sickner (story)","Leonardo DiCaprio, Matt Damon, Jack Nicholson, Mark Wahlberg",A disillusioned college graduate finds himself torn between his older lover and her daughter.,English,"USA, UK",Won 3 Oscars. Another 16 wins & 21 nominations.,https://images-na.ssl-images-amazon.com/images/M/MV5BYTYxNGMyZTYtMjE3MS00MzNjLWFjNmYtMDk3N2FmM2JiM2M1XkEyXkFqcGdeQXVyNjY5NDU4NzI@._V1_SX300.jpg,Internet Movie Database,8.2/10,84,8.0,"474,776",ID-244,movie,,,,,,,,,,,http://www.rottentomatoes.com/m/rain_man/,28 Aug 2001,,Focus Features,,True
21,Touch of Evil,1999,R,25 Dec 2012,138 min,"Animation, Adventure, Comedy","Dean DeBlois, Chris Sanders","H.A.L. Craig, Tewfik El-Hakim, A.B. Jawdat El-Sahhar, A.B. Rahman El-Sharkawi, Mohammad Ali Maher","Vivien Leigh, Marlon Brando, Kim Hunter, Karl Malden","In German-occupied Poland during World War II, Oskar Schindler gradually becomes concerned for his Jewish workforce after witnessing their persecution by the Nazi Germans.",English,USA,Nominated for 2 Oscars. Another 50 wins & 96 nominations.,https://images-na.ssl-images-amazon.com/images/M/MV5BNjUyMTc4MDExMV5BMl5BanBnXkFtZTgwNDg0NDIwMjE@._V1_SX300.jpg,Internet Movie Database,8.1/10,,8.7,"272,500",ID-245,movie,,,,,,,,,,,http://www.rottentomatoes.com/m/1068182-heat/,06 Dec 2011,"$94,240,635",Xenon,http://vforvendetta.warnerbros.com/,True
172,Groundhog Day,1978,APPROVED,17 Mar 2006,95 min,Drama,David Lynch,"Leigh Brackett (screenplay), Lawrence Kasdan (screenplay), George Lucas (story by)","Ethan Hawke, Julie Delpy, Andrea Eckert, Hanno Pöschl","A thief, who steals corporate secrets through use of dream-sharing technology, is given the inverse task of planting an idea into the mind of a CEO.","English, Russian, Vietnamese, French","UK, India, USA",Nominated for 1 Oscar. Another 10 wins & 35 nominations.,https://images-na.ssl-images-amazon.com/images/M/MV5BMzJiZDRmOWUtYjE2MS00Mjc1LTg1ZDYtNTQxYWJkZTg1OTM4XkEyXkFqcGdeQXVyNjUwNzk3NDc@._V1_SX300.jpg,Internet Movie Database,8.1/10,84,8.1,"36,301",ID-246,movie,,,,,,,,,,,http://www.rottentomatoes.com/m/blood_diamond/,19 Mar 2002,,MGM,http://www.indianajones.com/raiders/,True
158,High Noon,1971,R,14 Dec 1957,118 min,"Mystery, Thriller",Sergio Leone,"Christopher De Vore (screenplay), Eric Bergren (screenplay), David Lynch (screenplay), Frederick Treves (book), Ashley Montagu (in part on the book ""The Elephant Man: A Study in Human Dignity"")","Rowan Atkinson, Matthew Broderick, Niketa Calame, Jim Cummings",A former prisoner of war is brainwashed as an unwitting assassin for an international Communist conspiracy.,"English, Spanish",USA,Won 6 Oscars. Another 50 wins & 28 nominations.,https://images-na.ssl-images-amazon.com/images/M/MV5BMTAwNDEyODU1MjheQTJeQWpwZ15BbWU2MDc3NDQwNw@@._V1_SX300.jpg,Internet Movie Database,8.5/10,,8.1,"119,905",ID-247,movie,,,,,,,,,,,http://www.rottentomatoes.com/m/to_kill_a_mockingbird/,06 Apr 2004,"$40,133,435",Paramount Vantage,,True
145,Spotlight,1931,R,25 Dec 1975,154 min,"Drama, Romance, War",Wes Anderson,Sylvester Stallone,"William Holden, Gloria Swanson, Erich von Stroheim, Nancy Olson","When their relationship turns sour, a couple undergoes a procedure to have each other erased from their memories. But it is only through the process of loss that they discover what they had to begin with.","English, Esperanto",USA,Nominated for 2 Golden Globes. Another 6 wins & 62 nominations.,https://images-na.ssl-images-amazon.com/images/M/MV5BMWQ0ZGU3NDUtYjRkNS00Yzg4LTgxMTItMjExYjg3ZjgyMGRkXkEyXkFqcGdeQXVyNjU0OTQ0OTY@._V1_SX300.jpg,Internet Movie Database,8.2/10,100,8.1,"122,177",ID-248,movie,,,,,,,,,,,http://www.rottentomatoes.com/m/once_upon_a_time_in_america/,04 Jun 2002,,Fox,,True
180,Léon: The Professional,1986,R,12 Jul 1973,88 min,"Crime, Drama",Quentin Tarantino,"Simon Beaufoy (screenplay), Vikas Swarup (novel)","Anne Bancroft, Dustin Hoffman, Katharine Ross, William Daniels",Crooks plan and execute a daring race-track robbery.,English,USA,Won 3 Oscars. Another 23 wins & 27 nominations.,https://images-na.ssl-images-amazon.com/images/M/MV5BZjA0MTM4MTQtNzY5MC00NzY3LWI1ZTgtYzcxMjkyMzU4MDZiXkEyXkFqcGdeQXVyNDYyMDk5MTU@._V1_SX300.jpg,Internet Movie Database,8.0/10,67,8.1,"75,931",ID-249,movie,,,,,,,,,,,http://www.rottentomatoes.com/m/american_beauty/,05 Jun 2001,,New Line Cinema,,True
131,Trainspotting,1942,UNRATED,24 Feb 1927,135 min,"Comedy, Crime, Thriller",Stanley Kubrick,David S. Ward,"Martin Balsam, John Fiedler, Lee J. Cobb, E.G. Marshall","John McClane, officer of the NYPD, tries to save his wife Holly Gennaro and several others that were taken hostage by German terrorist Hans Gruber during a Christmas party at the Nakatomi Plaza in Los Angeles.","English, Spanish",USA,Won 4 Oscars. Another 63 wins & 83 nominations.,https://images-na.ssl-images-amazon.com/images/M/MV5BNzQzMzJhZTEtOWM4NS00MTdhLTg0YjgtMjM4MDRkZjUwZDBlXkEyXkFqcGdeQXVyNjU0OTQ0OTY@._V1_SX300.jpg,Internet Movie Database,8.0/10,84,8.1,"64,044",ID-250,movie,,,,,,,,,,,http://www.rottentomatoes.com/m/usual_suspects/,02 Nov 1999,,Twentieth Century Fox,http://marvel.com/avengers_movie,True
244,It's a Wonderful Life,1962,PG-13,21 Aug 2009,238 min,"Comedy, Family",Otto Preminger,"Robert Riskin (screen play), Samuel Hopkins Adams (based on the short story by)","Joel Edgerton, Tom Hardy, Nick Nolte, Jennifer Morrison","The lives of guards on Death Row are affected by one of their charges: a black man accused of child murder and rape, yet who has a mysterious gift.","English, Spanish",USA,Won 1 Oscar. Another 129 wins & 165 nominations.,https://images-na.ssl-images-amazon.com/images/M/MV5BYTViNjMyNmUtNDFkNC00ZDRlLThmMDUtZDU2YWE4NGI2ZjVmXkEyXkFqcGdeQXVyNjU0OTQ0OTY@._V1_SX300.jpg,Internet Movie Database,8.7/10,,8.0,"336,430",ID-251,movie,,,,,,,,,,,http://www.rottentomatoes.com/m/rio_bravo/,30 Nov 1999,,Warner Bros. Pictures,,True
175,Mr. Smith Goes to Washington,1959,PG,18 Jun 2010,139 min,"Adventure, Drama, History",Stanley Kubrick,Ben Hecht,"Ansel Elgort, Jon Bernthal, Jon Hamm, Eiza González",A young F.B.I. cadet must confide in an incarcerated and manipulative killer to receive his help on catching another serial killer who skins his victims.,"English, German, Latin",USA,Won 5 Oscars. Another 30 wins & 13 nominations.,https://images-na.ssl-images-amazon.com/images/M/MV5BMjM3MjQ1MzkxNl5BMl5BanBnXkFtZTgwODk1ODgyMjI@._V1_SX300.jpg,Internet Movie Database,8.0/10,,8.1,"33,478",ID-252,movie,,,,,,,,,,,http://www.rottentomatoes.com/m/patton/,29 Aug 2000,"$292,568,851",Miramax Films,,True
228,Mr. Smith Goes to Washington,1945,R,30 Jun 1951,87 min,"Comedy, Crime, Thriller",Tomm Moore,"Graham Chapman, John Cleese, Eric Idle, Terry Gilliam, Terry Jones, Michael Palin","Charlton Heston, Janet Leigh, Orson Welles, Joseph Calleia",Lion cub and future king Simba searches for his identity. His eagerness to please others and penchant for testing his boundaries sometimes gets him into trouble.,English,"USA, UK",Won 1 Oscar. Another 1 win & 5 nominations.,https://images-na.ssl-images-amazon.com/images/M/MV5BMjA2NzYzMjE3MF5BMl5BanBnXkFtZTgwNDExMDY0MzE@._V1_SX300.jpg,Internet Movie Database,8.1/10,,8.0,"44,802",ID-253,movie,,,,,,,,,,,http://www.rottentomatoes.com/m/nightmare_before_christmas/,19 Apr 2011,"$141,243,551",United Artists,http://www.mrsmithmovie.com/,True
250,The Matrix,1994,UNRATED,04 Feb 1994,132 min,"Crime, Drama, Thriller",Michael Cimino,"Leigh Brackett (screenplay), Lawrence Kasdan (screenplay), George Lucas (story by)","Nicole Kidman, Harriet Andersson, Lauren Bacall, Jean-Marc Barr",An insurance representative lets himself be talked into a murder/insurance fraud scheme that arouses an insurance investigator's suspicions.,English,"Netherlands, Denmark, UK, France, Finland, Sweden, Germany, Italy, Norway",8 wins & 62 nominations.,https://images-na.ssl-images-amazon.com/images/M/MV5BMTI2MzQyNTc1M15BMl5BanBnXkFtZTYwMjExNjc3._V1_SX300.jpg,Internet Movie Database,8.0/10,71,8.0,"76,513",ID-254,movie,,,,,,,,,,,http://www.rottentomatoes.com/m/1020333-streetcar_named_desire/,04 Jun 2002,"$2,546,851",Paramount Pictures,,True
70,Indiana Jones and the Last Crusade,1954,APPROVED,19 Sep 1984,107 min,Drama,Garth Davis,"Mark L. Smith (screenplay), Alejandro González Iñárritu (screenplay), Michael Punke (based in part on the novel by)","Marilyn Monroe, Tony Curtis, Jack Lemmon, George Raft",An in-depth examination of the ways in which the U.S. Vietnam War impacts and disrupts the lives of people in a small industrial town in Pennsylvania.,English,UK,Nominated for 4 Oscars. Another 21 wins & 15 nominations.,https://images-na.ssl-images-amazon.com/images/M/MV5BM2EzZmFmMmItODY3Zi00NjdjLWE0MTYtZWQ3MGIyM2M4YjZhXkEyXkFqcGdeQXVyMzg2MzE2OTE@._V1_SX300.jpg,Internet Movie Database,8.3/10,87,8.4,"782,275",ID-255,movie,,,,,,,,,,,http://www.rottentomatoes.com/m/1046060-high_noon/,25 Sep 2012,"$292,568,851",Orion Pictures Corporation,http://theimitationgamemovie.com/,True
199,Modern Times,1995,R,01 Aug 2014,98 min,Drama,"Quentin Tarantino, Eli Roth","H.A.L. Craig, Tewfik El-Hakim, A.B. Jawdat El-Sahhar, A.B. Rahman El-Sharkawi, Mohammad Ali Maher","William Holden, Alec Guinness, Jack Hawkins, Sessue Hayakawa",Neurotic New York comedian Alvy Singer falls in love with the ditzy Annie Hall.,"English, French, Latin, Scottish Gaelic","USA, New Zealand",Nominated for 5 Oscars. Another 6 wins & 1 nomination.,https://images-na.ssl-images-amazon.com/images/M/MV5BMTI2MzQyNTc1M15BMl5BanBnXkFtZTYwMjExNjc3._V1_SX300.jpg,Internet Movie Database,8.1/10,,8.0,"220,459",ID-256,movie,,,,,,,,,,,http://www.rottentomatoes.com/m/the_amazing_spider_man_3/,19 Jun 2001,,Warner Bros. Pictures,,True
44,Zootopia,1973,R,04 Nov 2016,97 min,"Adventure, Drama, Thriller",Stanley Kubrick,"Donn Pearce (screenplay), Frank Pierson (screenplay), Donn Pearce (novel)","Ray Milland, Jane Wyman, Phillip Terry, Howard Da Silva",A 20-something supervising staff member of a residential treatment facility navigates the troubled waters of that world alongside her co-worker and longtime boyfriend.,"English, Irish, Scottish Gaelic",USA,Won 8 Oscars. Another 10 wins & 9 nominations.,https://images-na.ssl-images-amazon.com/images/M/MV5BMjIyNTQ5NjQ1OV5BMl5BanBnXkFtZTcwODg1MDU4OA@@._V1_SX300.jpg,Internet Movie Database,8.0/10,69,8.4,"110,576",ID-257,movie,,,,,,,,,,,http://www.rottentomatoes.com/m/the_imitation_game/,04 May 2004,,GKIDS,http://www.foxmovies.com/deadpool,True
6,Rain Man,1932,R,20 Nov 1998,180 min,Drama,Francis Ford Coppola,"Robert E. Sherwood (screen play), MacKinlay Kantor (from a novel by)","Farley Granger, Ruth Roman, Robert Walker, Leo G. Carroll","Greed, deception, money, power, and murder occur between two best friends: a mafia underboss and a casino owner, for a trophy wife over a gambling empire.","English, German, French, Russian, Arabic, Italian",USA,3 wins & 11 nominations.,https://images-na.ssl-images-amazon.com/images/M/MV5BYTNhZDFkN2ItMmZjNy00ODUwLTk1Y2MtMDZhYTA2N2MyNDU5XkEyXkFqcGdeQXVyMTMxODk2OTU@._V1_SX300.jpg,Internet Movie Database,8.0/10,100,8.9,"724,665",ID-258,movie,,,,,,,,,,,http://www.rottentomatoes.com/m/wall_e/,16 Aug 2005,"$47,611,331",Miramax Films,http://www.rialtopictures.com/thirdman,True
162,Se7en,1962,R,27 Jun 2008,164 min,"Comedy, Music, Musical",David Yates,Charles Chaplin,"John Wayne, Dean Martin, Ricky Nelson, Angie Dickinson",A boy who communicates with spirits that don't know they're dead seeks the help of a disheartened child psychologist.,"English, French, German, Latin",USA,Nominated for 2 Oscars. Another 23 wins & 99 nominations.,https://images-na.ssl-images-amazon.com/images/M/MV5BMjA0ODU0OTQ5N15BMl5BanBnXkFtZTgwMzYzMzIxMDE@._V1_SX300.jpg,Internet Movie Database,8.0/10,90,8.0,"116,207",ID-259,movie,,,,,,,,,,,http://www.rottentomatoes.com/m/1068182-heat/,01 Dec 1998,,RKO Radio Pictures,http://www.thedeparted.com/,True
250,The Nightmare Before Christmas,1993,PG-13,14 Mar 1997,126 min,"Drama, War",Billy Wilder,"Oliver Stone (screenplay), Zachary Sklar (screenplay), Jim Garrison (book), Jim Marrs (book)","Hugh Jackman, Patrick Stewart, Dafne Keen, Boyd Holbrook","After his son is captured in the Great Barrier Reef and taken to Sydney, a timid clownfish sets out on a journey to bring him home.",English,USA,Won 2 Oscars. Another 25 wins & 18 nominations.,https://images-na.ssl-images-amazon.com/images/M/MV5BMTI1MTY2OTIxNV5BMl5BanBnXkFtZTYwNjQ4NjY3._V1_SX300.jpg,Internet Movie Database,8.0/10,64,8.0,"251,296",ID-260,movie,,,,,,,,,,,http://www.rottentomatoes.com/m/princess_bride/,10 Jun 2003,"$30,029,105",United Artists,http://www.starwars.com/episode-vi/,True
134,Finding Nemo,1966,NOT RATED,01 Apr 2005,152 min,"Action, Adventure, Fantasy",Gavin O'Connor,"James Ellroy (novel), Brian Helgeland (screenplay), Curtis Hanson (screenplay)","Sigourney Weaver, Carrie Henn, Michael Biehn, Paul Reiser","A story of family, religion, hatred, oil and madness, focusing on a turn-of-the-century prospector in the early days of the business.",English,"UK, South Africa, Italy",Won 1 Oscar. Another 37 wins & 35 nominations.,https://images-na.ssl-images-amazon.com/images/M/MV5BNGYyZGM5MGMtYTY2Ni00M2Y1LWIzNjQtYWUzM2VlNGVhMDNhXkEyXkFqcGdeQXVyMTMxODk2OTU@._V1_SX300.jpg,Internet Movie Database,8.3/10,92,8.1,"291,865",ID-261,movie,,,,,,,,,,,http://www.rottentomatoes.com/m/killing/,05 Jan 1999,"$226,252,579",20th Century Fox,http://www.thegrantorino.com/,True
16,2001: A Space Odyssey,2017,PG,25 Dec 2002,136 min,"Adventure, Comedy, Fantasy",Tom McCarthy,David Webb Peoples,"Marlon Brando, Karl Malden, Lee J. Cobb, Rod Steiger",A boy who communicates with spirits that don't know they're dead seeks the help of a disheartened child psychologist.,English,USA,Won 2 Oscars. Another 79 wins & 59 nominations.,https://images-na.ssl-images-amazon.com/images/M/MV5BMzAwNjU1OTktYjY3Mi00NDY5LWFlZWUtZjhjNGE0OTkwZDkwXkEyXkFqcGdeQXVyMTQxNzMzNDI@._V1_SX300.jpg,Internet Movie Database,8.8/10,,8.6,"458,316",ID-262,movie,,,,,,,,,,,http://www.rottentomatoes.com/m/the_amazing_spider_man_3/,01 Jan 1998,,United Artists,http://www.jaws25.com/,True
19,It's a Wonderful Life,1986,G,17 Jan 1940,95 min,"Animation, Adventure, Comedy",Clint Eastwood,"Joseph Stefano (screenplay), Robert Bloch (novel)","Jake Gyllenhaal, Holmes Osborne, Maggie Gyllenhaal, Daveigh Chase","The early life and career of Vito Corleone in 1920s New York is portrayed while his son, Michael, expands and tightens his grip on the family crime syndicate.",English,"France, Poland, Germany, UK",Won 5 Oscars. Another 17 wins & 23 nominations.,https://images-na.ssl-images-amazon.com/images/M/MV5BZTRmNjQ1ZDYtNDgzMy00OGE0LWE4N2YtNTkzNWQ5ZDhlNGJmL2ltYWdlL2ltYWdlXkEyXkFqcGdeQXVyNjU0OTQ0OTY@._V1_SX300.jpg,Internet Movie Database,8.6/10,,8.7,"358,261",ID-263,movie,,,,,,,,,,,http://www.rottentomatoes.com/m/dogville/,11 Jul 2000,,20th Century Fox,,True
241,The Big Lebowski,1997,PG,06 Aug 1999,131 min,"Biography, Drama, History",Clint Eastwood,"Billy Wilder (screenplay), I.A.L. Diamond (screenplay), Robert Thoeren (suggested by a story by), Michael Logan (suggested by a story by)","Virginia Cherrill, Florence Lee, Harry Myers, Al Ernest Garcia","Two imprisoned men bond over a number of years, finding solace and eventual redemption through acts of common decency.","English, Sindarin, Old English",USA,7 wins & 27 nominations.,https://images-na.ssl-images-amazon.com/images/M/MV5BMWM4NTFhYjctNzUyNi00NGMwLTk3NTYtMDIyNTZmMzRlYmQyXkEyXkFqcGdeQXVyMTAwMzUyOTc@._V1_SX300.jpg,Internet Movie Database,8.3/10,,8.0,"358,261",ID-264,movie,,,,,,,,,,,http://www.rottentomatoes.com/m/gone_with_the_wind/,08 Feb 2000,,Lionsgate,http://lionmovie.com/,True
75,Twelve Monkeys,2004,APPROVED,09 Jan 2004,92 min,"Drama, Western",Irvin Kershner,"Peter Benchley (screenplay), Carl Gottlieb (screenplay), Peter Benchley (based on the novel by)","Carl Miller, Edna Purviance, Jackie Coogan, Charles Chaplin","With the aid of a wealthy erratic tippler, a dewy-eyed tramp who has fallen in love with a sightless flower girl accumulates money to be able to help her medically.","English, German, Italian","USA, Germany",Nominated for 3 Oscars. Another 16 wins & 8 nominations.,https://images-na.ssl-images-amazon.com/images/M/MV5BZjEyOTE4MzMtNmMzMy00Mzc3LWJlOTQtOGJiNDE0ZmJiOTU4L2ltYWdlXkEyXkFqcGdeQXVyNTAyODkwOQ@@._V1_SX300.jpg,Internet Movie Database,8.2/10,90,8.4,"402,281",ID-265,movie,,,,,,,,,,,http://www.rottentomatoes.com/m/man_who_shot_liberty_valance/,13 Jan 2015,,Dreamworks Distribution LLC,,True
125,Prisoners,2017,APPROVED,07 Aug 1969,124 min,"Crime, Drama, Mystery",Harold Ramis,"Frank Pierson (screenplay), P.F. Kluge (based upon a magazine article by), Thomas Moore (based upon a magazine article by)","Tim Roth, Amanda Plummer, Laura Lovelace, John Travolta",A team of explorers travel through a wormhole in space in an attempt to ensure humanity's survival.,English,USA,4 wins & 9 nominations.,https://images-na.ssl-images-amazon.com/images/M/MV5BMTZkZTBhYmUtMTIzNy00YTViLTg1OWItNGUwMmVlN2FjZTVkXkEyXkFqcGdeQXVyNDYyMDk5MTU@._V1_SX300.jpg,Internet Movie Database,8.5/10,77,8.2,"537,323",ID-266,movie,,,,,,,,,,,http://www.rottentomatoes.com/m/patton/,13 Mar 2001,"$125,001,000",Element Pictures,,True
240,Inception,1953,R,01 Nov 1957,125 min,"Animation, Adventure, Comedy",Frank Capra,"Charles Leavitt (screenplay), Charles Leavitt (story), C. Gaby Mitchell (story)","Ryan Gosling, Emma Stone, Amiée Conn, Terry Walters","When Keller Dover's daughter and her friend go missing, he takes matters into his own hands as the police pursue multiple leads and the pressure mounts.","English, French",USA,Won 4 Oscars. Another 15 wins & 25 nominations.,https://images-na.ssl-images-amazon.com/images/M/MV5BMTM5OTMyMjIxOV5BMl5BanBnXkFtZTcwNzU4MjIwNQ@@._V1_SX300.jpg,Internet Movie Database,8.5/10,96,8.0,"63,422",ID-267,movie,,,,,,,,,,,http://www.rottentomatoes.com/m/gladiator/,10 Sep 2002,,Paramount Vantage,http://www.FathomEvents.com,True
117,Se7en,2017,R,05 May 2017,108 min,"Biography, Drama, History",Alan Parker,"Jake LaMotta (based on the book by), Joseph Carter (with), Peter Savage (with), Paul Schrader (screenplay), Mardik Martin (screenplay)","Benedict Cumberbatch, Keira Knightley, Matthew Goode, Rory Kinnear","Eight years after the Joker's reign of anarchy, the Dark Knight, with the help of the enigmatic Selina, is forced from his imposed exile to save Gotham City, now on the edge of total annihilation, from the brutal guerrilla terrorist Bane.","English, German, Hebrew, Spanish","USA, UK",Won 2 Oscars. Another 16 wins & 22 nominations.,https://images-na.ssl-images-amazon.com/images/M/MV5BZDVhMTk1NjUtYjc0OS00OTE1LTk1NTYtYWMzMDI5OTlmYzU2XkEyXkFqcGdeQXVyNjc1NTYyMjg@._V1_SX300.jpg,Internet Movie Database,8.5/10,,8.2,"670,652",ID-268,movie,,,,,,,,,,,http://www.rottentomatoes.com/m/graduate/,28 Aug 2001,,RKO Radio Pictures,http://SpotlightTheFilm.com,True
195,On the Waterfront,1985,PG-13,25 May 2001,146 min,"Biography, Crime, Drama",Sam Mendes,Richard Kelly,"Al Pacino, Robert Duvall, Diane Keaton, Robert De Niro","When a teenage girl is possessed by a mysterious entity, her mother seeks the help of two priests to save her daughter.",English,USA,Nominated for 1 Oscar. Another 4 wins & 2 nominations.,https://images-na.ssl-images-amazon.com/images/M/MV5BODE1MDczNTUxOV5BMl5BanBnXkFtZTcwMTA0NDQyNA@@._V1_SX300.jpg,Internet Movie Database,8.1/10,79,8.0,"77,339",ID-269,movie,,,,,,,,,,,http://www.rottentomatoes.com/m/finding_nemo/,28 Sep 2004,"$30,029,105",Miramax Films,,True
2,Toy Story 3,2000,R,29 Jan 1964,105 min,"Comedy, Drama, Fantasy",Destin Daniel Cretton,"Nick Schenk (screenplay), Dave Johannson (story), Nick Schenk (story)","Ethan Hawke, Julie Delpy, Andrea Eckert, Hanno Pöschl",A New Orleans DA discovers there's more to the Kennedy assassination than the official story.,English,"USA, UK",Won 1 Oscar. Another 13 wins & 39 nominations.,https://images-na.ssl-images-amazon.com/images/M/MV5BOWIzZGUxZmItOThkMS00Y2QxLTg0MTYtMDdhMjRlNTNlYTI3L2ltYWdlXkEyXkFqcGdeQXVyNjc1NTYyMjg@._V1_SX300.jpg,Internet Movie Database,8.1/10,,8.6,"111,892",ID-270,movie,,,,,,,,,,,http://www.rottentomatoes.com/m/princess_bride/,30 Nov 1999,,United Artists,http://theexorcist.warnerbros.com/,True
153,Vertigo,1983,R,15 Jul 2011,142 min,"Biography, Drama, Sport",Christopher Nolan,"Peter Benchley (screenplay), Carl Gottlieb (screenplay), Peter Benchley (based on the novel by)","Billy Bob Thornton, Dwight Yoakam, J.T. Walsh, John Ritter",A frustrated son tries to determine the fact from fiction in his dying father's life.,English,USA,Nominated for 3 Oscars. Another 3 wins.,https://images-na.ssl-images-amazon.com/images/M/MV5BNDM2OTM0MjUtOTQ4Yy00MmY3LThhM2UtOWFlYjkxNTgwZDcyXkEyXkFqcGdeQXVyNjc1NTYyMjg@._V1_SX300.jpg,Internet Movie Database,8.9/10,,8.1,"68,128",ID-271,movie,,,,,,,,,,,http://www.rottentomatoes.com/m/marvels_the_avengers/,23 Oct 2001,"$305,343,252",Orion Pictures Corporation,http://warnervideo.com/gonewiththewind/,True
120,Singin' in the Rain,2006,PG,15 Dec 1995,130 min,"Crime, Drama, Mystery",Martin Scorsese,"Jeff Nathanson (screenplay), Frank Abagnale Jr. (book), Stan Redding (book)","Joseph Cotten, Dorothy Comingore, Agnes Moorehead, Ruth Warrick","A fisherman, a smuggler, and a syndicate of businessmen match wits over the possession of a priceless diamond.",English,USA,Won 3 Oscars. Another 88 wins & 135 nominations.,https://images-na.ssl-images-amazon.com/images/M/MV5BZDhlZTYxOTYtYTk3Ny00ZDljLTk3ZmItZTcxZWU5YTIyYmFkXkEyXkFqcGdeQXVyMTQxNzMzNDI@._V1_SX300.jpg,Internet Movie Database,8.7/10,66,8.2,"982,688",ID-272,movie,,,,,,,,,,,http://www.rottentomatoes.com/m/1008166-general/,28 Apr 1998,"$2,925,880",Paramount Pictures,http://www.magnoliamovie.com,True
106,Dog Day Afternoon,2005,GP,14 Mar 1997,92 min,"Adventure, Drama, Fantasy",John G. Avildsen,"Matt Damon, Ben Affleck","Timothy Bottoms, Jeff Bridges, Cybill Shepherd, Ben Johnson","The incredible story of Wolfgang Amadeus Mozart, told by his peer and secret rival Antonio Salieri - now confined to an insane asylum.","English, French",Australia,Won 2 Oscars. Another 85 wins & 77 nominations.,https://images-na.ssl-images-amazon.com/images/M/MV5BY2IzZGY2YmEtYzljNS00NTM5LTgwMzUtMzM1NjQ4NGI0OTk0XkEyXkFqcGdeQXVyNDYyMDk5MTU@._V1_SX300.jpg,Internet Movie Database,8.2/10,81,8.2,"342,023",ID-273,movie,,,,,,,,,,,http://www.rottentomatoes.com/m/bridge_on_the_river_kwai/,23 Sep 1997,,Miramax Films,http://sonyclassics.com/whiplash/,True
168,JFK,1931,PG,31 Mar 1999,119 min,"Mystery, Thriller",Tate Taylor,"Gustav Hasford (novel), Stanley Kubrick (screenplay), Michael Herr (screenplay), Gustav Hasford (screenplay)","Ewan McGregor, Albert Finney, Billy Crudup, Jessica Lange",A spoiled heiress running away from her family is helped by a man who is actually a reporter in need of a story.,English,USA,Nominated for 6 Oscars. Another 2 wins & 10 nominations.,https://images-na.ssl-images-amazon.com/images/M/MV5BYzllMjJkODAtYjMwMi00YmNhLWFhYzAtZjZjODg5YzEwOGUwXkEyXkFqcGdeQXVyNjU0OTQ0OTY@._V1_SX300.jpg,Internet Movie Database,9.3/10,,8.1,"311,879",ID-274,movie,,,,,,,,,,,http://www.rottentomatoes.com/m/1209767-mary_and_max/,31 Mar 2015,,20th Century Fox,,True
109,Mr. Smith Goes to Washington,2017,APPROVED,06 Mar 1998,112 min,"Animation, Drama, Fantasy",Elia Kazan,Alan Ball,"Ryan Reynolds, Karan Soni, Ed Skrein, Michael Benyaer",Dictator Adenoid Hynkel tries to expand his empire while a poor Jewish barber tries to avoid persecution from Hynkel's regime.,English,"UK, USA",Won 3 Oscars. Another 82 wins & 177 nominations.,https://images-na.ssl-images-amazon.com/images/M/MV5BODU4MjU4NjIwNl5BMl5BanBnXkFtZTgwMDU2MjEyMDE@._V1_SX300.jpg,Internet Movie Database,8.5/10,68,8.2,"73,848",ID-275,movie,,,,,,,,,,,http://www.rottentomatoes.com/m/1000013-12_angry_men/,07 Aug 2006,,Miramax Films,,True
149,Rope,1974,PG,25 Dec 2010,122 min,"Crime, Drama, Thriller",Danny Boyle,"Keir Pearson, Terry George","Sigourney Weaver, Carrie Henn, Michael Biehn, Paul Reiser","A giant great white shark arrives on the shores of a New England beach resort and wreaks havoc with bloody attacks on swimmers, until a local sheriff teams up with a marine biologist and an old seafarer to hunt the monster down.","English, German, French, Russian, Arabic, Italian",USA,Won 3 Oscars. Another 23 wins & 27 nominations.,https://images-na.ssl-images-amazon.com/images/M/MV5BNDcyZmFjY2YtN2I1OC00MzU3LWIzZGEtZDA5N2VlNDJjYWI3L2ltYWdlXkEyXkFqcGdeQXVyNTAyODkwOQ@@._V1_SX300.jpg,Internet Movie Database,8.2/10,,8.1,"768,444",ID-276,movie,,,,,,,,,,,http://www.rottentomatoes.com/m/gran_torino/,11 Nov 2011,,United Artists,http://www.thepianistmovie.com/,True
30,The Apartment,1985,APPROVED,25 Sep 1948,94 min,"Biography, Drama",Tate Taylor,"Rhett Reese, Paul Wernick","Jean Reno, Gary Oldman, Natalie Portman, Danny Aiello","An astronaut becomes stranded on Mars after his team assume him dead, and must rely on his ingenuity to find a way to signal to Earth that he is alive.","English, Spanish",USA,Won 8 Oscars. Another 10 wins & 9 nominations.,https://images-na.ssl-images-amazon.com/images/M/MV5BMTQ0ODc4MDk4Nl5BMl5BanBnXkFtZTcwMTEzNzgzNA@@._V1_SX300.jpg,Internet Movie Database,8.0/10,,8.6,"461,312",ID-277,movie,,,,,,,,,,,http://www.rottentomatoes.com/m/1020130-sting/,01 Jun 1999,,Warner Bros. Pictures,,True
94,The Message,1936,PG-13,28 Mar 2003,97 min,"Animation, Family, Fantasy",Stanley Kubrick,"Robert Zemeckis, Bob Gale","Leonardo DiCaprio, Matt Damon, Jack Nicholson, Mark Wahlberg","A man befriends a fellow criminal as the two of them begin serving their sentence on a dreadful prison island, which inspires the man to plot his escape.",English,USA,Won 5 Oscars. Another 26 wins & 29 nominations.,https://images-na.ssl-images-amazon.com/images/M/MV5BZWFlYmY2MGEtZjVkYS00YzU4LTg0YjQtYzY1ZGE3NTA5NGQxXkEyXkFqcGdeQXVyMTQxNzMzNDI@._V1_SX300.jpg,Internet Movie Database,8.2/10,87,8.2,"77,339",ID-278,movie,,,,,,,,,,,http://www.rottentomatoes.com/m/graduate/,10 Oct 2000,"$405,000",Miramax Films,,True
116,Citizen Kane,1943,G,24 Jan 1948,121 min,"Drama, Film-Noir, Romance",Bryan Singer,"Thomas Keneally (book), Steven Zaillian (screenplay)","Ryan O'Neal, Marisa Berenson, Patrick Magee, Hardy Krüger",A blade runner must pursue and try to terminate four replicants who stole a ship in space and have returned to Earth to find their creator.,"English, French, Italian",USA,Won 5 Oscars. Another 53 wins & 101 nominations.,https://images-na.ssl-images-amazon.com/images/M/MV5BMTUyMTE0ODcxNF5BMl5BanBnXkFtZTgwODE4NDQzNTE@._V1_SX300.jpg,Internet Movie Database,8.2/10,65,8.2,"364,938",ID-279,movie,,,,,,,,,,,http://www.rottentomatoes.com/m/usual_suspects/,11 Dec 2001,,20th Century Fox,http://www.lordoftherings.net/,True
207,The Princess Bride,1966,R,20 Nov 2015,122 min,"Drama, War","Victor Fleming, George Cukor, Mervyn LeRoy, Norman Taurog, King Vidor","J.R.R. Tolkien (novel), Fran Walsh (screenplay), Philippa Boyens (screenplay), Stephen Sinclair (screenplay), Peter Jackson (screenplay)","John Wayne, James Stewart, Vera Miles, Lee Marvin","A bitter, aging couple, with the help of alcohol, use a young couple to fuel anguish and emotional pain towards each other.",English,USA,Nominated for 1 BAFTA Film Award. Another 13 wins & 7 nominations.,https://images-na.ssl-images-amazon.com/images/M/MV5BZmI0M2VmNTgtMWVhYS00Zjg1LTk1YTYtNmJmMjRkZmMwYTc2XkEyXkFqcGdeQXVyNTA4NzY1MzY@._V1_SX300.jpg,Internet Movie Database,9.3/10,,8.0,"798,971",ID-280,movie,,,,,,,,,,,http://www.rottentomatoes.com/m/v_for_vendetta/,04 Sep 2001,,Paramount Pictures,http://www.thedarkknightrises.com/,True
157,Patton,1975,PG-13,01 Sep 1954,128 min,"Animation, Adventure, Comedy",Orson Welles,"Erich Maria Remarque (by), Maxwell Anderson (adaptation), George Abbott (screen play), Del Andrews (adaptation), C. Gardner Sullivan (supervising story chief)","Ethan Hawke, Julie Delpy, Andrea Eckert, Hanno Pöschl","With the aid of a wealthy erratic tippler, a dewy-eyed tramp who has fallen in love with a sightless flower girl accumulates money to be able to help her medically.",English,USA,Nominated for 1 Oscar. Another 64 wins & 176 nominations.,https://images-na.ssl-images-amazon.com/images/M/MV5BMjA4NDI0MTIxNF5BMl5BanBnXkFtZTYwNTM0MzY2._V1_SX300.jpg,Internet Movie Database,8.2/10,93,8.1,"73,848",ID-281,movie,,,,,,,,,,,http://www.rottentomatoes.com/m/rain_man/,06 Mar 2001,"$202,313,768",Columbia Pictures,http://sonyclassics.com/whiplash/,True
175,The Maltese Falcon,1948,PG-13,25 Nov 1992,117 min,"Animation, Adventure, Comedy",James Cameron,Joseph L. Mankiewicz (written for the screen by),"Graham Chapman, John Cleese, Eric Idle, Terry Gilliam","While not intelligent, Forrest Gump has accidentally been present at many historic moments, but his true love, Jenny Curran, eludes him.","English, Italian, Spanish, Latin, Sicilian",USA,1 win.,https://images-na.ssl-images-amazon.com/images/M/MV5BODllZjg2YjUtNWEzNy00ZGY2LTgyZmQtYTkxNDYyOWM3OTUyXkEyXkFqcGdeQXVyMTQxNzMzNDI@._V1_SX300.jpg,Internet Movie Database,8.5/10,86,8.0,"202,165",ID-282,movie,,,,,,,,,,,http://www.rottentomatoes.com/m/philadelphia_story/,15 Jun 1999,"$120,523,073",Columbia Pictures,http://www.InterstellarMovie.com/,True
226,Batman Begins,1926,PG,17 Sep 1982,95 min,Drama,George Miller,"Charles Brackett, Billy Wilder, D.M. Marshman Jr.","Rowan Atkinson, Matthew Broderick, Niketa Calame, Jim Cummings","In a murder trial, the defendant says he suffered temporary insanity after the victim raped his wife. What is the truth, and will he win his case?",English,"USA, UK",Won 2 Oscars. Another 7 wins & 14 nominations.,https://images-na.ssl-images-amazon.com/images/M/MV5BMjIxMjgxNTk0MF5BMl5BanBnXkFtZTgwNjIyOTg2MDE@._V1_SX300.jpg,Internet Movie Database,8.5/10,,8.0,"2,872",ID-283,movie,,,,,,,,,,,http://www.rottentomatoes.com/m/annie_hall/,20 Mar 2007,,Lionsgate,,True
156,What Ever Happened to Baby Jane?,1965,R,15 Oct 2014,120 min,"Comedy, Drama, Family",William Wyler,Joseph L. Mankiewicz (written for the screen by),"Don Cheadle, Xolani Mali, Desmond Dube, Hakeem Kae-Kazim",A jazz pianist falls for an aspiring actress in Los Angeles.,"English, Latin","USA, UK",Won 2 Oscars. Another 24 wins & 22 nominations.,https://images-na.ssl-images-amazon.com/images/M/MV5BMDdkYzE5ODYtMmIwZi00MDgzLTk1YWEtZTcwNGRmMzAwNDMzXkEyXkFqcGdeQXVyNDQzMDg4Nzk@._V1_SX300.jpg,Internet Movie Database,8.1/10,,8.1,"601,251",ID-284,movie,,,,,,,,,,,http://www.rottentomatoes.com/m/stand_by_me_1986/,27 Jan 1998,,Sony Pictures,,True
154,Psycho,1978,R,07 Mar 1931,106 min,"Adventure, Comedy, Drama",Alfred Hitchcock,"Henry Farrell (from the novel by), Lukas Heller (screenplay)","Thomas Mitchell, Barbara O'Neil, Vivien Leigh, Evelyn Keyes",An old man makes a long journey by lawn-mover tractor to mend his relationship with an ill brother.,English,USA,Nominated for 2 Golden Globes. Another 23 wins & 63 nominations.,https://images-na.ssl-images-amazon.com/images/M/MV5BNjgxY2JiZDYtZmMwOC00ZmJjLWJmODUtMTNmNWNmYWI5ODkwL2ltYWdlL2ltYWdlXkEyXkFqcGdeQXVyNjc1NTYyMjg@._V1_SX300.jpg,Internet Movie Database,8.1/10,71,8.1,"175,272",ID-285,movie,,,,,,,,,,,http://www.rottentomatoes.com/m/singin_in_the_rain/,18 Oct 2005,,Element Pictures,http://vforvendetta.warnerbros.com/,True
179,The Martian,2017,R,21 Sep 1990,86 min,"Adventure, Drama, Sci-Fi",Edward Zwick,"Quentin Tarantino, Quentin Tarantino (character The Bride), Uma Thurman (character The Bride)","Gene Tierney, Dana Andrews, Clifton Webb, Vincent Price","With the aid of a wealthy erratic tippler, a dewy-eyed tramp who has fallen in love with a sightless flower girl accumulates money to be able to help her medically.",English,USA,4 wins & 1 nomination.,https://images-na.ssl-images-amazon.com/images/M/MV5BMzA5Zjc3ZTMtMmU5YS00YTMwLWI4MWUtYTU0YTVmNjVmODZhXkEyXkFqcGdeQXVyNjU0OTQ0OTY@._V1_SX300.jpg,Internet Movie Database,8.3/10,,8.1,"26,834",ID-286,movie,,,,,,,,,,,http://www.rottentomatoes.com/m/the-third-man/,01 Jan 2000,"$67,115,062",Paramount Pictures,http://www.thepianistmovie.com/,True
235,The Big Lebowski,1942,G,31 Aug 1946,151 min,Drama,Andrew Stanton,"Ian McLellan Hunter (screenplay), John Dighton (screenplay), Dalton Trumbo (screenplay), Dalton Trumbo (story)","Harrison Ford, Rutger Hauer, Sean Young, Edward James Olmos",Disturbed Blanche DuBois moves in with her sister in New Orleans and is tormented by her brutish brother-in-law while her reality crumbles around her.,"English, Spanish",USA,Won 2 Oscars. Another 106 wins & 135 nominations.,https://images-na.ssl-images-amazon.com/images/M/MV5BMWM4NTFhYjctNzUyNi00NGMwLTk3NTYtMDIyNTZmMzRlYmQyXkEyXkFqcGdeQXVyMTAwMzUyOTc@._V1_SX300.jpg,Internet Movie Database,8.1/10,93,8.0,"103,963",ID-287,movie,,,,,,,,,,,http://www.rottentomatoes.com/m/leon_the_professional/,06 Dec 2011,,Columbia Pictures,http://www.wall-e.com/,True
250,The Elephant Man,1948,R,25 May 2001,142 min,Drama,Peter Bogdanovich,Edgar Wright,"Graham Chapman, John Cleese, Eric Idle, Terry Gilliam","In the 7th century, Mohammed, Peace Be Upon Him, is visited by Angel Gabriel who urges him to lead the people of Mecca and worship God. But they're exiled in Medina before returning to ...",English,USA,Nominated for 1 Oscar. Another 14 wins & 71 nominations.,https://images-na.ssl-images-amazon.com/images/M/MV5BNGUxYWM3M2MtMGM3Mi00ZmRiLWE0NGQtZjE5ODI2OTJhNTU0XkEyXkFqcGdeQXVyMTQxNzMzNDI@._V1_SX300.jpg,Internet Movie Database,8.3/10,72,8.0,"756,517",ID-288,movie,,,,,,,,,,,http://www.rottentomatoes.com/m/beauty_and_the_beast_1991/,03 Sep 1997,"$22,442,876",Sony Pictures,http://www.indianajones.com/,True
234,Ben-Hur,1994,R,22 Jun 1954,141 min,"Animation, Adventure, Comedy",John G. Avildsen,"Hampton Fancher (screenplay), David Webb Peoples (screenplay), Philip K. Dick (novel)","Diahnne Abbott, Frank Adu, Victor Argo, Gino Ardito","During World War II, mathematician Alan Turing tries to crack the enigma code with help from fellow mathematicians.","English, Arabic",USA,Won 8 Oscars. Another 33 wins & 14 nominations.,https://images-na.ssl-images-amazon.com/images/M/MV5BMWM4NTFhYjctNzUyNi00NGMwLTk3NTYtMDIyNTZmMzRlYmQyXkEyXkFqcGdeQXVyMTAwMzUyOTc@._V1_SX300.jpg,Internet Movie Database,8.1/10,,8.0,"360,941",ID-289,movie,,,,,,,,,,,http://www.rottentomatoes.com/m/1001115-apartment/,06 May 2003,,Paramount Pictures,,True
104,The Grapes of Wrath,1965,APPROVED,28 Aug 1998,107 min,"Action, Adventure, Fantasy",Stanley Kubrick,"Chuck Palahniuk (novel), Jim Uhls (screenplay)","Jack Nicholson, Shelley Duvall, Danny Lloyd, Scatman Crothers","Blacksmith Will Turner teams up with eccentric pirate ""Captain"" Jack Sparrow to save his love, the governor's daughter, from Jack's former pirate allies, who are now undead.","English, German",USA,Won 5 Oscars. Another 5 wins & 1 nomination.,https://images-na.ssl-images-amazon.com/images/M/MV5BMjAxMzY3NjcxNF5BMl5BanBnXkFtZTcwNTI5OTM0Mw@@._V1_SX300.jpg,Internet Movie Database,8.0/10,,8.4,"402,281",ID-290,movie,,,,,,,,,,,http://www.rottentomatoes.com/m/before_sunrise/,04 Jun 2002,,Paramount Pictures,,True
134,Star Wars: Episode IV - A New Hope,1971,R,12 Mar 2010,152 min,"Drama, Mystery",Billy Wilder,"Ethan Coen, Joel Coen","Peter O'Toole, Alec Guinness, Anthony Quinn, Jack Hawkins",A confined but troubled rock star descends into madness in the midst of his physical and social isolation from everyone.,"English, Norwegian","UK, France, USA",Won 2 Oscars. Another 7 wins & 14 nominations.,https://images-na.ssl-images-amazon.com/images/M/MV5BYTc1NGViOTMtNjZhNS00OGY2LWI4MmItOWQwNTY4MDMzNWI3L2ltYWdlXkEyXkFqcGdeQXVyNjc1NTYyMjg@._V1_SX300.jpg,Internet Movie Database,8.1/10,,8.2,"874,371",ID-291,movie,,,,,,,,,,,http://www.rottentomatoes.com/m/batman_begins/,09 Nov 2004,,The Weinstein Company,http://www.thepianistmovie.com/,True
39,"Paris, Texas",2013,PG,20 Jun 1980,103 min,"Drama, War",David Lean,"Gavin O'Connor (screenplay), Anthony Tambakis (screenplay), Cliff Dorfman (screenplay), Gavin O'Connor (story), Cliff Dorfman (story)","Jodie Foster, Lawrence A. Bonney, Kasi Lemmons, Lawrence T. Wrentz","Humanity finds a mysterious, obviously artificial object buried beneath the Lunar surface and, with the intelligent computer H.A.L. 9000, sets off on a quest.","English, Latin, Spanish","UK, USA",2 wins.,https://images-na.ssl-images-amazon.com/images/M/MV5BOTI0MzcxMTYtZDVkMy00NjY1LTgyMTYtZmUxN2M3NmQ2NWJhXkEyXkFqcGdeQXVyMTQxNzMzNDI@._V1_SX300.jpg,Internet Movie Database,8.0/10,,8.4,"580,796",ID-292,movie,,,,,,,,,,,http://www.rottentomatoes.com/m/dial_m_for_murder/,19 Apr 2011,,The Weinstein Company,http://www.mgm.com/title_title.php?title_star=APARTMEN,True
1,Braveheart,1973,R,06 Feb 1958,113 min,Drama,Clint Eastwood,"Peter Shaffer (original stage play), Peter Shaffer (original screenplay)","Kevin Spacey, Russell Crowe, Guy Pearce, James Cromwell",A frontiersman on a fur trading expedition in the 1820s fights for survival after being mauled by a bear and left for dead by members of his own hunting team.,English,USA,Nominated for 2 Oscars. Another 5 wins & 4 nominations.,https://images-na.ssl-images-amazon.com/images/M/MV5BZDVlNTBjMjctNjAzNS00ZGJhLTg2NzMtNzIwYTIzYTBiMDkyXkEyXkFqcGdeQXVyNTA4NzY1MzY@._V1_SX300.jpg,Internet Movie Database,8.1/10,98,9.2,"70,915",ID-293,movie,,,,,,,,,,,http://www.rottentomatoes.com/m/monty_pythons_life_of_brian/,10 Jun 2003,"$223,749,872",20th Century Fox,,True
59,Catch Me If You Can,1943,PASSED,14 Mar 1997,123 min,"Drama, Romance","Pete Docter, Bob Peterson","Alessandro Baricco (monologue Novecento), Giuseppe Tornatore","Liam Neeson, Ben Kingsley, Ralph Fiennes, Caroline Goodall","Marty McFly, a 17-year-old high school student, is accidentally sent 30 years into the past in a time-traveling DeLorean invented by his close friend, the maverick scientist Doc Brown.","English, Latin",USA,Won 1 Oscar. Another 79 wins & 116 nominations.,https://images-na.ssl-images-amazon.com/images/M/MV5BZDg1OGQ4YzgtM2Y2NS00NjA3LWFjYTctMDRlMDI3NWE1OTUyXkEyXkFqcGdeQXVyMjUzOTY1NTc@._V1_SX300.jpg,Internet Movie Database,8.9/10,86,8.3,"52,602",ID-294,movie,,,,,,,,,,,http://www.rottentomatoes.com/m/dog_day_afternoon/,09 Oct 2001,,20th Century Fox,http://www.disney.com/ToyStory,True
91,Before Sunset,1996,G,31 Aug 1946,100 min,"Crime, Drama, Film-Noir","Stanley Donen, Gene Kelly","Nicholas Pileggi (book), Nicholas Pileggi (screenplay), Martin Scorsese (screenplay)","Charles Chaplin, Jack Oakie, Reginald Gardiner, Henry Daniell",A young F.B.I. cadet must confide in an incarcerated and manipulative killer to receive his help on catching another serial killer who skins his victims.,"English, German","USA, UK",11 wins & 15 nominations.,https://images-na.ssl-images-amazon.com/images/M/MV5BZWIxNzM5YzQtY2FmMS00Yjc3LWI1ZjUtNGVjMjMzZTIxZTIxXkEyXkFqcGdeQXVyNjU0OTQ0OTY@._V1_SX300.jpg,Internet Movie Database,8.0/10,90,8.2,"48,842",ID-295,movie,,,,,,,,,,,http://www.rottentomatoes.com/m/wall_e/,15 Aug 2000,,Fox Searchlight,,True
90,Dog Day Afternoon,1968,G,24 Aug 1930,85 min,"Comedy, Drama, Romance",Rob Reiner,"Lawrence Hauben (screenplay), Bo Goldman (screenplay), Ken Kesey (based on the novel by), Dale Wasserman (the play version: ""One Flew Over the Cuckoo's Nest"" by)","Judy Garland, Frank Morgan, Ray Bolger, Bert Lahr","In the near future, a weary Logan cares for an ailing Professor X somewhere on the Mexican border. However, Logan's attempts to hide from the world and his legacy are upended when a young mutant arrives, pursued by dark forces.","English, Italian",USA,Nominated for 1 Oscar. Another 4 wins & 2 nominations.,https://images-na.ssl-images-amazon.com/images/M/MV5BOTJiNDEzOWYtMTVjOC00ZjlmLWE0NGMtZmE1OWVmZDQ2OWJhXkEyXkFqcGdeQXVyNTIzOTk5ODM@._V1_SX300.jpg,Internet Movie Database,8.6/10,79,8.3,"55,529",ID-296,movie,,,,,,,,,,,http://www.rottentomatoes.com/m/chinatown/,18 May 1999,,Paramount Pictures,http://www2.warnerbros.com/achristmasstory/,True
12,Life of Brian,1989,R,22 Nov 1995,130 min,"Adventure, Drama, Western",Quentin Tarantino,"Sidney Carroll (screenplay), Robert Rossen (screenplay), Walter Tevis (based on the novel by)","Benicio Del Toro, Dennis Farina, Vinnie Jones, Brad Pitt","An American grandson of the infamous scientist, struggling to prove that he is not as insane as people believe, is invited to Transylvania, where he discovers the process that reanimates a dead body.","English, Hungarian, Spanish, French",UK,Won 5 Oscars. Another 19 wins & 8 nominations.,https://images-na.ssl-images-amazon.com/images/M/MV5BMTQ2Mjc1MDQwMl5BMl5BanBnXkFtZTcwNzUyOTUyMg@@._V1_SX300.jpg,Internet Movie Database,8.9/10,74,8.8,"504,647",ID-297,movie,,,,,,,,,,,http://www.rottentomatoes.com/m/pianist/,21 Nov 2000,,Open Road Films,http://theimitationgamemovie.com/,True
179,Finding Nemo,1987,APPROVED,28 Jun 2017,97 min,"Crime, Drama",Roman Polanski,"Gerry Conlon (autobiographical book ""Proved Innocent""), Terry George (screenplay), Jim Sheridan (screenplay)","Tom Holland, Michael Keaton, Robert Downey Jr., Marisa Tomei",A manipulative woman and a roguish man conduct a turbulent romance during the American Civil War and Reconstruction periods.,"English, Spanish","USA, Hong Kong, UK",11 wins & 15 nominations.,https://images-na.ssl-images-amazon.com/images/M/MV5BZTYwYjYxYzgtMDE1Ni00NzU4LWJlMTEtODQ5YmJmMGJhZjI5L2ltYWdlXkEyXkFqcGdeQXVyMDI2NDg0NQ@@._V1_SX300.jpg,Internet Movie Database,8.6/10,83,8.1,"549,211",ID-298,movie,,,,,,,,,,,http://www.rottentomatoes.com/m/seven/,25 Apr 2017,,MGM Home Entertainment,http://www.kino.com/moderntimes,True
117,Whiplash,1977,R,17 Jun 1947,145 min,"Drama, History",James Gunn,"Jeff Nathanson (screenplay), Frank Abagnale Jr. (book), Stan Redding (book)","Jake Gyllenhaal, Holmes Osborne, Maggie Gyllenhaal, Daveigh Chase","An American grandson of the infamous scientist, struggling to prove that he is not as insane as people believe, is invited to Transylvania, where he discovers the process that reanimates a dead body.",English,USA,4 wins & 6 nominations.,https://images-na.ssl-images-amazon.com/images/M/MV5BYWY1ZWQ5YjMtMDE0MS00NWIzLWE1M2YtODYzYTk2OTNlYWZmXkEyXkFqcGdeQXVyNDUyOTg3Njg@._V1_SX300.jpg,Internet Movie Database,8.0/10,87,8.2,"967,878",ID-299,movie,,,,,,,,,,,http://www.rottentomatoes.com/m/1003318-butch_cassidy_and_the_sundance_kid/,07 Sep 1999,"$120,523,073",Summit Entertainment,,True
229,Strangers on a Train,1943,R,06 Jul 1944,125 min,"Biography, Drama",David Lynch,Tom Schulman,"Don Cheadle, Xolani Mali, Desmond Dube, Hakeem Kae-Kazim",Jason Bourne dodges a ruthless CIA official and his agents from a new assassination program while searching for the origins of his life as a trained killer.,"English, German",USA,Nominated for 7 Oscars. Another 34 wins & 180 nominations.,https://images-na.ssl-images-amazon.com/images/M/MV5BMzU5MjEwMTg2Nl5BMl5BanBnXkFtZTcwNzM3MTYxNA@@._V1_SX300.jpg,Internet Movie Database,8.5/10,79,8.0,"535,118",ID-300,movie,,,,,,,,,,,http://www.rottentomatoes.com/m/paths_of_glory/,04 Sep 2001,,20th Century Fox,http://movies.warnerbros.com/amadeus,True
204,Amadeus,1990,R,31 Aug 1946,129 min,"Action, Adventure, Fantasy",Martin Scorsese,"Gavin O'Connor (screenplay), Anthony Tambakis (screenplay), Cliff Dorfman (screenplay), Gavin O'Connor (story), Cliff Dorfman (story)","Frank Sinatra, Laurence Harvey, Janet Leigh, Angela Lansbury","In the distant future, a small waste-collecting robot inadvertently embarks on a space journey that will ultimately decide the fate of mankind.",English,UK,Nominated for 1 Oscar. Another 4 wins & 13 nominations.,https://images-na.ssl-images-amazon.com/images/M/MV5BNGMwNzUwNjYtZWM5NS00YzMyLWI4NjAtNjM0ZDBiMzE1YWExXkEyXkFqcGdeQXVyNDk3NzU2MTQ@._V1_SX300.jpg,Internet Movie Database,8.1/10,82,8.0,"679,975",ID-301,movie,,,,,,,,,,,http://www.rottentomatoes.com/m/one_flew_over_the_cuckoos_nest/,31 Mar 1998,"$364,000,000",Warner Bros. Pictures,http://www.InterstellarMovie.com/,True
233,Gran Torino,1977,PG-13,08 Nov 2013,108 min,"Comedy, Fantasy, Romance",Curtis Hanson,"James Cameron, Gale Anne Hurd, William Wisher Jr. (additional dialogue)","Marlon Brando, Al Pacino, James Caan, Richard S. Castellano",A frontiersman on a fur trading expedition in the 1820s fights for survival after being mauled by a bear and left for dead by members of his own hunting team.,English,Italy,Won 2 Oscars. Another 18 wins & 22 nominations.,https://images-na.ssl-images-amazon.com/images/M/MV5BOTU4ODdjNDYtZjk0Zi00ZDBmLTllODEtMzQ5NmYzZGEzNjVlXkEyXkFqcGdeQXVyNjc1NTYyMjg@._V1_SX300.jpg,Internet Movie Database,8.1/10,,8.0,"311,879",ID-302,movie,,,,,,,,,,,http://www.rottentomatoes.com/m/rio_bravo/,11 Nov 2011,,DreamWorks SKG,,True
154,Taxi Driver,2013,PG,20 Jun 1980,76 min,"Biography, Drama, History",Christopher Nolan,"Andrew Stanton (original story by), Andrew Stanton (screenplay), Bob Peterson (screenplay), David Reynolds (screenplay)","Matt Damon, Julia Stiles, David Strathairn, Scott Glenn","The story of Henry Hill and his life through the teen years into the years of mafia, covering his relationship with wife Karen Hill and his Mob partners Jimmy Conway and Tommy DeVitto in the Italian-American crime syndicate.","English, French",USA,Won 1 Oscar. Another 3 wins & 9 nominations.,https://images-na.ssl-images-amazon.com/images/M/MV5BODE1MDczNTUxOV5BMl5BanBnXkFtZTcwMTA0NDQyNA@@._V1_SX300.jpg,Internet Movie Database,8.4/10,,8.1,"729,653",ID-303,movie,,,,,,,,,,,http://www.rottentomatoes.com/m/1194522-how_to_train_your_dragon/,26 Mar 1997,,Universal Pictures,,True
50,Rear Window,2002,PG,31 Aug 1946,153 min,"Drama, Western",Milos Forman,"Charles Brackett, Billy Wilder, D.M. Marshman Jr.","Frank Sinatra, Laurence Harvey, Janet Leigh, Angela Lansbury","A small-town sheriff in the American West enlists the help of a cripple, a drunk, and a young gunfighter in his efforts to hold in jail the brother of the local bad guy.",English,"USA, UK",Nominated for 7 Oscars. Another 2 wins & 2 nominations.,https://images-na.ssl-images-amazon.com/images/M/MV5BNjNhZTk0ZmEtNjJhMi00YzFlLWE1MmEtYzM1M2ZmMGMwMTU4XkEyXkFqcGdeQXVyNjU0OTQ0OTY@._V1_SX300.jpg,Internet Movie Database,8.1/10,93,8.3,"49,038",ID-304,movie,,,,,,,,,,,http://www.rottentomatoes.com/m/1017289-rear_window/,30 Nov 1999,,Universal Pictures,,True
171,12 Years a Slave,1953,R,24 Oct 1962,125 min,"Crime, Drama, Mystery",Moustapha Akkad,Edgar Wright,"Jessica Alba, Devon Aoki, Alexis Bledel, Powers Boothe","After being coerced into working for a crime boss, a young getaway driver finds himself taking part in a heist doomed to fail.",English,USA,Won 1 Oscar. Another 9 wins & 13 nominations.,https://images-na.ssl-images-amazon.com/images/M/MV5BNTk4ODQ1MzgzNl5BMl5BanBnXkFtZTgwMTMyMzM4MTI@._V1_SX300.jpg,Internet Movie Database,8.9/10,85,8.0,"1,108,627",ID-305,movie,,,,,,,,,,,http://www.rottentomatoes.com/m/the_lord_of_the_rings_the_two_towers/,23 May 2017,"$53,100,000",United Artists,http://www.sincitythemovie.com/,True
86,The Lord of the Rings: The Two Towers,2008,PG,18 Dec 2002,106 min,"Action, Sci-Fi",Alfred Hitchcock,"Daphne Du Maurier (celebrated novel), Robert E. Sherwood (screen play), Joan Harrison (screen play), Philip MacDonald (adaptation), Michael Hogan (adaptation)","Russell Crowe, Joaquin Phoenix, Connie Nielsen, Oliver Reed","""The Dude"" Lebowski, mistaken for a millionaire Lebowski, seeks restitution for his ruined rug and enlists his bowling buddies to help get it.",English,USA,Won 6 Oscars. Another 197 wins & 243 nominations.,https://images-na.ssl-images-amazon.com/images/M/MV5BMTg5NDkwMTk5N15BMl5BanBnXkFtZTYwODg3MDk2._V1_SX300.jpg,Internet Movie Database,8.3/10,,8.3,"461,312",ID-306,movie,,,,,,,,,,,http://www.rottentomatoes.com/m/green_mile/,14 Apr 1997,"$129,483,877",United Artists,http://www.hachithemovie.com/,True
74,Out of the Past,1951,APPROVED,21 Nov 2007,124 min,"Drama, Mystery",Jonathan Demme,"Betty Comden (story by), Adolph Green (story by)","Benicio Del Toro, Dennis Farina, Vinnie Jones, Brad Pitt",A young boy is raised within the confines of a small shed.,"English, French","UK, USA",Won 1 Oscar. Another 44 wins & 150 nominations.,https://images-na.ssl-images-amazon.com/images/M/MV5BODg4NzA0MTktOGU5ZS00ODlkLWE3ZmQtYjAzNjNmM2E3NmEzL2ltYWdlL2ltYWdlXkEyXkFqcGdeQXVyNjU0OTQ0OTY@._V1_SX300.jpg,Internet Movie Database,8.0/10,92,8.3,"720,117",ID-307,movie,,,,,,,,,,,http://www.rottentomatoes.com/m/hacksaw_ridge/,27 Aug 1997,,Paramount Vantage,http://www.foxmovies.com/index1.html,True
178,Snatch,1997,PG,11 Apr 1952,139 min,"Action, Crime, Thriller",William Wyler,"Gustav Hasford (novel), Stanley Kubrick (screenplay), Michael Herr (screenplay), Gustav Hasford (screenplay)","Hugh Jackman, Christian Bale, Michael Caine, Piper Perabo",A man juggles searching for his wife's murderer and keeping his short-term memory loss from being an obstacle.,English,"USA, UK, Germany",7 wins & 27 nominations.,https://images-na.ssl-images-amazon.com/images/M/MV5BYWY5ZjhjNGYtZmI2Ny00ODM0LWFkNzgtZmI1YzA2N2MxMzA0XkEyXkFqcGdeQXVyNjUwNzk3NDc@._V1_SX300.jpg,Internet Movie Database,8.1/10,78,8.1,"63,190",ID-308,movie,,,,,,,,,,,http://www.rottentomatoes.com/m/truman_show/,09 Oct 2001,,GKIDS,http://www.batmanbegins.com/,True
210,The Shawshank Redemption,1967,APPROVED,18 Dec 1961,131 min,"Comedy, Drama, Music",Alfred Hitchcock,Edgar Wright,"Richard Gere, Joan Allen, Cary-Hiroyuki Tagawa, Sarah Roemer","After training with his mentor, Batman begins his fight to free crime-ridden Gotham City from the corruption that Scarecrow and the League of Shadows have cast upon it.","English, German, French, Italian",USA,Won 2 Oscars. Another 59 wins & 91 nominations.,https://images-na.ssl-images-amazon.com/images/M/MV5BMzU5MjEwMTg2Nl5BMl5BanBnXkFtZTcwNzM3MTYxNA@@._V1_SX300.jpg,Internet Movie Database,8.3/10,,8.0,"174,583",ID-309,movie,,,,,,,,,,,http://www.rottentomatoes.com/m/princess_bride/,04 Mar 2014,"$18,173,360",Dreamworks Distribution LLC,,True
209,It Happened One Night,1971,R,05 May 2000,184 min,"Adventure, Drama, Thriller",Charles Chaplin,"Lawrence Hauben (screenplay), Bo Goldman (screenplay), Ken Kesey (based on the novel by), Dale Wasserman (the play version: ""One Flew Over the Cuckoo's Nest"" by)","Hugh Jackman, Jake Gyllenhaal, Viola Davis, Maria Bello","With the help of a German bounty hunter , a freed slave sets out to rescue his wife from a brutal Mississippi plantation owner.",English,UK,Won 3 Oscars. Another 15 wins & 18 nominations.,https://images-na.ssl-images-amazon.com/images/M/MV5BMTQyMTczMTAxMl5BMl5BanBnXkFtZTcwOTc1ODE0Mg@@._V1_SX300.jpg,Internet Movie Database,8.2/10,,8.0,"45,629",ID-310,movie,,,,,,,,,,,http://www.rottentomatoes.com/m/terminator_2_judgment_day/,01 Mar 2016,,WARNER BROTHERS PICTURES,http://www.shutterisland.com/,True
144,Star Wars: Episode V - The Empire Strikes Back,1979,APPROVED,04 Feb 2005,169 min,"Biography, Drama, History",Alan Parker,"Francis Ford Coppola (screenplay), Mario Puzo (screenplay), Mario Puzo (novel)","Tom Hanks, Tim Allen, Don Rickles, Jim Varney",A veteran British barrister must defend his client in a murder trial that has surprise after surprise.,English,USA,Won 2 Oscars. Another 22 wins & 55 nominations.,https://images-na.ssl-images-amazon.com/images/M/MV5BMDIzODcyY2EtMmY2MC00ZWVlLTgwMzAtMjQwOWUyNmJjNTYyXkEyXkFqcGdeQXVyNDk3NzU2MTQ@._V1_SX300.jpg,Internet Movie Database,8.3/10,78,8.1,"462,767",ID-311,movie,,,,,,,,,,,http://www.rottentomatoes.com/m/the_grand_budapest_hotel/,09 Dec 2008,,United Artists,http://www.pythonline.com,True
173,Eternal Sunshine of the Spotless Mind,1999,PG-13,24 Oct 1962,105 min,"Adventure, Drama, War",Peter Weir,Damien Chazelle,"Tommy Lee Jones, Javier Bardem, Josh Brolin, Woody Harrelson",An insane general triggers a path to nuclear holocaust that a war room full of politicians and generals frantically try to stop.,English,USA,Nominated for 8 Oscars. Another 10 wins & 14 nominations.,https://images-na.ssl-images-amazon.com/images/M/MV5BZDRjNGViMjQtOThlMi00MTA3LThkYzQtNzJkYjBkMGE0YzE1XkEyXkFqcGdeQXVyNDYyMDk5MTU@._V1_SX300.jpg,Internet Movie Database,8.0/10,83,8.0,"461,331",ID-312,movie,,,,,,,,,,,http://www.rottentomatoes.com/m/can_mr_smith_get_to_washington_anymore/,31 Mar 2015,,New Line Cinema,,True
68,Prisoners,1962,R,01 Nov 1967,106 min,"Adventure, Family, Fantasy","Danny Boyle, Loveleen Tandan","Leigh Brackett (screenplay), Lawrence Kasdan (screenplay), George Lucas (story by)","Harry Dean Stanton, Sam Berry, Bernhard Wicki, Dean Stockwell",An in-depth examination of the ways in which the U.S. Vietnam War impacts and disrupts the lives of people in a small industrial town in Pennsylvania.,"English, German",USA,Won 4 Oscars. Another 26 wins & 8 nominations.,https://images-na.ssl-images-amazon.com/images/M/MV5BZTAzNWZlNmUtZDEzYi00ZjA5LWIwYjEtZGM1NWE1MjE4YWRhXkEyXkFqcGdeQXVyNjU0OTQ0OTY@._V1_SX300.jpg,Internet Movie Database,8.1/10,,8.4,"403,104",ID-313,movie,,,,,,,,,,,http://www.rottentomatoes.com/m/dial_m_for_murder/,25 Jun 2002,,United Artists,,True
216,Goodfellas,2017,R,19 Nov 1975,121 min,Drama,Otto Preminger,"John Lasseter (original story by), Pete Docter (original story by), Andrew Stanton (original story by), Joe Ranft (original story by), Joss Whedon (screenplay), Andrew Stanton (screenplay), Joel Cohen (screenplay), Alec Sokolow (screenplay)","Amy Poehler, Phyllis Smith, Richard Kind, Bill Hader",A group of intergalactic criminals are forced to work together to stop a fanatical warrior from taking control of the universe.,English,USA,Won 1 Oscar. Another 21 wins & 19 nominations.,https://images-na.ssl-images-amazon.com/images/M/MV5BMjNkMzc2N2QtNjVlNS00ZTk5LTg0MTgtODY2MDAwNTMwZjBjXkEyXkFqcGdeQXVyNDk3NzU2MTQ@._V1_SX300.jpg,Internet Movie Database,8.0/10,61,8.0,"70,915",ID-314,movie,,,,,,,,,,,http://www.rottentomatoes.com/m/dog_day_afternoon/,09 Nov 2004,,Paramount Pictures,http://wip.warnerbros.com/index.html?site=beforesunset,True
71,Dogville,1996,PG-13,20 Nov 2015,92 min,"Comedy, Romance",James Gunn,"Stephen King (novel), Raynold Gideon (screenplay), Bruce A. Evans (screenplay)","Vivien Leigh, Marlon Brando, Kim Hunter, Karl Malden",The merciless 1970s rivalry between Formula One rivals James Hunt and Niki Lauda.,"English, Hindi, Bengali",USA,Won 1 Oscar. Another 18 wins & 26 nominations.,https://images-na.ssl-images-amazon.com/images/M/MV5BN2YxYmUyZGItZWEzYy00NTA3LThhM2UtZThhNDM5NWYxZGQ1L2ltYWdlL2ltYWdlXkEyXkFqcGdeQXVyNjU0OTQ0OTY@._V1_SX300.jpg,Internet Movie Database,8.0/10,86,8.3,"311,879",ID-315,movie,,,,,,,,,,,http://www.rottentomatoes.com/m/scarface/,25 Mar 2014,,Paramount Pictures,http://www.HowToTrainYourDragon.com/,True
166,The Shawshank Redemption,2012,G,16 Sep 1960,116 min,"Action, Drama, Sci-Fi",Damien Chazelle,"John Michael Hayes (screenplay), Cornell Woolrich (based on the short story by)","Arnold Schwarzenegger, Michael Biehn, Linda Hamilton, Paul Winfield","When a teenage girl is possessed by a mysterious entity, her mother seeks the help of two priests to save her daughter.","English, Irish, Scottish Gaelic",USA,Won 1 Oscar. Another 129 wins & 165 nominations.,https://images-na.ssl-images-amazon.com/images/M/MV5BZmExNmEwYWItYmQzOS00YjA5LTk2MjktZjEyZDE1Y2QxNjA1XkEyXkFqcGdeQXVyMTQxNzMzNDI@._V1_SX300.jpg,Internet Movie Database,8.1/10,,8.1,"636,557",ID-316,movie,,,,,,,,,,,http://www.rottentomatoes.com/m/terminator_2_judgment_day/,17 Dec 2013,,Buena Vista Pictures,,True
187,Reservoir Dogs,1954,R,23 Sep 1944,101 min,"Biography, Crime, Drama",David Lean,"Drew Goddard (screenplay), Andy Weir (based on the novel by)","Bruce Allpress, Sean Astin, John Bach, Sala Baker","A woman rebels against a tyrannical ruler in postapocalyptic Australia in search for her home-land with the help of a group of female prisoners, a psychotic worshipper, and a drifter named Max.","English, Swahili, Xhosa, Zulu",UK,Won 2 Oscars. Another 59 wins & 91 nominations.,https://images-na.ssl-images-amazon.com/images/M/MV5BODQxMzMyNTY5Nl5BMl5BanBnXkFtZTcwMDMyNTk3OA@@._V1_SX300.jpg,Internet Movie Database,8.1/10,76,8.0,"103,963",ID-317,movie,,,,,,,,,,,http://www.rottentomatoes.com/m/killing/,02 Mar 2004,"$533,316,061",Warner Bros. Pictures,,True
214,Sleuth,1974,R,14 Dec 1957,86 min,"Action, Adventure, Fantasy",Francis Ford Coppola,"Byron Howard (story by), Rich Moore (story by), Jared Bush (story by), Jim Reardon (story by), Josie Trinidad (story by), Phil Johnston (story by), Jennifer Lee (story by), Jared Bush (screenplay), Phil Johnston (screenplay)","Mark Ruffalo, Michael Keaton, Rachel McAdams, Liev Schreiber","Gandhi's character is fully explained as a man of nonviolence. Through his patience, he is able to drive the British out of the subcontinent. And the stubborn nature of Jinnah and his commitment towards Pakistan is portrayed.","English, Norwegian",UK,Won 5 Oscars. Another 19 wins & 8 nominations.,https://images-na.ssl-images-amazon.com/images/M/MV5BNTk4ODQ1MzgzNl5BMl5BanBnXkFtZTgwMTMyMzM4MTI@._V1_SX300.jpg,Internet Movie Database,8.0/10,,8.0,"547,383",ID-318,movie,,,,,,,,,,,http://www.rottentomatoes.com/m/american_beauty/,13 Jan 2015,"$23,472,900",Fox,http://www.lordoftherings.net/film/trilogy/thefellowship.html,True
2,Snatch,1949,G,15 Aug 1979,126 min,"Horror, Mystery, Sci-Fi",William Wyler,M. Night Shyamalan,"Sigourney Weaver, Carrie Henn, Michael Biehn, Paul Reiser","A young man and woman meet on a train in Europe, and wind up spending one evening together in Vienna. Unfortunately, both know that this will probably be their only night together.",English,USA,Nominated for 7 Oscars. Another 9 wins & 11 nominations.,https://images-na.ssl-images-amazon.com/images/M/MV5BYzVlMWViZGEtYjEyYy00YWZmLThmZGEtYmM4MDZlN2Q5MmRmXkEyXkFqcGdeQXVyMTQxNzMzNDI@._V1_SX300.jpg,Internet Movie Database,8.3/10,,8.9,"442,704",ID-319,movie,,,,,,,,,,,http://www.rottentomatoes.com/m/toy_story_3/,24 Aug 2004,,Cinedigm,,True
152,Interstellar,1993,PG-13,15 Aug 1979,108 min,"Drama, War",Ron Howard,"Pete Docter (original story by), Jill Culton (original story by), Jeff Pidgeon (original story by), Ralph Eggleston (original story by), Andrew Stanton (screenplay), Daniel Gerson (screenplay)","Ben Affleck, Rosamund Pike, Neil Patrick Harris, Tyler Perry","A Victorian surgeon rescues a heavily disfigured man who is mistreated while scraping a living as a side-show freak. Behind his monstrous facade, there is revealed a person of intelligence and sensitivity.","English, Spanish",USA,Nominated for 1 Oscar. Another 33 wins & 62 nominations.,https://images-na.ssl-images-amazon.com/images/M/MV5BNGUyYTZmOWItMDJhMi00N2IxLWIyNDMtNjUxM2ZiYmU5YWU1XkEyXkFqcGdeQXVyNjc1NTYyMjg@._V1_SX300.jpg,Internet Movie Database,8.3/10,100,8.1,"407,892",ID-320,movie,,,,,,,,,,,http://www.rottentomatoes.com/m/prisoners_2013/,04 Mar 2014,,Paramount Pictures,http://www.thegreenmile.com,True
250,Up,1989,PG,10 Aug 2011,101 min,"Animation, Adventure, Comedy",Charles Chaplin,"Matt Damon, Ben Affleck","Frank Sinatra, Laurence Harvey, Janet Leigh, Angela Lansbury","Gandhi's character is fully explained as a man of nonviolence. Through his patience, he is able to drive the British out of the subcontinent. And the stubborn nature of Jinnah and his commitment towards Pakistan is portrayed.","English, Cantonese",USA,Nominated for 2 Oscars. Another 11 wins & 16 nominations.,https://images-na.ssl-images-amazon.com/images/M/MV5BMjA0ODEzMTc1Nl5BMl5BanBnXkFtZTcwODM2MjAxNA@@._V1_SX300.jpg,Internet Movie Database,8.1/10,75,8.0,"83,328",ID-321,movie,,,,,,,,,,,http://www.rottentomatoes.com/m/paris_texas/,04 May 2004,,Warner Bros.,,True
62,Amadeus,2001,PG,25 May 1983,106 min,"Action, Adventure, Comedy",Frank Capra,"Nicholas Pileggi (book), Nicholas Pileggi (screenplay), Martin Scorsese (screenplay)","Robert Downey Jr., Chris Evans, Mark Ruffalo, Chris Hemsworth","Luke Skywalker joins forces with a Jedi Knight, a cocky pilot, a wookiee and two droids to save the galaxy from the Empire's world-destroying battle-station, while also attempting to rescue Princess Leia from the evil Darth Vader.","English, German, Russian","France, UK, USA",Nominated for 2 Golden Globes. Another 6 wins & 62 nominations.,https://images-na.ssl-images-amazon.com/images/M/MV5BYTcxYWExOTMtMWFmYy00ZjgzLWI0YjktNWEzYzJkZTg0NDdmL2ltYWdlXkEyXkFqcGdeQXVyNjc1NTYyMjg@._V1_SX300.jpg,Internet Movie Database,8.2/10,82,8.4,"729,653",ID-322,movie,,,,,,,,,,,http://www.rottentomatoes.com/m/dog_day_afternoon/,13 Jun 2000,,Warner Bros. Pictures/Legendary,,True
158,Dead Poets Society,1962,R,10 Aug 2011,90 min,"Biography, Drama",Sidney Lumet,"Hume Cronyn (adapted by), Patrick Hamilton (from the play by), Arthur Laurents (screenplay)","Jack Nicholson, Faye Dunaway, John Huston, Perry Lopez","A drama critic learns on his wedding day that his beloved maiden aunts are homicidal maniacs, and that insanity runs in his family.","English, German, French, Russian, Spanish",USA,Won 2 Oscars. Another 33 wins & 30 nominations.,https://images-na.ssl-images-amazon.com/images/M/MV5BYTViNjMyNmUtNDFkNC00ZDRlLThmMDUtZDU2YWE4NGI2ZjVmXkEyXkFqcGdeQXVyNjU0OTQ0OTY@._V1_SX300.jpg,Internet Movie Database,8.3/10,,8.1,"436,571",ID-323,movie,,,,,,,,,,,http://www.rottentomatoes.com/m/alien/,16 Aug 2005,,See-Saw Films,,True
148,Inglourious Basterds,1936,PG-13,22 Jun 1979,133 min,"Adventure, Family, Fantasy",Elia Kazan,"Lilly Wachowski, Lana Wachowski","Gene Kelly, Donald O'Connor, Debbie Reynolds, Jean Hagen","A religious fanatic marries a gullible widow whose young children are reluctant to tell him where their real daddy hid $10,000 he'd stolen in a robbery.","English, Mandarin",USA,Nominated for 5 Oscars. Another 51 wins & 115 nominations.,https://images-na.ssl-images-amazon.com/images/M/MV5BNDE4OTMxMTctNmRhYy00NWE2LTg3YzItYTk3M2UwOTU5Njg4XkEyXkFqcGdeQXVyNjU0OTQ0OTY@._V1_SX300.jpg,Internet Movie Database,8.2/10,55,8.2,"580,796",ID-324,movie,,,,,,,,,,,http://www.rottentomatoes.com/m/some_like_it_hot/,23 May 2017,,IFC Films,,True
39,Lion,1944,R,12 May 1968,113 min,"Drama, War",Gus Van Sant,"Mark L. Smith (screenplay), Alejandro González Iñárritu (screenplay), Michael Punke (based in part on the novel by)","Sigourney Weaver, Carrie Henn, Michael Biehn, Paul Reiser","After a simple jewelry heist goes terribly wrong, the surviving criminals begin to suspect that one of them is a police informant.","English, Hindi, French",USA,Won 5 Oscars. Another 17 wins & 26 nominations.,https://images-na.ssl-images-amazon.com/images/M/MV5BOWMyNjE0MzEtMzVjNy00NjIxLTg0ZjMtMWJhNGI1YmVjYTczL2ltYWdlXkEyXkFqcGdeQXVyNzc5MjA3OA@@._V1_SX300.jpg,Internet Movie Database,8.2/10,,8.5,"856,870",ID-325,movie,,,,,,,,,,,http://www.rottentomatoes.com/m/raiders_of_the_lost_ark/,08 Oct 2002,,United Artists,https://www.facebook.com/PixarInsideOut,True
67,The Martian,2008,TV-MA,17 Mar 2006,142 min,"Biography, Drama, History",Jacques Tourneur,Peter Morgan,"Toni Collette, Philip Seymour Hoffman, Barry Humphries, Eric Bana","An aspiring author during the civil rights movement of the 1960s decides to write a book detailing the African American maids' point of view on the white families for which they work, and the hardships they go through on a daily basis.",English,USA,Won 2 Oscars. Another 22 wins & 26 nominations.,https://images-na.ssl-images-amazon.com/images/M/MV5BOTMyMjEyNzIzMV5BMl5BanBnXkFtZTgwNzIyNjU0NzE@._V1_SX300.jpg,Internet Movie Database,8.0/10,,8.3,"274,216",ID-326,movie,,,,,,,,,,,http://www.rottentomatoes.com/m/into_the_wild/,29 Aug 2000,"$132,300,000",Warner Bros. Pictures,,True
76,Blade Runner,1970,PG,07 Jan 2000,106 min,"Drama, War",David Fincher,"Harper Lee (based on her novel ""To Kill a Mockingbird""), Horton Foote (screenplay)","Ellen Burstyn, Matthew McConaughey, Mackenzie Foy, John Lithgow","When the menace known as the Joker emerges from his mysterious past, he wreaks havoc and chaos on the people of Gotham, the Dark Knight must accept one of the greatest psychological and physical tests of his ability to fight injustice.","English, Hungarian, Spanish, French",USA,Won 1 Oscar. Another 79 wins & 116 nominations.,https://images-na.ssl-images-amazon.com/images/M/MV5BNmY0MWY2NDctZDdmMi00MjA1LTk0ZTQtZDMyZTQ1NTNlYzVjXkEyXkFqcGdeQXVyMjUzOTY1NTc@._V1_SX300.jpg,Internet Movie Database,8.1/10,,8.4,"537,662",ID-327,movie,,,,,,,,,,,http://www.rottentomatoes.com/m/toy_story_3/,01 Nov 2005,,United Artists,,True
250,The Big Sleep,2017,PG,14 Mar 1997,101 min,"Crime, Thriller",Charles Chaplin,"John Hodge (screenplay), Irvine Welsh (novel)","Emile Hirsch, Marcia Gay Harden, William Hurt, Jena Malone","A former Prohibition-era Jewish gangster returns to the Lower East Side of Manhattan over thirty years later, where he once again must confront the ghosts and regrets of his old life.","English, German, Russian","USA, Germany",Nominated for 2 Oscars. Another 55 wins & 55 nominations.,https://images-na.ssl-images-amazon.com/images/M/MV5BNjhjODI2NTItMGE1ZS00NThiLWE1MmYtOWE3YzcyNzY1MTJlXkEyXkFqcGdeQXVyNTc1NTQxODI@._V1_SX300.jpg,Internet Movie Database,8.0/10,79,8.0,"158,254",ID-328,movie,,,,,,,,,,,http://www.rottentomatoes.com/m/gandhi/,06 Jul 2004,,MGM,http://www.sonypictures.com/movies/bigfish/index.html,True
162,Raging Bull,1943,PG,22 Jun 1979,108 min,"Crime, Drama, Film-Noir",Milos Forman,"Michael Cimino (story), Deric Washburn (story), Louis Garfinkle (story), Quinn K. Redeker (story), Deric Washburn (screenplay)","Mark Hamill, Harrison Ford, Carrie Fisher, Billy Dee Williams",A computer hacker learns from mysterious rebels about the true nature of his reality and his role in the war against its controllers.,"English, Russian","USA, Canada",33 wins & 51 nominations.,https://images-na.ssl-images-amazon.com/images/M/MV5BNmZiYzQ2ZmYtZTViNy00ODRkLWJkN2EtNjgwYWY1OGNmNDcxXkEyXkFqcGdeQXVyNjUwNzk3NDc@._V1_SX300.jpg,Internet Movie Database,8.0/10,90,8.1,"292,157",ID-329,movie,,,,,,,,,,,http://www.rottentomatoes.com/m/shawshank_redemption/,26 Mar 1997,"$3,840,702",Columbia Pictures,,True
52,The Wild Bunch,1997,NOT RATED,19 Sep 1997,116 min,"Biography, Drama",Gore Verbinski,"Jonathan Nolan (screenplay), Christopher Nolan (screenplay), Christopher Nolan (story), David S. Goyer (story), Bob Kane (characters)","Brad Pitt, Mélanie Laurent, Christoph Waltz, Eli Roth",A young soldier faces profound disillusionment in the soul-destroying horror of World War I.,English,USA,4 wins & 17 nominations.,https://images-na.ssl-images-amazon.com/images/M/MV5BZmI0M2VmNTgtMWVhYS00Zjg1LTk1YTYtNmJmMjRkZmMwYTc2XkEyXkFqcGdeQXVyNTA4NzY1MzY@._V1_SX300.jpg,Internet Movie Database,8.2/10,,8.5,"527,907",ID-330,movie,,,,,,,,,,,http://www.rottentomatoes.com/m/one_flew_over_the_cuckoos_nest/,24 Mar 1998,,Liberty Films,,True
28,Léon: The Professional,1946,APPROVED,12 Jun 1981,130 min,Drama,Alfred Hitchcock,"Graham Chapman, John Cleese, Eric Idle, Terry Gilliam, Terry Jones, Michael Palin","Christian Bale, Gary Oldman, Tom Hardy, Joseph Gordon-Levitt","In a murder trial, the defendant says he suffered temporary insanity after the victim raped his wife. What is the truth, and will he win his case?","English, Latin, Spanish",USA,Won 4 Oscars. Another 15 wins & 25 nominations.,https://images-na.ssl-images-amazon.com/images/M/MV5BOWIzZGUxZmItOThkMS00Y2QxLTg0MTYtMDdhMjRlNTNlYTI3L2ltYWdlXkEyXkFqcGdeQXVyNjc1NTYyMjg@._V1_SX300.jpg,Internet Movie Database,8.4/10,,8.9,"982,688",ID-331,movie,,,,,,,,,,,http://www.rottentomatoes.com/m/blade_runner/,05 Jun 2001,,United Artists,http://www.indianajones.com/,True
194,The Last Picture Show,1999,PG,06 Mar 1998,118 min,"Drama, War",John McTiernan,"Anthony Shaffer (play), Anthony Shaffer (screenplay)","Scott Weinger, Robin Williams, Linda Larkin, Jonathan Freeman",The Guardians must fight to keep their newfound family together as they unravel the mystery of Peter Quill's true parentage.,"English, Japanese, Thai",USA,Won 4 Oscars. Another 13 wins & 10 nominations.,https://images-na.ssl-images-amazon.com/images/M/MV5BYmY2ZGEwMTYtNjBmZS00OGE4LWEyMmUtNjAwMWUxZjVmZTRiXkEyXkFqcGdeQXVyNjU0OTQ0OTY@._V1_SX300.jpg,Internet Movie Database,8.0/10,70,8.1,"937,837",ID-332,movie,,,,,,,,,,,http://www.rottentomatoes.com/m/1013227-manchurian_candidate/,23 Oct 2001,,Liongate Films,http://www.hachithemovie.com/,True
227,Cool Hand Luke,1967,APPROVED,09 Sep 2011,100 min,"Comedy, Romance",Paul Thomas Anderson,"Bill Lancaster (screenplay), John W. Campbell Jr. (story)","John Wayne, James Stewart, Vera Miles, Lee Marvin",The aging patriarch of an organized crime dynasty transfers control of his clandestine empire to his reluctant son.,English,"Italy, USA",Won 2 Oscars. Another 24 wins & 22 nominations.,https://images-na.ssl-images-amazon.com/images/M/MV5BMzAwNjU1OTktYjY3Mi00NDY5LWFlZWUtZjhjNGE0OTkwZDkwXkEyXkFqcGdeQXVyMTQxNzMzNDI@._V1_SX300.jpg,Internet Movie Database,8.3/10,99,8.0,"116,207",ID-333,movie,,,,,,,,,,,http://www.rottentomatoes.com/m/the_martian/,01 Jul 1998,"$264,317,903",20th Century Fox,http://www.thegreenmile.com,True
104,Heat,2011,PG-13,17 Jan 1941,95 min,Drama,Billy Wilder,"Agatha Christie (in Agatha Christie's international stage success), Billy Wilder (screen play), Harry Kurnitz (screen play), Lawrence B. Marcus (adaptation)","Matt Damon, Ben Affleck, Stellan Skarsgård, John Mighton","""The Dude"" Lebowski, mistaken for a millionaire Lebowski, seeks restitution for his ruined rug and enlists his bowling buddies to help get it.","English, French",USA,Nominated for 1 Golden Globe. Another 27 wins & 99 nominations.,https://images-na.ssl-images-amazon.com/images/M/MV5BYTNjN2M2MzYtZGEwMi00Mzc5LWEwYTMtODM1ZmRiZjFiNTU0L2ltYWdlL2ltYWdlXkEyXkFqcGdeQXVyNjc1NTYyMjg@._V1_SX300.jpg,Internet Movie Database,8.5/10,,8.3,"113,296",ID-334,movie,,,,,,,,,,,http://www.rottentomatoes.com/m/straight_story/,08 Dec 1998,,Columbia Pictures,,True
4,The Grand Budapest Hotel,2017,PG,20 Dec 1991,140 min,"Action, Sci-Fi",Clint Eastwood,"Gustav Hasford (novel), Stanley Kubrick (screenplay), Michael Herr (screenplay), Gustav Hasford (screenplay)","Jodie Foster, Lawrence A. Bonney, Kasi Lemmons, Lawrence T. Wrentz","When Keller Dover's daughter and her friend go missing, he takes matters into his own hands as the police pursue multiple leads and the pressure mounts.",English,USA,11 wins & 15 nominations.,https://images-na.ssl-images-amazon.com/images/M/MV5BYTViNjMyNmUtNDFkNC00ZDRlLThmMDUtZDU2YWE4NGI2ZjVmXkEyXkFqcGdeQXVyNjU0OTQ0OTY@._V1_SX300.jpg,Internet Movie Database,8.1/10,,8.8,"922,672",ID-335,movie,,,,,,,,,,,http://www.rottentomatoes.com/m/bridge_on_the_river_kwai/,02 Mar 2004,"$339,700,000",MGM,,True
137,Annie Hall,2009,R,31 Aug 1949,105 min,"Comedy, Drama, Romance",Frank Capra,Frank Miller (graphic novels),"Clark Gable, Claudette Colbert, Walter Connolly, Roscoe Karns","When a Roman general is betrayed and his family murdered by an emperor's corrupt son, he comes to Rome as a gladiator to seek revenge.","English, Spanish, German",USA,Won 1 Oscar. Another 4 wins & 4 nominations.,https://images-na.ssl-images-amazon.com/images/M/MV5BZDVlNTBjMjctNjAzNS00ZGJhLTg2NzMtNzIwYTIzYTBiMDkyXkEyXkFqcGdeQXVyNTA4NzY1MzY@._V1_SX300.jpg,Internet Movie Database,8.6/10,88,8.2,"113,851",ID-336,movie,,,,,,,,,,,http://www.rottentomatoes.com/m/empire_strikes_back/,29 Aug 2000,,United Artists,http://lionmovie.com/,True
29,The Godfather,1993,PG,12 Apr 1940,137 min,"Animation, Adventure, Drama","Gary Trousdale, Kirk Wise","Andrew Stanton (original story by), Andrew Stanton (screenplay), Bob Peterson (screenplay), David Reynolds (screenplay)","Tyrone Power, Marlene Dietrich, Charles Laughton, Elsa Lanchester",A determined woman works with a hardened boxing trainer to become a professional.,English,USA,Won 5 Oscars. Another 17 wins & 26 nominations.,https://images-na.ssl-images-amazon.com/images/M/MV5BYTYxNGMyZTYtMjE3MS00MzNjLWFjNmYtMDk3N2FmM2JiM2M1XkEyXkFqcGdeQXVyNjY5NDU4NzI@._V1_SX300.jpg,Internet Movie Database,8.1/10,88,8.5,"78,182",ID-337,movie,,,,,,,,,,,http://www.rottentomatoes.com/m/baby_driver/,31 Mar 1998,,Buena Vista Distribution Compa,http://www.facebook.com/songoftheseamovie,True
250,Apocalypse Now,1967,R,04 Apr 1959,102 min,"Animation, Adventure, Family",Paul Thomas Anderson,Adam Elliot,"Tommy Lee Jones, Javier Bardem, Josh Brolin, Woody Harrelson","A sole survivor tells of the twisty events leading up to a horrific gun battle on a boat, which began when five criminals met at a seemingly random police lineup.",English,USA,1 nomination.,https://images-na.ssl-images-amazon.com/images/M/MV5BNjhjODI2NTItMGE1ZS00NThiLWE1MmYtOWE3YzcyNzY1MTJlXkEyXkFqcGdeQXVyNTc1NTQxODI@._V1_SX300.jpg,Internet Movie Database,8.6/10,68,8.0,"580,090",ID-338,movie,,,,,,,,,,,http://www.rottentomatoes.com/m/harry_potter_and_the_deathly_hallows_part_2_2011/,31 Mar 1998,"$162,804,648",Warner Bros.,http://www.WarriorFilm.com,True
136,Catch Me If You Can,1995,NOT RATED,04 Mar 2016,95 min,"Comedy, Drama, Romance","Lana Wachowski, Lilly Wachowski","Rhett Reese, Paul Wernick","William Holden, Don Taylor, Otto Preminger, Robert Strauss","After a space merchant vessel perceives an unknown transmission as a distress call, its landing on the source moon finds one of the crew attacked by a mysterious life-form, and they soon realize that its life cycle has merely begun.",English,USA,Nominated for 3 Oscars. Another 16 wins & 8 nominations.,https://images-na.ssl-images-amazon.com/images/M/MV5BMDU2ZWJlMjktMTRhMy00ZTA5LWEzNDgtYmNmZTEwZTViZWJkXkEyXkFqcGdeQXVyNDQ2OTk4MzI@._V1_SX300.jpg,Internet Movie Database,8.1/10,88,8.1,"490,860",ID-339,movie,,,,,,,,,,,http://www.rottentomatoes.com/m/1017289-rear_window/,28 Apr 1998,"$270,592,504",Hollywood/Buena Vista,,True
138,Before Sunrise,1940,R,14 Oct 1994,165 min,"Animation, Adventure, Comedy",Andrew Stanton,Paul Schrader,"Paul Newman, Robert Redford, Katharine Ross, Strother Martin",A manipulative woman and a roguish man conduct a turbulent romance during the American Civil War and Reconstruction periods.,"English, German",USA,Nominated for 2 Oscars. Another 50 wins & 96 nominations.,https://images-na.ssl-images-amazon.com/images/M/MV5BMTY2MTAzODI5NV5BMl5BanBnXkFtZTgwMjM4NzQ0MjE@._V1_SX300.jpg,Internet Movie Database,8.0/10,75,8.1,"65,987",ID-340,movie,,,,,,,,,,,http://www.rottentomatoes.com/m/1000085-2001_a_space_odyssey/,22 May 2001,"$5,600,000",Warner Independent Pictures,,True
195,The Wild Bunch,1946,PASSED,,170 min,"Animation, Family, Fantasy","Quentin Tarantino, Eli Roth","Robert Schenkkan (screenplay), Andrew Knight (screenplay)","Henry Fonda, Jane Darwell, John Carradine, Charley Grapewin","During a preview tour, a theme park suffers a major power breakdown that allows its cloned dinosaur exhibits to run amok.",English,USA,1 nomination.,https://images-na.ssl-images-amazon.com/images/M/MV5BOTUwODM5MTctZjczMi00OTk4LTg3NWUtNmVhMTAzNTNjYjcyXkEyXkFqcGdeQXVyNjU0OTQ0OTY@._V1_SX300.jpg,Internet Movie Database,8.2/10,64,8.0,"239,391",ID-341,movie,,,,,,,,,,,http://www.rottentomatoes.com/m/one_flew_over_the_cuckoos_nest/,17 Mar 2015,,Liongate Films,,True
60,The Terminator,1951,PG,19 Oct 1939,143 min,"Drama, History",Rob Reiner,"James Gunn, Dan Abnett (based on the Marvel comics by), Andy Lanning (based on the Marvel comics by), Steve Englehart (Star-lord created by), Steve Gan (Star-lord created by), Jim Starlin (Gamora and Drax created by), Stan Lee (Groot created by), Larry Lieber (Groot created by), Jack Kirby (Groot created by), Bill Mantlo (Rocket Raccoon created by), Keith Giffen (Rocket Raccoon created by), Steve Gerber (character created by: Howard the Duck), Val Mayerik (character created by: Howard the Duck)","Jay Baruchel, Gerard Butler, Craig Ferguson, America Ferrera","A cyborg, identical to the one who failed to kill Sarah Connor, must now protect her ten year old son, John Connor, from a more advanced cyborg.","English, French",USA,,https://images-na.ssl-images-amazon.com/images/M/MV5BMzg2YTFkNjgtM2ZkNS00MWVkLWIwMTEtZTgzMDM2MmUxNDE2XkEyXkFqcGdeQXVyMjI4MjA5MzA@._V1_SX300.jpg,Internet Movie Database,8.6/10,96,8.3,"598,907",ID-342,movie,,,,,,,,,,,http://www.rottentomatoes.com/m/gone_with_the_wind/,18 Oct 2005,"$292,568,851",Miramax Films,http://wip.warnerbros.com/index.html?site=beforesunset,True
89,The Revenant,1961,PG-13,06 Feb 1958,118 min,"Drama, War",Alfred Hitchcock,Ernest Lehman (screenplay),"Anne Bancroft, Dustin Hoffman, Katharine Ross, William Daniels",An insane general triggers a path to nuclear holocaust that a war room full of politicians and generals frantically try to stop.,"English, Danish",USA,Nominated for 7 Oscars. Another 9 wins & 11 nominations.,https://images-na.ssl-images-amazon.com/images/M/MV5BMmExYWJjNTktNGUyZS00ODhmLTkxYzAtNWIzOGEyMGNiMmUwXkEyXkFqcGdeQXVyNjU0OTQ0OTY@._V1_SX300.jpg,Internet Movie Database,8.1/10,80,8.4,"68,128",ID-343,movie,,,,,,,,,,,http://www.rottentomatoes.com/m/wall_e/,30 Oct 1997,,Miramax Films,,True
92,Annie Hall,2007,PG,07 Mar 1941,238 min,"Adventure, Sci-Fi, Thriller",William Wyler,Ernest Lehman,"Sally Kirkland, Anthony Ramirez, Ray LePere, Steve Reed","Eight years after the Joker's reign of anarchy, the Dark Knight, with the help of the enigmatic Selina, is forced from his imposed exile to save Gotham City, now on the edge of total annihilation, from the brutal guerrilla terrorist Bane.","English, Swahili, Xhosa, Zulu",USA,1 win.,https://images-na.ssl-images-amazon.com/images/M/MV5BMjExMTEzODkyN15BMl5BanBnXkFtZTcwNTU4NTc4OQ@@._V1_SX300.jpg,Internet Movie Database,8.5/10,70,8.3,"943,314",ID-344,movie,,,,,,,,,,,http://www.rottentomatoes.com/m/leon_the_professional/,28 Aug 2001,,20th Century Fox,http://www.mgm.com/title_title.php?title_star=MANCHURI,True
17,2001: A Space Odyssey,1993,R,20 Dec 1974,129 min,Drama,Charles Chaplin,Luc Besson,"Kurt Russell, Wilford Brimley, T.K. Carter, David Clennon","After a daring mission to rescue Han Solo from Jabba the Hutt, the rebels dispatch to Endor to destroy a more powerful Death Star. Meanwhile, Luke struggles to help Vader back from the dark side without falling into the Emperor's trap.",English,USA,Won 5 Oscars. Another 103 wins & 98 nominations.,https://images-na.ssl-images-amazon.com/images/M/MV5BMGM4M2Q5N2MtNThkZS00NTc1LTk1NTItNWEyZjJjNDRmNDk5XkEyXkFqcGdeQXVyMjA0MDQ0Mjc@._V1_SX300.jpg,Internet Movie Database,8.3/10,87,8.5,"1,365,937",ID-345,movie,,,,,,,,,,,http://www.rottentomatoes.com/m/1008166-general/,03 Dec 2012,"$13,600,000",Buena Vista Pictures,http://www.lahabitacion.com.ar/,True
123,American History X,1921,R,,98 min,Drama,"Clyde Bruckman, Buster Keaton","Woody Allen, Marshall Brickman","Keir Dullea, Gary Lockwood, William Sylvester, Daniel Richter","Following the death of a publishing tycoon, news reporters scramble to discover the meaning of his final utterance.","English, German, French, Russian, Arabic, Italian",USA,Won 4 Oscars. Another 156 wins & 132 nominations.,https://images-na.ssl-images-amazon.com/images/M/MV5BZDRjNGViMjQtOThlMi00MTA3LThkYzQtNzJkYjBkMGE0YzE1XkEyXkFqcGdeQXVyNDYyMDk5MTU@._V1_SX300.jpg,Internet Movie Database,8.1/10,100,8.2,"1,802,351",ID-346,movie,,,,,,,,,,,http://www.rottentomatoes.com/m/indiana_jones_and_the_last_crusade/,11 Jul 2000,,See-Saw Films,http://www.HowToTrainYourDragon.com/,True
155,All Quiet on the Western Front,2005,R,25 May 1983,128 min,"Crime, Drama, Thriller",Stanley Kubrick,"James Cameron (story by), David Giler (story by), Walter Hill (story by), Dan O'Bannon (based on characters created by), Ronald Shusett (based on characters created by), James Cameron (screenplay)","Anthony Hopkins, John Hurt, Anne Bancroft, John Gielgud",A prospector goes to the Klondike in search of gold and finds it and more.,"English, German, Russian","Ireland, Canada, UK, USA",Won 2 Oscars. Another 106 wins & 135 nominations.,https://images-na.ssl-images-amazon.com/images/M/MV5BMTEwNjE2OTM4NDZeQTJeQWpwZ15BbWU3MDE2MTE4OTk@._V1_SX300.jpg,Internet Movie Database,8.0/10,65,8.1,"89,890",ID-347,movie,,,,,,,,,,,http://www.rottentomatoes.com/m/there_will_be_blood/,06 Jul 2004,,Warner Bros. Pictures,http://www.findamazingamy.com/,True
250,What Ever Happened to Baby Jane?,1939,PG-13,04 Feb 1994,118 min,"Drama, Horror, Thriller","Lana Wachowski, Lilly Wachowski","Jean Shepherd (based on the novel ""In God We Trust,  All Others Pay Cash"" by), Jean Shepherd (screenplay), Leigh Brown (screenplay), Bob Clark (screenplay)","Charles Chaplin, Jack Oakie, Reginald Gardiner, Henry Daniell","During a preview tour, a theme park suffers a major power breakdown that allows its cloned dinosaur exhibits to run amok.",English,USA,Nominated for 6 Oscars. Another 2 wins & 10 nominations.,https://images-na.ssl-images-amazon.com/images/M/MV5BNzQzOTk3OTAtNDQ0Zi00ZTVkLWI0MTEtMDllZjNkYzNjNTc4L2ltYWdlXkEyXkFqcGdeQXVyNjU0OTQ0OTY@._V1_SX300.jpg,Internet Movie Database,8.0/10,,8.0,"1,108,627",ID-348,movie,,,,,,,,,,,http://www.rottentomatoes.com/m/out_of_the_past/,08 Apr 2008,,Paramount Home Video,,True
171,Inception,1967,PG,20 Jul 2012,146 min,Comedy,Quentin Tarantino,George Lucas,"Chiwetel Ejiofor, Dwight Henry, Dickie Gravois, Bryan Batt","A botched card game in London triggers four friends, thugs, weed-growers, hard gangsters, loan sharks and debt collectors to collide with each other in a series of unexpected events, all for the sake of weed, cash and two antique shotguns.",English,USA,Nominated for 1 BAFTA Film Award. Another 13 wins & 7 nominations.,https://images-na.ssl-images-amazon.com/images/M/MV5BMTkyMTM2NDk5Nl5BMl5BanBnXkFtZTgwNzY1NzEyMDE@._V1_SX300.jpg,Internet Movie Database,8.0/10,,8.1,"194,970",ID-349,movie,,,,,,,,,,,http://www.rottentomatoes.com/m/1003707-casablanca/,08 Oct 2002,,Summit Entertainment,http://www.lordoftherings.net/,True
32,Up,1921,APPROVED,25 Dec 1975,160 min,"Drama, Mystery",Bob Clark,Paul Schrader,"Paul Newman, George Kennedy, J.D. Cannon, Lou Antonio",A psychotic socialite confronts a pro tennis star with a theory on how two complete strangers can get away with murder - a theory that he plans to implement.,English,USA,Nominated for 1 Oscar. Another 3 wins & 9 nominations.,https://images-na.ssl-images-amazon.com/images/M/MV5BMjk3YjJmYTctMTAzZC00MzE4LWFlZGMtNDM5OTMyMDEzZWIxXkEyXkFqcGdeQXVyNTI4MjkwNjA@._V1_SX300.jpg,Internet Movie Database,8.5/10,81,8.5,"679,975",ID-350,movie,,,,,,,,,,,https://www.rottentomatoes.com/m/lion_2016,29 Aug 2000,,Touchstone Pictures,,True
180,The Manchurian Candidate,1990,R,01 Dec 1951,141 min,"Animation, Adventure, Comedy",William Wyler,Quentin Tarantino,"Jean Reno, Gary Oldman, Natalie Portman, Danny Aiello","A senator, who became famous for killing a notorious outlaw, returns for the funeral of an old friend and tells the truth about his deed.","English, French, German, Czech",USA,Nominated for 1 Golden Globe. Another 16 wins & 9 nominations.,https://images-na.ssl-images-amazon.com/images/M/MV5BZmExNmEwYWItYmQzOS00YjA5LTk2MjktZjEyZDE1Y2QxNjA1XkEyXkFqcGdeQXVyMTQxNzMzNDI@._V1_SX300.jpg,Internet Movie Database,8.6/10,88,8.0,"787,997",ID-351,movie,,,,,,,,,,,http://www.rottentomatoes.com/m/the_lord_of_the_rings_the_return_of_the_king/,30 Apr 1999,"$45,299,680",Universal Pictures,,True
78,The Big Lebowski,1937,R,17 Jan 1940,150 min,"Biography, Crime, Drama",Clint Eastwood,Aaron Guzikowski,"Peter Sellers, George C. Scott, Sterling Hayden, Keenan Wynn",Archaeologist and adventurer Indiana Jones is hired by the U.S. government to find the Ark of the Covenant before the Nazis.,English,USA,Nominated for 2 Oscars. Another 11 wins & 16 nominations.,https://images-na.ssl-images-amazon.com/images/M/MV5BMjA4NDI0MTIxNF5BMl5BanBnXkFtZTYwNTM0MzY2._V1_SX300.jpg,Internet Movie Database,8.3/10,80,8.3,"499,344",ID-352,movie,,,,,,,,,,,http://www.rottentomatoes.com/m/1067987-casino/,25 Aug 1998,,Columbia Pictures,,True
74,Blade Runner,1976,R,22 Jun 1954,92 min,"Biography, Drama","Sam Wood, Edmund Goulding","Drew Goddard (screenplay), Andy Weir (based on the novel by)","Andrew Garfield, Richard Pyros, Jacob Warner, Milo Gibson","A thief, who steals corporate secrets through use of dream-sharing technology, is given the inverse task of planting an idea into the mind of a CEO.",English,"UK, USA",Won 4 Oscars. Another 15 wins & 25 nominations.,https://images-na.ssl-images-amazon.com/images/M/MV5BNjUyMTc4MDExMV5BMl5BanBnXkFtZTgwNDg0NDIwMjE@._V1_SX300.jpg,Internet Movie Database,8.9/10,,8.3,"1,304,569",ID-353,movie,,,,,,,,,,,http://www.rottentomatoes.com/m/benhur/,05 Jun 2001,,20th Century Fox,http://theimitationgamemovie.com/,True
199,V for Vendetta,1984,NOT RATED,02 Apr 1970,94 min,"Adventure, Drama, Western",George Roy Hill,"George Miller, Brendan McCarthy, Nick Lathouris","Wallace Ford, William H. Lynn, Victoria Horne, Jesse White",Earth's mightiest heroes must come together and learn to fight as a team if they are to stop the mischievous Loki and his alien army from enslaving humanity.,"English, Arabic",USA,Won 1 Oscar. Another 1 win & 4 nominations.,https://images-na.ssl-images-amazon.com/images/M/MV5BMzU5MjEwMTg2Nl5BMl5BanBnXkFtZTcwNzM3MTYxNA@@._V1_SX300.jpg,Internet Movie Database,8.1/10,89,8.0,"342,023",ID-354,movie,,,,,,,,,,,http://www.rottentomatoes.com/m/1013227-manchurian_candidate/,12 Sep 2006,"$216,900,000",Newmarket Films,,True
160,WALL·E,1996,APPROVED,07 Mar 1941,121 min,Drama,Barry Levinson,"Charles Leavitt (screenplay), Charles Leavitt (story), C. Gaby Mitchell (story)","Faye Dunaway, William Holden, Peter Finch, Robert Duvall",An angel is sent from Heaven to help a desperately frustrated businessman by showing him what life would have been like if he had never existed.,"English, French",USA,Nominated for 3 Golden Globes. Another 4 nominations.,https://images-na.ssl-images-amazon.com/images/M/MV5BZjA0MTM4MTQtNzY5MC00NzY3LWI1ZTgtYzcxMjkyMzU4MDZiXkEyXkFqcGdeQXVyNDYyMDk5MTU@._V1_SX300.jpg,Internet Movie Database,8.1/10,100,8.1,"119,156",ID-355,movie,,,,,,,,,,,http://www.rottentomatoes.com/m/hotel_rwanda/,25 Aug 1998,,Paramount Pictures,http://marvel.com/guardians,True
40,Unforgiven,2017,PG,01 Nov 1957,146 min,"Biography, Drama, History",Alfred Hitchcock,"Lilly Wachowski, Lana Wachowski","Ralph Fiennes, Michael Gambon, Alan Rickman, Daniel Radcliffe","Marty McFly, a 17-year-old high school student, is accidentally sent 30 years into the past in a time-traveling DeLorean invented by his close friend, the maverick scientist Doc Brown.","English, Latin, Spanish","Germany, USA",4 wins & 6 nominations.,https://images-na.ssl-images-amazon.com/images/M/MV5BMjIyNTQ5NjQ1OV5BMl5BanBnXkFtZTcwODg1MDU4OA@@._V1_SX300.jpg,Internet Movie Database,8.4/10,,8.4,"73,848",ID-356,movie,,,,,,,,,,,http://www.rottentomatoes.com/m/the_lion_king/,27 Aug 1997,,United Artists,,True
201,Unforgiven,2010,PG,02 Feb 1972,95 min,"Drama, War",James Cameron,"Francis Ford Coppola (screenplay), Mario Puzo (screenplay), Mario Puzo (novel)","Graham Chapman, John Cleese, Eric Idle, Terry Gilliam","In German-occupied Poland during World War II, Oskar Schindler gradually becomes concerned for his Jewish workforce after witnessing their persecution by the Nazi Germans.","English, Cantonese","Italy, USA",1 win.,https://images-na.ssl-images-amazon.com/images/M/MV5BMTEwNjE2OTM4NDZeQTJeQWpwZ15BbWU3MDE2MTE4OTk@._V1_SX300.jpg,Internet Movie Database,8.6/10,81,8.0,"424,781",ID-357,movie,,,,,,,,,,,http://www.rottentomatoes.com/m/sixth_sense/,09 Jun 2009,,United Artists,http://www.batmanbegins.com/,True
163,The Lord of the Rings: The Two Towers,1921,R,03 Jul 1991,98 min,"Biography, Comedy, Crime",Stanley Kramer,Lars von Trier,"Leonardo DiCaprio, Mark Ruffalo, Ben Kingsley, Max von Sydow","In the antebellum United States, Solomon Northup, a free black man from upstate New York, is abducted and sold into slavery.",English,"USA, Austria, Switzerland",8 wins & 62 nominations.,https://images-na.ssl-images-amazon.com/images/M/MV5BMTMxNTMwODM0NF5BMl5BanBnXkFtZTcwODAyMTk2Mw@@._V1_SX300.jpg,Internet Movie Database,8.1/10,93,8.1,"73,848",ID-358,movie,,,,,,,,,,,http://www.rottentomatoes.com/m/the-gold-rush/,19 Jun 2001,,Columbia Pictures,http://www.otnemem.com,True
58,Groundhog Day,1994,UNRATED,29 May 2009,113 min,"Mystery, Thriller","Jared Bush, Byron Howard, Rich Moore","Julius J. Epstein (screen play), Philip G. Epstein (screen play), Joseph Kesselring (play)","Jason Flemyng, Dexter Fletcher, Nick Moran, Jason Statham","Ben, a young Irish boy, and his little sister Saoirse, a girl who can turn into a seal, go on an adventure to free the fairies and save the spirit world.","English, German, Italian","UK, USA",Nominated for 5 Oscars. Another 6 wins & 1 nomination.,https://images-na.ssl-images-amazon.com/images/M/MV5BZmViYmM5OTYtNGQ4Ny00YjQyLThiNjEtYTE4MGZhZTNmZjcyL2ltYWdlL2ltYWdlXkEyXkFqcGdeQXVyNjU0OTQ0OTY@._V1_SX300.jpg,Internet Movie Database,8.0/10,,8.5,"598,907",ID-359,movie,,,,,,,,,,,http://www.rottentomatoes.com/m/message/,29 Jun 1999,,Warner Bros.,http://disney.go.com/vault/archives/characters/aladdin/aladdin.html,True
71,The Bridge on the River Kwai,1968,PG-13,31 Aug 1946,131 min,"Crime, Drama, Film-Noir",Francis Ford Coppola,"Gene Wilder (screen story and screenplay), Mel Brooks (screen story and screenplay), Mary Shelley (based on characters in the novel ""Frankenstein"" by)","Clint Eastwood, Hilary Swank, Morgan Freeman, Jay Baruchel",A 20-something supervising staff member of a residential treatment facility navigates the troubled waters of that world alongside her co-worker and longtime boyfriend.,English,"USA, Hong Kong",Nominated for 1 BAFTA Film Award. Another 13 wins & 7 nominations.,https://images-na.ssl-images-amazon.com/images/M/MV5BMWM4NTFhYjctNzUyNi00NGMwLTk3NTYtMDIyNTZmMzRlYmQyXkEyXkFqcGdeQXVyMTAwMzUyOTc@._V1_SX300.jpg,Internet Movie Database,8.5/10,,8.5,"721,998",ID-360,movie,,,,,,,,,,,http://www.rottentomatoes.com/m/shining/,28 Aug 2001,,Sony Pictures,http://unchainedmovie.com/,True
45,Before Sunset,1992,R,28 Oct 1998,153 min,"Comedy, Drama, Romance",Henry Koster,"James Gunn, Nicole Perlman, Dan Abnett (based on the Marvel comics by), Andy Lanning (based on the Marvel comics by), Bill Mantlo (character created by: Rocket Raccoon), Keith Giffen (character created by: Rocket Raccoon), Jim Starlin (characters created by: Drax the Destroyer,  Gamora,  Thanos), Steve Englehart (character created by: Star-Lord), Steve Gan (character created by: Star-Lord), Steve Gerber (character created by: Howard the Duck), Val Mayerik (character created by: Howard the Duck)","Edward Norton, Brad Pitt, Meat Loaf, Zach Grenier","Due to his insistence that he has an invisible six foot-tall rabbit for a best friend, a whimsical middle-aged man is thought by his family to be insane - but he may be wiser than anyone knows.","English, Spanish",USA,Won 1 BAFTA Film Award. Another 5 wins & 10 nominations.,https://images-na.ssl-images-amazon.com/images/M/MV5BZjhhMThhNDItNTY2MC00MmU1LTliNDEtNDdhZjdlNTY5ZDQ1XkEyXkFqcGdeQXVyNjc1NTYyMjg@._V1_SX300.jpg,Internet Movie Database,8.1/10,82,8.4,"1,825,626",ID-361,movie,,,,,,,,,,,http://www.rottentomatoes.com/m/big_lebowski/,25 Jul 2000,"$656,161",DreamWorks Studios,http://www.Nightmare3DMovie.com/,True
1,Papillon,1936,PG-13,20 Jun 1974,81 min,Horror,Andrew Stanton,"James Ellroy (novel), Brian Helgeland (screenplay), Curtis Hanson (screenplay)","Ewan McGregor, Ewen Bremner, Jonny Lee Miller, Kevin McKidd","When Union spies steal an engineer's beloved locomotive, he pursues it single-handedly and straight through enemy lines.","English, German",USA,Won 5 Oscars. Another 17 wins & 26 nominations.,https://images-na.ssl-images-amazon.com/images/M/MV5BNTk4ODQ1MzgzNl5BMl5BanBnXkFtZTgwMTMyMzM4MTI@._V1_SX300.jpg,Internet Movie Database,8.1/10,100,9.0,"45,629",ID-362,movie,,,,,,,,,,,http://www.rottentomatoes.com/m/back_to_the_future/,06 Feb 2001,,United Artists,http://www.foxmovies.com/movies/the-revenant,True
61,WALL·E,1978,R,14 Mar 1997,128 min,"Action, Drama, Sport",Jon Watts,"Christopher Nolan (screenplay), Jonathan Nolan (short story ""Memento Mori"")","Diahnne Abbott, Frank Adu, Victor Argo, Gino Ardito","Retired Old West gunslinger William Munny reluctantly takes on one last job, with the help of his old partner and a young man.",English,USA,Nominated for 6 Oscars. Another 3 wins & 9 nominations.,https://images-na.ssl-images-amazon.com/images/M/MV5BMzVjNzI4NzYtMjE4NS00M2IzLWFkOWMtOTYwMWUzN2ZlNGVjL2ltYWdlL2ltYWdlXkEyXkFqcGdeQXVyMTQxNzMzNDI@._V1_SX300.jpg,Internet Movie Database,8.3/10,72,8.4,"967,878",ID-363,movie,,,,,,,,,,,http://www.rottentomatoes.com/m/roman_holiday/,08 Oct 2002,,Sony Pictures Classics,http://wip.warnerbros.com/index.html?site=beforesunset,True
57,Touch of Evil,2017,PASSED,04 Feb 1994,144 min,"Drama, History",Orson Welles,"Oliver Stone (screenplay), Zachary Sklar (screenplay), Jim Garrison (book), Jim Marrs (book)","Benicio Del Toro, Dennis Farina, Vinnie Jones, Brad Pitt","Humanity finds a mysterious, obviously artificial object buried beneath the Lunar surface and, with the intelligent computer H.A.L. 9000, sets off on a quest.","English, Latin, Greek, French, German, Arabic, Kurdish","USA, UK",Nominated for 4 Oscars. Another 5 wins & 7 nominations.,https://images-na.ssl-images-amazon.com/images/M/MV5BMDVjNjIwOGItNDE3Ny00OThjLWE0NzQtZTU3YjMzZTZjMzhkXkEyXkFqcGdeQXVyMTQxNzMzNDI@._V1_SX300.jpg,Internet Movie Database,8.9/10,77,8.5,"65,987",ID-364,movie,,,,,,,,,,,http://www.rottentomatoes.com/m/hachi_a_dogs_tale/,01 Jan 2000,,Sony Pictures Home Entertainment,http://www.lordoftherings.net/film/trilogy/thefellowship.html,True
11,Gone with the Wind,1921,R,29 Jan 1964,160 min,"Action, Adventure, Fantasy",Quentin Tarantino,"Harper Lee (based on her novel ""To Kill a Mockingbird""), Horton Foote (screenplay)","Ryan Reynolds, Karan Soni, Ed Skrein, Michael Benyaer","When a Roman general is betrayed and his family murdered by an emperor's corrupt son, he comes to Rome as a gladiator to seek revenge.",English,"Ireland, UK, USA",Nominated for 6 Oscars. Another 3 wins & 9 nominations.,https://images-na.ssl-images-amazon.com/images/M/MV5BMDE0MjYxYmMtM2VhMC00MjhiLTg5NjItMDkzZGM5MGVlYjMxL2ltYWdlL2ltYWdlXkEyXkFqcGdeQXVyNjc1NTYyMjg@._V1_SX300.jpg,Internet Movie Database,8.5/10,84,8.8,"547,383",ID-365,movie,,,,,,,,,,,http://www.rottentomatoes.com/m/1010792-its_a_wonderful_life/,19 Apr 2011,,Paramount Pictures,http://www.lordoftherings.net/,True
57,Notorious,2010,PG-13,19 Feb 2010,127 min,"Drama, War",Fred Zinnemann,"Abby Mann, Abby Mann (based on his original story by)","Guy Pearce, Carrie-Anne Moss, Joe Pantoliano, Mark Boone Junior",An undercover cop and a mole in the police attempt to identify each other while infiltrating an Irish gang in South Boston.,English,USA,Won 8 Oscars. Another 27 wins & 20 nominations.,https://images-na.ssl-images-amazon.com/images/M/MV5BZmI0M2VmNTgtMWVhYS00Zjg1LTk1YTYtNmJmMjRkZmMwYTc2XkEyXkFqcGdeQXVyNTA4NzY1MzY@._V1_SX300.jpg,Internet Movie Database,8.5/10,,8.3,"163,664",ID-366,movie,,,,,,,,,,,http://www.rottentomatoes.com/m/the_martian/,07 Jun 2016,,Artisan Entertainment,,True
125,American Beauty,2012,R,28 Oct 1998,143 min,"Drama, Sci-Fi, Thriller",William Friedkin,"Woody Allen, Marshall Brickman","Matthew Modine, Adam Baldwin, Vincent D'Onofrio, R. Lee Ermey",A wheelchair-bound photographer spies on his neighbours from his apartment window and becomes convinced one of them has committed murder.,"English, Irish, Scottish Gaelic",USA,Won 4 Oscars. Another 15 wins & 25 nominations.,https://images-na.ssl-images-amazon.com/images/M/MV5BYWQwOWVkMGItMDU2Yy00YjIzLWJkMjEtNmVkZjE3MjMwYzEzXkEyXkFqcGdeQXVyNjU0OTQ0OTY@._V1_SX300.jpg,Internet Movie Database,8.0/10,57,8.2,"679,975",ID-367,movie,,,,,,,,,,,http://www.rottentomatoes.com/m/1003094-brief_encounter/,24 Aug 2004,,Warner Bros. Pictures,,True
250,Star Wars: The Force Awakens,1957,APPROVED,20 Dec 1974,130 min,"Comedy, Romance",Rob Reiner,"T.E. Lawrence (writings), Robert Bolt (screenplay), Michael Wilson (screenplay)","Jeff Bridges, John Goodman, Julianne Moore, Steve Buscemi","In Casablanca in December 1941, a cynical American expatriate encounters a former lover, with unforeseen complications.","English, French","UK, USA",3 wins.,https://images-na.ssl-images-amazon.com/images/M/MV5BMjAxMzY3NjcxNF5BMl5BanBnXkFtZTcwNTI5OTM0Mw@@._V1_SX300.jpg,Internet Movie Database,8.3/10,59,8.0,"943,314",ID-368,movie,,,,,,,,,,,http://www.rottentomatoes.com/m/snatch/,23 Oct 2001,,MCA Universal Home Video,http://disney.go.com/vault/archives/characters/aladdin/aladdin.html,True
205,Butch Cassidy and the Sundance Kid,2017,APPROVED,04 Jul 1963,85 min,"Crime, Drama, Mystery",Alfred Hitchcock,"Ted Elliott (screen story), Terry Rossio (screen story), Stuart Beattie (screen story), Jay Wolpert (screen story), Ted Elliott (screenplay), Terry Rossio (screenplay)","Jessica Alba, Devon Aoki, Alexis Bledel, Powers Boothe","When his secret bride is executed for assaulting an English soldier who tried to rape her, Sir William Wallace begins a revolt against King Edward I of England.","English, German, Russian","USA, UK, Germany",Won 2 Oscars. Another 14 wins & 15 nominations.,https://images-na.ssl-images-amazon.com/images/M/MV5BM2EzZmFmMmItODY3Zi00NjdjLWE0MTYtZWQ3MGIyM2M4YjZhXkEyXkFqcGdeQXVyMzg2MzE2OTE@._V1_SX300.jpg,Internet Movie Database,8.1/10,73,8.0,"226,372",ID-369,movie,,,,,,,,,,,http://www.rottentomatoes.com/m/empire_strikes_back/,27 Jan 1998,,Focus Features,http://www.gladiator-thefilm.com,True
161,Toy Story 3,1999,PG-13,09 Oct 1987,117 min,"Mystery, Thriller",Steven Spielberg,"Ethan Coen, Joel Coen","Buster Keaton, Marion Mack, Glen Cavender, Jim Farley","After being coerced into working for a crime boss, a young getaway driver finds himself taking part in a heist doomed to fail.","English, Spanish",USA,Won 3 Oscars. Another 51 wins & 72 nominations.,https://images-na.ssl-images-amazon.com/images/M/MV5BMTk3NDE2NzI4NF5BMl5BanBnXkFtZTgwNzE1MzEyMTE@._V1_SX300.jpg,Internet Movie Database,9.3/10,78,8.1,"49,038",ID-370,movie,,,,,,,,,,,http://www.rottentomatoes.com/m/the_grand_budapest_hotel/,20 Dec 2011,,Criterion Collection,,True
227,The Departed,2001,PG-13,20 Apr 1977,188 min,"Comedy, Drama, Sci-Fi",Bryan Singer,"Chris Marker (film La Jetée), David Webb Peoples (screenplay), Janet Peoples (screenplay)","Elizabeth Taylor, Paul Newman, Burl Ives, Jack Carson",A fast-talking mercenary with a morbid sense of humor is subjected to a rogue experiment that leaves him with accelerated healing powers and a quest for revenge.,"English, Hungarian, Spanish, French","UK, USA, Ireland",35 wins & 70 nominations.,https://images-na.ssl-images-amazon.com/images/M/MV5BMTQ2Mjc1MDQwMl5BMl5BanBnXkFtZTcwNzUyOTUyMg@@._V1_SX300.jpg,Internet Movie Database,8.0/10,90,8.0,"1,458,676",ID-371,movie,,,,,,,,,,,http://www.rottentomatoes.com/m/judgment_at_nuremburg/,18 Nov 2008,,United Artists,http://movies.go.com/moviesdynamic/movies/movie?id=505420,True
60,Million Dollar Baby,1959,NOT RATED,28 Mar 2014,134 min,"Drama, Romance",Alfred Hitchcock,"Roy Horniman (novel), Robert Hamer (screenplay), John Dighton (screenplay)","Cary Grant, Priscilla Lane, Raymond Massey, Jack Carson",A young recruit in Vietnam faces a moral crisis when confronted with the horrors of war and the duality of man.,English,USA,1 win.,https://images-na.ssl-images-amazon.com/images/M/MV5BY2FmODc2N2QtYmY3MS00YTMwLWI2NGYtZWRmYWVkNjFjZmI0XkEyXkFqcGdeQXVyNTMxMjgxMzA@._V1_SX300.jpg,Internet Movie Database,8.3/10,,8.5,"184,127",ID-372,movie,,,,,,,,,,,http://www.rottentomatoes.com/m/rope/,31 Mar 1998,,Twentieth Century Fox Home Entertainment,,True
127,The Wizard of Oz,1989,R,12 May 1968,114 min,"Comedy, Drama",Orson Welles,Peter Morgan,"Matthew Modine, Adam Baldwin, Vincent D'Onofrio, R. Lee Ermey",A 20-something supervising staff member of a residential treatment facility navigates the troubled waters of that world alongside her co-worker and longtime boyfriend.,English,USA,Won 2 Oscars. Another 56 wins & 151 nominations.,https://images-na.ssl-images-amazon.com/images/M/MV5BNzc5N2ZjNWMtNWVkZi00MzYyLTkxNjYtMzc0NjE0MDFjNGQ0XkEyXkFqcGdeQXVyNjc1NTYyMjg@._V1_SX300.jpg,Internet Movie Database,8.4/10,83,8.1,"967,878",ID-373,movie,,,,,,,,,,,http://www.rottentomatoes.com/m/fight_club/,28 Dec 1999,"$74,223,625",Buena Vista Distribution Compa,http://www.hotelrwanda.com/,True
211,Inglourious Basterds,1978,R,25 May 1977,105 min,"Drama, Romance, Sci-Fi",James Cameron,"Christopher De Vore (screenplay), Eric Bergren (screenplay), David Lynch (screenplay), Frederick Treves (book), Ashley Montagu (in part on the book ""The Elephant Man: A Study in Human Dignity"")","Al Pacino, Robert De Niro, Val Kilmer, Jon Voight","In 1948, an American court in occupied Germany tries four Nazi judges for war crimes.",English,USA,Won 4 Oscars. Another 30 wins & 23 nominations.,https://images-na.ssl-images-amazon.com/images/M/MV5BMjQyODg5Njc4N15BMl5BanBnXkFtZTgwMzExMjE3NzE@._V1_SX300.jpg,Internet Movie Database,8.1/10,74,8.0,"747,275",ID-374,movie,,,,,,,,,,,http://www.rottentomatoes.com/m/the_lord_of_the_rings_the_fellowship_of_the_ring/,22 Apr 1998,,Warner Home Video,http://www.HowToTrainYourDragon.com/,True
125,What Ever Happened to Baby Jane?,1959,R,24 Feb 1927,125 min,"Comedy, Romance",Danny Boyle,"Lawrence Kasdan (screenplay), George Lucas (screenplay), George Lucas (story by)","Harrison Ford, Sean Connery, Denholm Elliott, Alison Doody","In a future British tyranny, a shadowy freedom fighter, known only by the alias of ""V"", plots to overthrow it with the help of a young woman.",English,USA,2 wins.,https://images-na.ssl-images-amazon.com/images/M/MV5BYWY5ZjhjNGYtZmI2Ny00ODM0LWFkNzgtZmI1YzA2N2MxMzA0XkEyXkFqcGdeQXVyNjUwNzk3NDc@._V1_SX300.jpg,Internet Movie Database,8.9/10,,8.1,"922,672",ID-375,movie,,,,,,,,,,,http://www.rottentomatoes.com/m/the_revenant_2015/,05 Jan 1999,,Turner Entertainment,,True
176,The Gold Rush,1998,UNRATED,07 Nov 2014,124 min,"Biography, Drama, History",Stanley Kubrick,"Gavin O'Connor (screenplay), Anthony Tambakis (screenplay), Cliff Dorfman (screenplay), Gavin O'Connor (story), Cliff Dorfman (story)","William Holden, Don Taylor, Otto Preminger, Robert Strauss",An ingenue insinuates herself into the company of an established but aging stage actress and her circle of theater friends.,"English, German, French",USA,Won 8 Oscars. Another 27 wins & 20 nominations.,https://images-na.ssl-images-amazon.com/images/M/MV5BNDMyNGU0NjUtNTIxMC00ZmU2LWE0ZGItZTdkNGVlODI2ZDcyL2ltYWdlXkEyXkFqcGdeQXVyNjc1NTYyMjg@._V1_SX300.jpg,Internet Movie Database,8.0/10,,8.0,"102,340",ID-376,movie,,,,,,,,,,,http://www.rottentomatoes.com/m/1059489-wild_bunch/,03 Nov 2015,,Sony Pictures Home Entertainment,,True
216,Catch Me If You Can,1999,R,08 Jan 2016,138 min,"Action, Adventure, Western",Oliver Stone,"Hampton Fancher (screenplay), David Webb Peoples (screenplay), Philip K. Dick (novel)","Tim Roth, Amanda Plummer, Laura Lovelace, John Travolta","After a space merchant vessel perceives an unknown transmission as a distress call, its landing on the source moon finds one of the crew attacked by a mysterious life-form, and they soon realize that its life cycle has merely begun.",English,"UK, USA",Won 1 Oscar. Another 1 win & 11 nominations.,https://images-na.ssl-images-amazon.com/images/M/MV5BMTkyMTM2NDk5Nl5BMl5BanBnXkFtZTgwNzY1NzEyMDE@._V1_SX300.jpg,Internet Movie Database,8.0/10,75,8.0,"618,222",ID-377,movie,,,,,,,,,,,http://www.rottentomatoes.com/m/the_lord_of_the_rings_the_return_of_the_king/,18 Oct 2005,"$53,100,000",United Artists,,True
202,The Shining,1923,APPROVED,29 May 1954,93 min,"Comedy, Music, Musical",Luc Besson,"Will Collins, Tomm Moore (story by)","Matthew Modine, Adam Baldwin, Vincent D'Onofrio, R. Lee Ermey",A promising young drummer enrolls at a cut-throat music conservatory where his dreams of greatness are mentored by an instructor who will stop at nothing to realize a student's potential.,English,"UK, USA",Nominated for 7 Oscars. Another 9 wins & 11 nominations.,https://images-na.ssl-images-amazon.com/images/M/MV5BMTk4NDQ0NjgyNF5BMl5BanBnXkFtZTgwMTE3NTkxMTE@._V1_SX300.jpg,Internet Movie Database,8.1/10,99,8.1,"1,365,937",ID-378,movie,,,,,,,,,,,http://www.rottentomatoes.com/m/man_who_shot_liberty_valance/,13 Feb 2007,,Paramount Pictures,http://warnervideo.com/gonewiththewind/,True
56,The Martian,1943,PG-13,18 Jun 2010,178 min,"Action, Drama, Sci-Fi",Michel Gondry,"Quentin Tarantino, Roger Avary (background radio dialog), Quentin Tarantino (background radio dialog)","Jim Carrey, Laura Linney, Noah Emmerich, Natascha McElhone",Selfish yuppie Charlie Babbitt's father left a fortune to his savant brother Raymond and a pittance to Charlie; they travel cross-country.,English,"UK, USA",Nominated for 4 Oscars. Another 13 wins & 6 nominations.,https://images-na.ssl-images-amazon.com/images/M/MV5BMzVjNzI4NzYtMjE4NS00M2IzLWFkOWMtOTYwMWUzN2ZlNGVjL2ltYWdlL2ltYWdlXkEyXkFqcGdeQXVyMTQxNzMzNDI@._V1_SX300.jpg,Internet Movie Database,8.4/10,75,8.5,"175,529",ID-379,movie,,,,,,,,,,,http://www.rottentomatoes.com/m/1000617-aliens/,04 Sep 2001,,Warner Home Video,,True
84,Taxi Driver,1935,R,10 Aug 2011,216 min,"Action, Adventure, Comedy",Mel Gibson,"Stephen King (short story ""Rita Hayworth and Shawshank Redemption""), Frank Darabont (screenplay)","Faye Dunaway, William Holden, Peter Finch, Robert Duvall",A 20-something supervising staff member of a residential treatment facility navigates the troubled waters of that world alongside her co-worker and longtime boyfriend.,"English, Mandarin",USA,Won 2 Oscars. Another 13 wins & 25 nominations.,https://images-na.ssl-images-amazon.com/images/M/MV5BMTYyMzM3MzgyNV5BMl5BanBnXkFtZTcwMTI4MzUyMQ@@._V1_SX300.jpg,Internet Movie Database,8.4/10,100,8.2,"85,244",ID-380,movie,,,,,,,,,,,http://www.rottentomatoes.com/m/annie_hall/,20 Mar 2007,,Paramount Home Video,http://unchainedmovie.com/,True
191,The Third Man,1921,R,23 Feb 1979,137 min,"Action, Adventure, Fantasy",James Cameron,Christopher McQuarrie,"Hugh Jackman, Patrick Stewart, Dafne Keen, Boyd Holbrook","After the rebels are overpowered by the Empire on their newly established base, Luke Skywalker begins Jedi training with Master Yoda. His friends accept shelter from a questionable ally as Darth Vader hunts them in a plan to capture Luke.","English, Hungarian, Spanish, French",USA,Won 2 Oscars. Another 115 wins & 134 nominations.,https://images-na.ssl-images-amazon.com/images/M/MV5BY2FmODc2N2QtYmY3MS00YTMwLWI2NGYtZWRmYWVkNjFjZmI0XkEyXkFqcGdeQXVyNTMxMjgxMzA@._V1_SX300.jpg,Internet Movie Database,8.1/10,,8.0,"83,328",ID-381,movie,,,,,,,,,,,http://www.rottentomatoes.com/m/1015002-night_at_the_opera/,16 May 2000,"$328,674,489",Paramount Pictures,http://www.foxmovies.com/deadpool,True
250,One Flew Over the Cuckoo's Nest,2006,R,08 Feb 1976,104 min,"Adventure, Sci-Fi, Thriller","Clyde Bruckman, Buster Keaton","Woody Allen, Marshall Brickman","Tommy Lee Jones, Javier Bardem, Josh Brolin, Woody Harrelson","Marty McFly, a 17-year-old high school student, is accidentally sent 30 years into the past in a time-traveling DeLorean invented by his close friend, the maverick scientist Doc Brown.",English,USA,Won 4 Oscars. Another 40 wins & 28 nominations.,https://images-na.ssl-images-amazon.com/images/M/MV5BZTRmNjQ1ZDYtNDgzMy00OGE0LWE4N2YtNTkzNWQ5ZDhlNGJmL2ltYWdlL2ltYWdlXkEyXkFqcGdeQXVyNjU0OTQ0OTY@._V1_SX300.jpg,Internet Movie Database,8.1/10,76,8.0,"857,527",ID-382,movie,,,,,,,,,,,http://www.rottentomatoes.com/m/interstellar_2014/,17 Dec 2002,,Paramount Pictures,http://www.sincitythemovie.com/,True
182,Modern Times,1993,R,05 May 2017,123 min,"Crime, Drama, Mystery",Paul Greengrass,"Jonathan Nolan (screenplay), Christopher Nolan (screenplay), Christopher Nolan (story), David S. Goyer (story), Bob Kane (characters)","Peter Sellers, George C. Scott, Sterling Hayden, Keenan Wynn",A young boy is raised within the confines of a small shed.,"English, Spanish",USA,Won 4 Oscars. Another 63 wins & 83 nominations.,https://images-na.ssl-images-amazon.com/images/M/MV5BM2EzZmFmMmItODY3Zi00NjdjLWE0MTYtZWQ3MGIyM2M4YjZhXkEyXkFqcGdeQXVyMzg2MzE2OTE@._V1_SX300.jpg,Internet Movie Database,8.6/10,53,8.0,"24,842",ID-383,movie,,,,,,,,,,,http://www.rottentomatoes.com/m/return_of_the_jedi/,07 Mar 2000,,Warner Bros. Pictures,http://movies.disney.com/zootopia,True
23,Fargo,2004,R,15 Nov 1935,88 min,"Drama, Romance, Sci-Fi",James Mangold,,"Brie Larson, Jacob Tremblay, Sean Bridgers, Wendy Crewson",An insane general triggers a path to nuclear holocaust that a war room full of politicians and generals frantically try to stop.,English,USA,Nominated for 1 Oscar. Another 11 wins & 21 nominations.,https://images-na.ssl-images-amazon.com/images/M/MV5BMTg5NDkwMTk5N15BMl5BanBnXkFtZTYwODg3MDk2._V1_SX300.jpg,Internet Movie Database,8.1/10,92,8.6,"122,177",ID-384,movie,,,,,,,,,,,http://www.rottentomatoes.com/m/the_lord_of_the_rings_the_return_of_the_king/,13 Jun 2000,,New Line Cinema,,True
149,A Clockwork Orange,1988,R,05 Jun 1998,212 min,"Comedy, Drama, Sci-Fi",William Friedkin,"Stanley Kubrick (written for the screen by), William Makepeace Thackeray (novel)","Paul Newman, George Kennedy, J.D. Cannon, Lou Antonio","Seventy-eight year old Carl Fredricksen travels to Paradise Falls in his home equipped with balloons, inadvertently taking a young stowaway.","English, French",USA,Won 6 Oscars. Another 39 wins & 66 nominations.,https://images-na.ssl-images-amazon.com/images/M/MV5BMTg0NTIzMjQ1NV5BMl5BanBnXkFtZTcwNDc3MzM5OQ@@._V1_SX300.jpg,Internet Movie Database,8.3/10,,8.1,"122,343",ID-385,movie,,,,,,,,,,,http://www.rottentomatoes.com/m/forrest_gump/,30 Sep 2003,,New Line Cinema,,True
236,Stalag 17,1971,G,01 Apr 1957,127 min,"Adventure, Drama, Sci-Fi",Michael Cimino,"Tate Taylor (screenplay), Kathryn Stockett (novel)","Cary Grant, Katharine Hepburn, James Stewart, Ruth Hussey",A Polish Jewish musician struggles to survive the destruction of the Warsaw ghetto of World War II.,English,USA,Won 2 Oscars. Another 7 wins & 14 nominations.,https://images-na.ssl-images-amazon.com/images/M/MV5BMTk4NDQ0NjgyNF5BMl5BanBnXkFtZTgwMTE3NTkxMTE@._V1_SX300.jpg,Internet Movie Database,8.2/10,67,8.0,"909,341",ID-386,movie,,,,,,,,,,,http://www.rottentomatoes.com/m/pulp_fiction/,30 Sep 2003,,Miramax Films,,True
131,The Dark Knight,1944,PASSED,19 Feb 2010,164 min,"Drama, Romance, Sci-Fi",Tomm Moore,Lars von Trier,"Ellen Burstyn, Jared Leto, Jennifer Connelly, Marlon Wayans","In a future British tyranny, a shadowy freedom fighter, known only by the alias of ""V"", plots to overthrow it with the help of a young woman.",English,"UK, USA",Nominated for 5 Oscars. Another 51 wins & 115 nominations.,https://images-na.ssl-images-amazon.com/images/M/MV5BN2EyZjM3NzUtNWUzMi00MTgxLWI0NTctMzY4M2VlOTdjZWRiXkEyXkFqcGdeQXVyNDUzOTQ5MjY@._V1_SX300.jpg,Internet Movie Database,8.4/10,93,8.2,"179,414",ID-387,movie,,,,,,,,,,,http://www.rottentomatoes.com/m/dog_day_afternoon/,10 Oct 2000,,Universal Pictures,http://www.thepianistmovie.com/,True
103,Raging Bull,2012,R,12 Feb 1993,125 min,"Action, Adventure, Mystery",Billy Wilder,"Lawrence Hauben (screenplay), Bo Goldman (screenplay), Ken Kesey (based on the novel by), Dale Wasserman (the play version: ""One Flew Over the Cuckoo's Nest"" by)","Paul Newman, Jackie Gleason, Piper Laurie, George C. Scott","The incredible story of Wolfgang Amadeus Mozart, told by his peer and secret rival Antonio Salieri - now confined to an insane asylum.","English, German",USA,Won 1 Golden Globe. Another 21 wins & 8 nominations.,https://images-na.ssl-images-amazon.com/images/M/MV5BMWQ0ZGU3NDUtYjRkNS00Yzg4LTgxMTItMjExYjg3ZjgyMGRkXkEyXkFqcGdeQXVyNjU0OTQ0OTY@._V1_SX300.jpg,Internet Movie Database,8.2/10,82,8.2,"68,366",ID-388,movie,,,,,,,,,,,http://www.rottentomatoes.com/m/1000085-2001_a_space_odyssey/,14 Dec 1999,,Warner Bros.,http://www.theofficialjohncarpenter.com/pages/themovies/th/th.html,True
86,L.A. Confidential,1946,R,25 Feb 1936,122 min,"Crime, Drama, Thriller",George Roy Hill,"Richard Linklater (screenplay), Julie Delpy (screenplay), Ethan Hawke (screenplay), Richard Linklater (story), Kim Krizan (story), Richard Linklater (characters), Kim Krizan (characters)","Tom Hardy, Charlize Theron, Nicholas Hoult, Hugh Keays-Byrne","When Dr. Henry Jones Sr. suddenly goes missing while pursuing the Holy Grail, eminent archaeologist Indiana Jones must follow in his father's footsteps to stop the Nazis from getting their hands on the Holy Grail first.","English, German, Hebrew, Spanish","USA, Austria, Switzerland",Won 5 Oscars. Another 49 wins & 37 nominations.,https://images-na.ssl-images-amazon.com/images/M/MV5BMzFhNTMwNDMtZjY3Yy00NzY3LWI1ZWQtZTQxMWJmODVhZWFkXkEyXkFqcGdeQXVyNjQzNDI3NzY@._V1_SX300.jpg,Internet Movie Database,8.0/10,83,8.2,"969,927",ID-389,movie,,,,,,,,,,,http://www.rottentomatoes.com/m/cool_hand_luke/,11 Apr 2017,,Buena Vista Distribution Compa,http://disney.go.com/lionking/,True
17,12 Angry Men,1973,R,06 Feb 1958,131 min,"Adventure, Drama, War",Oliver Stone,"Donn Pearce (screenplay), Frank Pierson (screenplay), Donn Pearce (novel)","Marlon Brando, Al Pacino, James Caan, Richard S. Castellano","Following the Normandy Landings, a group of U.S. soldiers go behind enemy lines to retrieve a paratrooper whose brothers have been killed in action.",English,USA,,https://images-na.ssl-images-amazon.com/images/M/MV5BOTdiNzJlOWUtNWMwNS00NmFlLWI0YTEtZmI3YjIzZWUyY2Y3XkEyXkFqcGdeQXVyNjU0OTQ0OTY@._V1_SX300.jpg,Internet Movie Database,8.9/10,,8.3,"1,304,569",ID-390,movie,,,,,,,,,,,http://www.rottentomatoes.com/m/beauty_and_the_beast_1991/,25 Sep 2001,,20th Century Fox,,True
178,Raiders of the Lost Ark,2008,PG-13,06 Sep 1946,137 min,"Crime, Drama",Francis Ford Coppola,"Mary Chase (from the Pulitzer Prize Play by), Mary Chase (screenplay), Oscar Brodney (screenplay)","John Wayne, James Stewart, Vera Miles, Lee Marvin","In the near future, a weary Logan cares for an ailing Professor X somewhere on the Mexican border. However, Logan's attempts to hide from the world and his legacy are upended when a young mutant arrives, pursued by dark forces.","English, Vietnamese","Netherlands, Denmark, UK, France, Finland, Sweden, Germany, Italy, Norway",Won 6 Oscars. Another 17 wins & 17 nominations.,https://images-na.ssl-images-amazon.com/images/M/MV5BMTQ2Mjc1MDQwMl5BMl5BanBnXkFtZTcwNzUyOTUyMg@@._V1_SX300.jpg,Internet Movie Database,8.1/10,61,8.1,"881,549",ID-391,movie,,,,,,,,,,,http://www.rottentomatoes.com/m/cool_hand_luke/,22 May 2001,,20th Century Fox,http://www.dogville.dk/,True
218,Inside Out,2001,APPROVED,22 Nov 1995,88 min,"Action, Sci-Fi",Otto Preminger,"Mary Chase (from the Pulitzer Prize Play by), Mary Chase (screenplay), Oscar Brodney (screenplay)","Martin Balsam, John Fiedler, Lee J. Cobb, E.G. Marshall",The desperate life of a chronic alcoholic is followed through a four-day drinking bout.,"English, French",USA,Won 1 Oscar. Another 90 wins & 90 nominations.,https://images-na.ssl-images-amazon.com/images/M/MV5BNThjMzczMjctZmIwOC00NTQ4LWJhZWItZDdhNTk5ZTdiMWFlXkEyXkFqcGdeQXVyNDYyMDk5MTU@._V1_SX300.jpg,Internet Movie Database,8.1/10,90,8.0,"55,529",ID-392,movie,,,,,,,,,,,https://www.rottentomatoes.com/m/logan_2017,06 Aug 2002,,WARNER BROTHERS PICTURES,http://theexorcist.warnerbros.com/,True
182,Cool Hand Luke,1944,R,01 Sep 1959,146 min,"Drama, War",David Fincher,"Jonathan Nolan (screenplay), Christopher Nolan (screenplay), Christopher Nolan (story), David S. Goyer (story), Bob Kane (characters)","Dev Patel, Saurabh Shukla, Anil Kapoor, Raj Zutshi","King Arthur and his knights embark on a low-budget search for the Grail, encountering many, very silly obstacles.","English, Yiddish",USA,Won 5 Oscars. Another 53 wins & 101 nominations.,https://images-na.ssl-images-amazon.com/images/M/MV5BZjhkMDM4MWItZTVjOC00ZDRhLThmYTAtM2I5NzBmNmNlMzI1XkEyXkFqcGdeQXVyNDYyMDk5MTU@._V1_SX300.jpg,Internet Movie Database,8.1/10,,8.0,"43,551",ID-393,movie,,,,,,,,,,,http://www.rottentomatoes.com/m/godfather_part_ii/,15 May 2001,,Lionsgate,,True
22,Mr. Smith Goes to Washington,1976,R,29 May 1954,102 min,"Crime, Drama, Film-Noir","Pete Docter, Ronnie Del Carmen","Bob Kane (characters), David S. Goyer (story), Christopher Nolan (screenplay), David S. Goyer (screenplay)","Sterling Hayden, Coleen Gray, Vince Edwards, Jay C. Flippen",Earth's mightiest heroes must come together and learn to fight as a team if they are to stop the mischievous Loki and his alien army from enslaving humanity.,English,USA,Won 1 BAFTA Film Award. Another 5 wins & 10 nominations.,https://images-na.ssl-images-amazon.com/images/M/MV5BMDFkMDEwM2MtOWY4MS00YWNhLTg5ZWItYzAxZTJlN2Y1NjBmXkEyXkFqcGdeQXVyNjc1NTYyMjg@._V1_SX300.jpg,Internet Movie Database,8.9/10,85,8.6,"1,802,351",ID-394,movie,,,,,,,,,,,http://www.rottentomatoes.com/m/rush_2013/,16 Aug 2005,"$164,400,000",Universal Pictures,http://www.Nightmare3DMovie.com/,True
135,No Country for Old Men,1959,APPROVED,03 Mar 2017,238 min,"Biography, Drama, Sport","Joel Coen, Ethan Coen",Adam Elliot,"Paul Newman, Robert Redford, Robert Shaw, Charles Durning",English teacher John Keating inspires his students to look at poetry with a different perspective of authentic knowledge and feelings.,English,"France, USA",Won 11 Oscars. Another 16 wins & 13 nominations.,https://images-na.ssl-images-amazon.com/images/M/MV5BNDcyZmFjY2YtN2I1OC00MzU3LWIzZGEtZDA5N2VlNDJjYWI3L2ltYWdlXkEyXkFqcGdeQXVyNTAyODkwOQ@@._V1_SX300.jpg,Internet Movie Database,8.3/10,77,8.1,"2,872",ID-395,movie,,,,,,,,,,,http://www.rottentomatoes.com/m/raiders_of_the_lost_ark/,01 Jul 1998,,Newmarket Film Group,http://milliondollarbabymovie.warnerbros.com/,True
165,Hachi: A Dog's Tale,1938,PG-13,14 Oct 1994,103 min,"Drama, History, Thriller",Ron Howard,"Lawrence Kasdan, J.J. Abrams, Michael Arndt, George Lucas (based on characters created by)","Fred MacMurray, Barbara Stanwyck, Edward G. Robinson, Porter Hall","Jack Skellington, king of Halloween Town, discovers Christmas Town, but his attempts to bring Christmas to his home cause confusion.","English, Urdu, Mandarin",USA,Won 5 Oscars. Another 5 wins & 1 nomination.,https://images-na.ssl-images-amazon.com/images/M/MV5BMTkxMTA5OTAzMl5BMl5BanBnXkFtZTgwNjA5MDc3NjE@._V1_SX300.jpg,Internet Movie Database,8.1/10,92,8.1,"787,997",ID-396,movie,,,,,,,,,,,http://www.rottentomatoes.com/m/groundhog_day/,27 Apr 2004,,Warner Bros. Pictures,http://www.foxmovies.com/movies/logan,True
31,The Godfather: Part II,1994,R,30 Jul 2004,128 min,"Action, Adventure, Sci-Fi",Sam Peckinpah,"Billy Wilder (screenplay), Raymond Chandler (screenplay), James M. Cain (from the novel by)","Spencer Tracy, Burt Lancaster, Richard Widmark, Marlene Dietrich","A five-year-old Indian boy gets lost on the streets of Calcutta, thousands of kilometers from home. He survives many challenges before being adopted by a couple in Australia. 25 years later, he sets out to find his lost family.",English,USA,Won 5 Oscars. Another 53 wins & 101 nominations.,https://images-na.ssl-images-amazon.com/images/M/MV5BNTI4ODQ1MzAzNV5BMl5BanBnXkFtZTgwMzU4NzMxMDE@._V1_SX300.jpg,Internet Movie Database,8.3/10,81,8.6,"643,205",ID-397,movie,,,,,,,,,,,http://www.rottentomatoes.com/m/lawrence_of_arabia/,06 Feb 2001,"$141,243,551",Paramount Pictures,http://www.thegodfather.com/,True
10,Dial M for Murder,2017,PG-13,09 Jan 1998,143 min,"Adventure, Biography, Drama",Damien Chazelle,Alan Ball,"Harrison Ford, Sean Connery, Denholm Elliott, Alison Doody","A stark, perverse story of murder, kidnapping, and police corruption in a Mexican border town.",English,"USA, New Zealand",Won 2 BAFTA Film Awards. Another 1 win & 1 nomination.,https://images-na.ssl-images-amazon.com/images/M/MV5BMDFkMDEwM2MtOWY4MS00YWNhLTg5ZWItYzAxZTJlN2Y1NjBmXkEyXkFqcGdeQXVyNjc1NTYyMjg@._V1_SX300.jpg,Internet Movie Database,8.0/10,70,8.6,"83,328",ID-398,movie,,,,,,,,,,,http://www.rottentomatoes.com/m/harry_potter_and_the_deathly_hallows_part_2_2011/,11 Dec 2007,,MGM,http://www.hotelrwanda.com/,True
122,Deadpool,1995,R,25 Jan 2008,149 min,"Action, Sci-Fi",Frank Darabont,"Billy Wilder (screenplay), I.A.L. Diamond (screenplay), Robert Thoeren (suggested by a story by), Michael Logan (suggested by a story by)","Joseph Cotten, Alida Valli, Orson Welles, Trevor Howard","A drama critic learns on his wedding day that his beloved maiden aunts are homicidal maniacs, and that insanity runs in his family.",English,USA,Nominated for 4 Oscars. Another 15 wins & 30 nominations.,https://images-na.ssl-images-amazon.com/images/M/MV5BMTgxNzY3MzUxOV5BMl5BanBnXkFtZTcwMDA0NjMyNA@@._V1_SX300.jpg,Internet Movie Database,8.7/10,67,8.2,"110,893",ID-399,movie,,,,,,,,,,,http://www.rottentomatoes.com/m/what-ever-happened-to-baby-jane/,,"$1,498,177",Paramount Studios,http://www.bttfmovie.com/,True
55,The Sixth Sense,1943,R,15 Jul 2011,191 min,"Crime, Thriller",David Lean,"Michael Cimino (story), Deric Washburn (story), Louis Garfinkle (story), Quinn K. Redeker (story), Deric Washburn (screenplay)","Tom Hanks, Tim Allen, Don Rickles, Jim Varney","Two detectives, a rookie and a veteran, hunt a serial killer who uses the seven deadly sins as his motives.","English, French, German, Italian",USA,,https://images-na.ssl-images-amazon.com/images/M/MV5BN2YxZDUxYzMtYzQxNy00NTRjLThmZjQtY2Q4Njg2MTUyOTkzL2ltYWdlL2ltYWdlXkEyXkFqcGdeQXVyNjU0OTQ0OTY@._V1_SX300.jpg,Internet Movie Database,8.1/10,88,8.4,"967,878",ID-400,movie,,,,,,,,,,,http://www.rottentomatoes.com/m/1003094-brief_encounter/,28 Aug 2001,,Columbia Pictures,,True
128,Star Wars: The Force Awakens,2012,APPROVED,20 Sep 2013,146 min,"Comedy, Crime",Gore Verbinski,"Mark L. Smith (screenplay), Alejandro González Iñárritu (screenplay), Michael Punke (based in part on the novel by)","Mark Ruffalo, Michael Keaton, Rachel McAdams, Liev Schreiber","Based on the true story of Jordan Belfort, from his rise to a wealthy stock-broker living the high life to his fall involving crime, corruption and the federal government.",English,USA,Nominated for 2 Golden Globes. Another 23 wins & 63 nominations.,https://images-na.ssl-images-amazon.com/images/M/MV5BMDFkMDEwM2MtOWY4MS00YWNhLTg5ZWItYzAxZTJlN2Y1NjBmXkEyXkFqcGdeQXVyNjc1NTYyMjg@._V1_SX300.jpg,Internet Movie Database,8.3/10,,8.2,"68,366",ID-401,movie,,,,,,,,,,,http://www.rottentomatoes.com/m/clockwork_orange/,29 Jun 1999,,Sony Pictures,http://www.HowToTrainYourDragon.com/,True
103,Toy Story,2007,APPROVED,24 Oct 1962,130 min,"Crime, Film-Noir, Thriller",Rob Reiner,"James Cameron, Gale Anne Hurd, William Wisher Jr. (additional dialogue)","Russell Crowe, Joaquin Phoenix, Connie Nielsen, Oliver Reed",A newspaper editor uses every trick in the book to keep his ace reporter ex-wife from remarrying.,"English, German, Latin",USA,Won 2 Oscars. Another 16 wins & 22 nominations.,https://images-na.ssl-images-amazon.com/images/M/MV5BZjQxYmRkMjgtMmZkZi00ZDYyLTk5OTktZWZjZTEzNGZlMWEwXkEyXkFqcGdeQXVyNDYyMDk5MTU@._V1_SX300.jpg,Internet Movie Database,8.3/10,64,8.2,"73,848",ID-402,movie,,,,,,,,,,,http://www.rottentomatoes.com/m/clockwork_orange/,26 Oct 1999,,Warner Bros. Pictures,http://disney.go.com/monstersinc/index.html,True
250,Strangers on a Train,2017,R,09 Apr 2009,126 min,"Drama, Sci-Fi, Thriller",Sergio Leone,"Sidney Buchman (screen play), Lewis R. Foster (story)","Gary Cooper, Thomas Mitchell, Lloyd Bridges, Katy Jurado","An aspiring author during the civil rights movement of the 1960s decides to write a book detailing the African American maids' point of view on the white families for which they work, and the hardships they go through on a daily basis.",English,USA,Nominated for 1 Oscar. Another 14 wins & 37 nominations.,https://images-na.ssl-images-amazon.com/images/M/MV5BZDg1OGQ4YzgtM2Y2NS00NjA3LWFjYTctMDRlMDI3NWE1OTUyXkEyXkFqcGdeQXVyMjUzOTY1NTc@._V1_SX300.jpg,Internet Movie Database,8.1/10,,8.0,"304,299",ID-403,movie,,,,,,,,,,,http://www.rottentomatoes.com/m/sin_city/,04 Jun 2002,"$270,592,504",MGM,,True
60,Strangers on a Train,1949,NOT RATED,04 Jul 1963,92 min,"Adventure, Drama, Fantasy",Charles Chaplin,Quentin Tarantino,"Ginnifer Goodwin, Jason Bateman, Idris Elba, Jenny Slate",A fast-talking mercenary with a morbid sense of humor is subjected to a rogue experiment that leaves him with accelerated healing powers and a quest for revenge.,English,USA,Won 4 Oscars. Another 16 wins & 14 nominations.,https://images-na.ssl-images-amazon.com/images/M/MV5BM2RjMmU3ZWItYzBlMy00ZmJkLWE5YzgtNTVkODdhOWM3NGZhXkEyXkFqcGdeQXVyNDA5Mjg5MjA@._V1_SX300.jpg,Internet Movie Database,8.4/10,,8.4,"490,860",ID-404,movie,,,,,,,,,,,http://www.rottentomatoes.com/m/the_dark_knight/,,,United Artists,,True
11,Finding Nemo,1958,R,29 Oct 1993,68 min,"Drama, Music, Romance",James Gunn,"Julius J. Epstein (screenplay), Philip G. Epstein (screenplay), Howard Koch (screenplay), Murray Burnett (play), Joan Alison (play)","Andrew Garfield, Richard Pyros, Jacob Warner, Milo Gibson","A religious fanatic marries a gullible widow whose young children are reluctant to tell him where their real daddy hid $10,000 he'd stolen in a robbery.",English,USA,Won 4 Oscars. Another 24 wins & 24 nominations.,https://images-na.ssl-images-amazon.com/images/M/MV5BZjhkMDM4MWItZTVjOC00ZDRhLThmYTAtM2I5NzBmNmNlMzI1XkEyXkFqcGdeQXVyNDYyMDk5MTU@._V1_SX300.jpg,Internet Movie Database,8.1/10,92,8.8,"1,326,876",ID-405,movie,,,,,,,,,,,http://www.rottentomatoes.com/m/alien/,06 May 2003,"$66,257,002",Miramax Films,http://www.terminator1.com/,True
173,Patton,2014,APPROVED,15 May 2015,128 min,"Comedy, Drama, Sci-Fi",Peter Jackson,"Akiva Goldsman, Sylvia Nasar (book)","Vivien Leigh, Marlon Brando, Kim Hunter, Karl Malden",Crooks plan and execute a daring race-track robbery.,English,USA,Won 3 Oscars. Another 51 wins & 72 nominations.,https://images-na.ssl-images-amazon.com/images/M/MV5BNDM2OTM0MjUtOTQ4Yy00MmY3LThhM2UtOWFlYjkxNTgwZDcyXkEyXkFqcGdeQXVyNjc1NTYyMjg@._V1_SX300.jpg,Internet Movie Database,8.3/10,93,8.0,"403,104",ID-406,movie,,,,,,,,,,,http://www.rottentomatoes.com/m/legend_of_1900/,,,Miramax Films,http://theimitationgamemovie.com/,True
8,Raiders of the Lost Ark,1974,PG,16 Mar 1963,86 min,"Action, Mystery, Thriller",M. Night Shyamalan,"James Gunn, Dan Abnett (based on the Marvel comics by), Andy Lanning (based on the Marvel comics by), Steve Englehart (Star-lord created by), Steve Gan (Star-lord created by), Jim Starlin (Gamora and Drax created by), Stan Lee (Groot created by), Larry Lieber (Groot created by), Jack Kirby (Groot created by), Bill Mantlo (Rocket Raccoon created by), Keith Giffen (Rocket Raccoon created by), Steve Gerber (character created by: Howard the Duck), Val Mayerik (character created by: Howard the Duck)","James Stewart, Kim Novak, Barbara Bel Geddes, Tom Helmore","When Keller Dover's daughter and her friend go missing, he takes matters into his own hands as the police pursue multiple leads and the pressure mounts.","English, French","UK, USA",Nominated for 1 Oscar. Another 33 wins & 62 nominations.,https://images-na.ssl-images-amazon.com/images/M/MV5BMzA5Zjc3ZTMtMmU5YS00YTMwLWI4MWUtYTU0YTVmNjVmODZhXkEyXkFqcGdeQXVyNjU0OTQ0OTY@._V1_SX300.jpg,Internet Movie Database,8.5/10,88,8.9,"967,878",ID-407,movie,,,,,,,,,,,http://www.rottentomatoes.com/m/pirates_of_the_caribbean_the_curse_of_the_black_pearl/,04 Jun 2002,,Paramount Home Video,http://www.thebourneultimatum.com/,True
68,12 Angry Men,2000,NOT RATED,07 Nov 2014,92 min,"Crime, Drama, Mystery",Denis Villeneuve,"Billy Wilder (screenplay), I.A.L. Diamond (screenplay), Robert Thoeren (suggested by a story by), Michael Logan (suggested by a story by)","Tim Robbins, Morgan Freeman, Bob Gunton, William Sadler","A seemingly indestructible humanoid cyborg is sent from 2029 to 1984 to assassinate a waitress, whose unborn son will lead humanity in a war against the machines, while a soldier from that war is sent to protect her at all costs.","English, Russian",USA,1 win.,https://images-na.ssl-images-amazon.com/images/M/MV5BZjEyOTE4MzMtNmMzMy00Mzc3LWJlOTQtOGJiNDE0ZmJiOTU4L2ltYWdlXkEyXkFqcGdeQXVyNTAyODkwOQ@@._V1_SX300.jpg,Internet Movie Database,8.3/10,74,8.3,"29,245",ID-408,movie,,,,,,,,,,,http://www.rottentomatoes.com/m/batman_begins/,19 Oct 1999,,New Line Cinema,,True
81,The Help,1989,NOT RATED,09 Jun 1989,84 min,"Crime, Drama, Film-Noir",Danny Boyle,"Paul Thomas Anderson (screenplay), Upton Sinclair (novel)","Tim Roth, Pruitt Taylor Vince, Bill Nunn, Clarence Williams III","After his son is captured in the Great Barrier Reef and taken to Sydney, a timid clownfish sets out on a journey to bring him home.",English,USA,Won 6 Oscars. Another 231 wins & 208 nominations.,https://images-na.ssl-images-amazon.com/images/M/MV5BNWE4OTNiM2ItMjY4Ni00ZTViLWFiZmEtZGEyNGY2ZmNlMzIyXkEyXkFqcGdeQXVyMDU5NDcxNw@@._V1_SX300.jpg,Internet Movie Database,8.1/10,,8.3,"1,051,143",ID-409,movie,,,,,,,,,,,http://www.rottentomatoes.com/m/jurassic_park/,02 Jan 2002,,Gramercy Pictures,,True
185,Jaws,1983,R,09 Jan 1998,118 min,"Horror, Mystery, Sci-Fi",M. Night Shyamalan,"William Peter Blatty (written for the screen by), William Peter Blatty (novel)","Anthony Hopkins, John Hurt, Anne Bancroft, John Gielgud",A disillusioned college graduate finds himself torn between his older lover and her daughter.,English,USA,3 wins & 5 nominations.,https://images-na.ssl-images-amazon.com/images/M/MV5BMTAyN2JmZmEtNjAyMy00NzYwLThmY2MtYWQ3OGNhNjExMmM4XkEyXkFqcGdeQXVyNDk3NzU2MTQ@._V1_SX300.jpg,Internet Movie Database,8.9/10,,8.0,"301,614",ID-410,movie,,,,,,,,,,,http://www.rottentomatoes.com/m/network/,15 Mar 2005,"$204,100,000",New Line Cinema,,True
140,Psycho,1958,NOT RATED,01 Feb 1958,68 min,"Biography, Drama",Richard Linklater,"Roger Waters (album ""The Wall""), Roger Waters (screenplay)","Faye Dunaway, William Holden, Peter Finch, Robert Duvall","During World War II, mathematician Alan Turing tries to crack the enigma code with help from fellow mathematicians.","English, German",USA,Won 2 Oscars. Another 5 wins & 2 nominations.,https://images-na.ssl-images-amazon.com/images/M/MV5BYWQ0MmRiMjMtM2Y1MC00MTYwLWI4YzktOGI0MjdiNzJlZDc3L2ltYWdlL2ltYWdlXkEyXkFqcGdeQXVyNjc1NTYyMjg@._V1_SX300.jpg,Internet Movie Database,8.1/10,,8.0,"291,865",ID-411,movie,,,,,,,,,,,http://www.rottentomatoes.com/m/matrix/,19 May 1998,,MGM/UA Classics,,True
63,A Clockwork Orange,1999,APPROVED,25 Dec 2013,177 min,"Adventure, Drama, Sci-Fi",Danny Boyle,"John Milius, Francis Ford Coppola, Michael Herr (narration)","John Wayne, Dean Martin, Ricky Nelson, Angie Dickinson",English teacher John Keating inspires his students to look at poetry with a different perspective of authentic knowledge and feelings.,"English, French, German, Italian",USA,Won 7 Oscars. Another 10 wins & 6 nominations.,https://images-na.ssl-images-amazon.com/images/M/MV5BMjM2MDgxMDg0Nl5BMl5BanBnXkFtZTgwNTM2OTM5NDE@._V1_SX300.jpg,Internet Movie Database,8.3/10,84,8.3,"535,118",ID-412,movie,,,,,,,,,,,http://www.rottentomatoes.com/m/best_years_of_our_lives/,14 Apr 1997,,Newmarket Films,http://www.kingsspeech.com/,True
187,12 Angry Men,1978,APPROVED,07 Mar 1941,191 min,"Crime, Drama",Guy Ritchie,"Nicholas Pileggi (book), Nicholas Pileggi (screenplay), Martin Scorsese (screenplay)","Scott Weinger, Robin Williams, Linda Larkin, Jonathan Freeman","Harry, Ron and Hermione search for Voldemort's remaining Horcruxes in their effort to destroy the Dark Lord as the final battle rages on at Hogwarts.","English, Mandarin",USA,Won 1 Oscar. Another 92 wins & 104 nominations.,https://images-na.ssl-images-amazon.com/images/M/MV5BMDg1MDgzMmQtNDhlYS00MzZiLTllZGItNzliZTE1ODBiZDQwXkEyXkFqcGdeQXVyNjU0OTQ0OTY@._V1_SX300.jpg,Internet Movie Database,8.5/10,89,8.1,"62,348",ID-413,movie,,,,,,,,,,,http://www.rottentomatoes.com/m/guardians_of_the_galaxy_vol_2/,09 Dec 1997,"$129,483,877",Paramount Home Video,http://www.sincitythemovie.com/,True
79,Toy Story 3,1981,R,14 Jun 1950,118 min,Drama,Curtis Hanson,"Harper Lee (based on her novel ""To Kill a Mockingbird""), Horton Foote (screenplay)","Henry Fonda, Jane Darwell, John Carradine, Charley Grapewin","After being coerced into working for a crime boss, a young getaway driver finds himself taking part in a heist doomed to fail.","English, Sindarin, Old English",USA,Nominated for 2 Golden Globes. Another 23 wins & 63 nominations.,https://images-na.ssl-images-amazon.com/images/M/MV5BOTU4ODdjNDYtZjk0Zi00ZDBmLTllODEtMzQ5NmYzZGEzNjVlXkEyXkFqcGdeQXVyNjc1NTYyMjg@._V1_SX300.jpg,Internet Movie Database,8.8/10,87,8.4,"639,101",ID-414,movie,,,,,,,,,,,http://www.rottentomatoes.com/m/straight_story/,25 Sep 2012,,Buena Vista,,True
19,Strangers on a Train,2014,APPROVED,19 Dec 2001,108 min,"Crime, Drama, Film-Noir",Francis Ford Coppola,Sylvester Stallone,"Elizabeth Taylor, Richard Burton, George Segal, Sandy Dennis","An insomniac office worker, looking for a way to change his life, crosses paths with a devil-may-care soap maker, forming an underground fight club that evolves into something much, much more.",English,"Ireland, Denmark, Belgium, Luxembourg, France",Nominated for 2 Oscars. Another 55 wins & 55 nominations.,https://images-na.ssl-images-amazon.com/images/M/MV5BMjIxMjgxNTk0MF5BMl5BanBnXkFtZTgwNjIyOTg2MDE@._V1_SX300.jpg,Internet Movie Database,8.2/10,81,8.7,"720,117",ID-415,movie,,,,,,,,,,,http://www.rottentomatoes.com/m/pulp_fiction/,24 Aug 2004,,New Line Cinema,,True
51,The Sixth Sense,2000,G,20 Jun 1974,143 min,"Adventure, Drama, Thriller",Christopher Nolan,"Mark L. Smith (screenplay), Alejandro González Iñárritu (screenplay), Michael Punke (based in part on the novel by)","Mark Hamill, Harrison Ford, Carrie Fisher, Peter Cushing","Karl Childers, a simple man hospitalized since his childhood murder of his mother and her lover, is released to start a new life in a small town.","English, German, French, Russian, Spanish",USA,Nominated for 5 Oscars. Another 51 wins & 115 nominations.,https://images-na.ssl-images-amazon.com/images/M/MV5BZjEyOTE4MzMtNmMzMy00Mzc3LWJlOTQtOGJiNDE0ZmJiOTU4L2ltYWdlXkEyXkFqcGdeQXVyNTAyODkwOQ@@._V1_SX300.jpg,Internet Movie Database,8.1/10,88,8.5,"407,892",ID-416,movie,,,,,,,,,,,http://www.rottentomatoes.com/m/the_amazing_spider_man_3/,14 Jan 2014,,Universal Pictures,,True
20,Indiana Jones and the Last Crusade,2000,R,19 Oct 2007,118 min,"Drama, Romance",George Roy Hill,"Stephen King (short story ""Rita Hayworth and Shawshank Redemption""), Frank Darabont (screenplay)","Michael J. Fox, Christopher Lloyd, Lea Thompson, Crispin Glover","When a Jewish prince is betrayed and sent into slavery by a Roman friend, he regains his freedom and comes back for revenge.",English,USA,Nominated for 2 Oscars. Another 13 wins & 41 nominations.,https://images-na.ssl-images-amazon.com/images/M/MV5BMzU5MjEwMTg2Nl5BMl5BanBnXkFtZTcwNzM3MTYxNA@@._V1_SX300.jpg,Internet Movie Database,8.5/10,,8.6,"436,571",ID-417,movie,,,,,,,,,,,http://www.rottentomatoes.com/m/inside_out_2015/,19 Sep 1995,,TriStar Pictures,http://www.hotelrwanda.com/,True
58,Unforgiven,1962,PASSED,22 Jan 2016,129 min,"Adventure, Drama, Thriller",David Lynch,"J.R.R. Tolkien (novel), Fran Walsh (screenplay), Philippa Boyens (screenplay), Peter Jackson (screenplay)","John Goodman, Billy Crystal, Mary Gibbs, Steve Buscemi","Humanity finds a mysterious, obviously artificial object buried beneath the Lunar surface and, with the intelligent computer H.A.L. 9000, sets off on a quest.",English,USA,Won 1 Oscar. Another 18 wins & 26 nominations.,https://images-na.ssl-images-amazon.com/images/M/MV5BMjA5Njk3MjM4OV5BMl5BanBnXkFtZTcwMTc5MTE1MQ@@._V1_SX300.jpg,Internet Movie Database,8.1/10,73,8.5,"407,892",ID-418,movie,,,,,,,,,,,http://www.rottentomatoes.com/m/godfather_part_ii/,06 May 2003,"$23,844,220",20th Century Fox,,True
153,The Shawshank Redemption,2009,R,01 Dec 1947,96 min,"Action, Sci-Fi",Francis Ford Coppola,"Mary Chase (from the Pulitzer Prize Play by), Mary Chase (screenplay), Oscar Brodney (screenplay)","Brie Larson, Jacob Tremblay, Sean Bridgers, Wendy Crewson","Marty McFly, a 17-year-old high school student, is accidentally sent 30 years into the past in a time-traveling DeLorean invented by his close friend, the maverick scientist Doc Brown.","English, French, German, Italian",USA,Nominated for 2 Oscars. Another 11 wins & 16 nominations.,https://images-na.ssl-images-amazon.com/images/M/MV5BMTg0NTIzMjQ1NV5BMl5BanBnXkFtZTcwNDc3MzM5OQ@@._V1_SX300.jpg,Internet Movie Database,8.1/10,93,8.1,"82,622",ID-419,movie,,,,,,,,,,,http://www.rottentomatoes.com/m/untitled_boston_globe_project/,15 Aug 2000,"$70,500,000",Warner Bros. Pictures,,True
157,2001: A Space Odyssey,2002,R,15 Dec 1974,110 min,"Action, Adventure, Comedy",John Carpenter,"Daniel Mainwaring (screenplay), Daniel Mainwaring (novel)","Jason Flemyng, Dexter Fletcher, Nick Moran, Jason Statham","An American grandson of the infamous scientist, struggling to prove that he is not as insane as people believe, is invited to Transylvania, where he discovers the process that reanimates a dead body.","English, Irish","Australia, USA",Nominated for 2 Oscars. Another 5 wins & 7 nominations.,https://images-na.ssl-images-amazon.com/images/M/MV5BOWIzZGUxZmItOThkMS00Y2QxLTg0MTYtMDdhMjRlNTNlYTI3L2ltYWdlXkEyXkFqcGdeQXVyNjc1NTYyMjg@._V1_SX300.jpg,Internet Movie Database,8.6/10,80,8.1,"797,545",ID-420,movie,,,,,,,,,,,http://www.rottentomatoes.com/m/psycho/,20 Feb 2007,,Twentieth Century Fox,http://www.FathomEvents.com,True
204,What Ever Happened to Baby Jane?,2007,PG,30 Jun 1951,137 min,"Action, Thriller",Christopher Nolan,"John Roach, Mary Sweeney","Matthew Modine, Adam Baldwin, Vincent D'Onofrio, R. Lee Ermey","A woman on the run from the mob is reluctantly accepted in a small Colorado town. In exchange, she agrees to work for them. As a search visits town, she finds out that their support has a price. Yet her dangerous secret is never far away...","English, German",USA,Won 3 Oscars. Another 26 wins & 39 nominations.,https://images-na.ssl-images-amazon.com/images/M/MV5BYTE4ODEwZDUtNDFjOC00NjAxLWEzYTQtYTI1NGVmZmFlNjdiL2ltYWdlL2ltYWdlXkEyXkFqcGdeQXVyNjc1NTYyMjg@._V1_SX300.jpg,Internet Movie Database,8.2/10,68,8.0,"158,254",ID-421,movie,,,,,,,,,,,http://www.rottentomatoes.com/m/raging_bull/,19 Feb 2013,,Paramount Pictures,http://www.magnoliamovie.com,True
78,Big Fish,1970,PG-13,20 Dec 1974,136 min,"Comedy, Romance",Frank Capra,David Webb Peoples,"Dennis Price, Valerie Hobson, Joan Greenwood, Alec Guinness",The Guardians must fight to keep their newfound family together as they unravel the mystery of Peter Quill's true parentage.,English,USA,Nominated for 2 Golden Globes. Another 6 wins & 62 nominations.,https://images-na.ssl-images-amazon.com/images/M/MV5BZTcyNjk1MjgtOWI3Mi00YzQwLWI5MTktMzY4ZmI2NDAyNzYzXkEyXkFqcGdeQXVyNjU0OTQ0OTY@._V1_SX300.jpg,Internet Movie Database,8.1/10,,8.3,"314,262",ID-422,movie,,,,,,,,,,,http://www.rottentomatoes.com/m/1052609-kid/,26 Mar 1997,,Orion Pictures,http://SpotlightTheFilm.com,True
45,High Noon,1953,PG-13,25 May 2001,108 min,"Comedy, Romance",Sean Penn,"Roderick Thorp (novel), Jeb Stuart (screenplay), Steven E. de Souza (screenplay)","Charles Chaplin, Jack Oakie, Reginald Gardiner, Henry Daniell",A former child star torments her paraplegic sister in their decaying Hollywood mansion.,English,"USA, UK",2 wins & 1 nomination.,https://images-na.ssl-images-amazon.com/images/M/MV5BYzQ2OTk4N2QtOGQwNy00MmI3LWEwNmEtOTk0OTY3NDk2MGJkL2ltYWdlL2ltYWdlXkEyXkFqcGdeQXVyNjc1NTYyMjg@._V1_SX300.jpg,Internet Movie Database,8.2/10,,8.5,"238,561",ID-423,movie,,,,,,,,,,,http://www.rottentomatoes.com/m/up/,26 Nov 2002,,Warner Bros. Pictures/Legendary,,True
189,Schindler's List,1963,R,26 Mar 2010,146 min,"Drama, War",John Huston,"Stephen King (novel), Frank Darabont (screenplay)","Celia Johnson, Trevor Howard, Stanley Holloway, Joyce Carey","Pulp novelist Holly Martins travels to shadowy, postwar Vienna, only to find himself investigating the mysterious death of an old friend, Harry Lime.",English,USA,Nominated for 6 Oscars. Another 2 wins & 10 nominations.,https://images-na.ssl-images-amazon.com/images/M/MV5BZDVhMTk1NjUtYjc0OS00OTE1LTk1NTYtYWMzMDI5OTlmYzU2XkEyXkFqcGdeQXVyNjc1NTYyMjg@._V1_SX300.jpg,Internet Movie Database,8.1/10,83,8.0,"116,207",ID-424,movie,,,,,,,,,,,http://www.rottentomatoes.com/m/cool_hand_luke/,26 Jan 1999,"$50,628,650",Buena Vista Pictures,,True
2,Rio Bravo,1950,PASSED,14 Mar 1997,103 min,"Action, Sci-Fi","Victor Fleming, George Cukor, Sam Wood",Christopher Nolan,"Hugh Jackman, Christian Bale, Michael Caine, Piper Perabo","After being coerced into working for a crime boss, a young getaway driver finds himself taking part in a heist doomed to fail.","English, Cantonese, Spanish",USA,Nominated for 2 Oscars. Another 5 wins & 36 nominations.,https://images-na.ssl-images-amazon.com/images/M/MV5BMTc0MjgyNTUyNF5BMl5BanBnXkFtZTcwNDQzMDg0Nw@@._V1_SX300.jpg,Internet Movie Database,8.1/10,,9.0,"644,281",ID-425,movie,,,,,,,,,,,http://www.rottentomatoes.com/m/batman_begins/,12 Jul 2005,,Universal Pictures,,True
52,All Quiet on the Western Front,1940,R,23 Apr 2004,95 min,"Adventure, Drama, Thriller",George Lucas,Oliver Stone,"Leonardo DiCaprio, Joseph Gordon-Levitt, Ellen Page, Tom Hardy","The early life and career of Vito Corleone in 1920s New York is portrayed while his son, Michael, expands and tightens his grip on the family crime syndicate.",English,USA,11 wins & 15 nominations.,https://images-na.ssl-images-amazon.com/images/M/MV5BMjM3MjQ1MzkxNl5BMl5BanBnXkFtZTgwODk1ODgyMjI@._V1_SX300.jpg,Internet Movie Database,8.1/10,67,8.5,"424,781",ID-426,movie,,,,,,,,,,,http://www.rottentomatoes.com/m/monty_pythons_life_of_brian/,19 May 1998,,Warner Home Video,,True
61,All Quiet on the Western Front,1992,R,09 Jun 1989,128 min,"Comedy, Crime",Bob Clark,"James Ellroy (novel), Brian Helgeland (screenplay), Curtis Hanson (screenplay)","Jack Lemmon, Shirley MacLaine, Fred MacMurray, Ray Walston","When two escaping American World War II prisoners are killed, the German POW camp barracks black marketeer, J.J. Sefton, is suspected of being an informer.","English, Sindarin",USA,20 wins & 30 nominations.,https://images-na.ssl-images-amazon.com/images/M/MV5BNGQxNDgzZWQtZTNjNi00M2RkLWExZmEtNmE1NjEyZDEwMzA5XkEyXkFqcGdeQXVyMTQxNzMzNDI@._V1_SX300.jpg,Internet Movie Database,8.5/10,79,8.3,"52,602",ID-427,movie,,,,,,,,,,,http://www.rottentomatoes.com/m/return_of_the_jedi/,24 May 2005,"$414,984,497",Walt Disney Pictures,,True
1,V for Vendetta,1997,R,11 Apr 1952,91 min,"Action, Adventure, Sci-Fi",Sam Mendes,"Stephen King (short story ""Rita Hayworth and Shawshank Redemption""), Frank Darabont (screenplay)","Robert De Niro, James Woods, Elizabeth McGovern, Joe Pesci","A sole survivor tells of the twisty events leading up to a horrific gun battle on a boat, which began when five criminals met at a seemingly random police lineup.",English,USA,Won 4 Oscars. Another 13 wins & 15 nominations.,https://images-na.ssl-images-amazon.com/images/M/MV5BMjM3MjQ1MzkxNl5BMl5BanBnXkFtZTgwODk1ODgyMjI@._V1_SX300.jpg,Internet Movie Database,8.5/10,64,8.8,"67,315",ID-428,movie,,,,,,,,,,,http://www.rottentomatoes.com/m/the_grand_budapest_hotel/,31 Mar 2009,,United Artists,,True
138,Chinatown,1998,PG,19 Jun 2015,90 min,"Action, Drama, Western",Alfred Hitchcock,"Mary Chase (from the Pulitzer Prize Play by), Mary Chase (screenplay), Oscar Brodney (screenplay)","Matt Damon, Jessica Chastain, Kristen Wiig, Jeff Daniels","In the antebellum United States, Solomon Northup, a free black man from upstate New York, is abducted and sold into slavery.","English, Italian, Spanish, Latin, Sicilian",USA,Nominated for 4 Oscars. Another 5 wins & 7 nominations.,https://images-na.ssl-images-amazon.com/images/M/MV5BMDIzODcyY2EtMmY2MC00ZWVlLTgwMzAtMjQwOWUyNmJjNTYyXkEyXkFqcGdeQXVyNDk3NzU2MTQ@._V1_SX300.jpg,Internet Movie Database,8.2/10,,8.2,"45,629",ID-429,movie,,,,,,,,,,,http://www.rottentomatoes.com/m/1020333-streetcar_named_desire/,06 Aug 2002,,20th Century Fox Film Corporation,,True
104,Full Metal Jacket,1997,NOT RATED,25 Dec 2013,188 min,Drama,Howard Hawks,"Robert Zemeckis, Bob Gale","Alan Howard, Noel Appleby, Sean Astin, Sala Baker",A research facility in Antarctica comes across an alien force that can become anything it touches with 100% accuracy. The members must now find out who's human and who's not before it's too late.,"English, Norwegian",USA,Won 2 Oscars. Another 85 wins & 77 nominations.,https://images-na.ssl-images-amazon.com/images/M/MV5BNWE4OTNiM2ItMjY4Ni00ZTViLWFiZmEtZGEyNGY2ZmNlMzIyXkEyXkFqcGdeQXVyMDU5NDcxNw@@._V1_SX300.jpg,Internet Movie Database,8.1/10,73,8.2,"869,710",ID-430,movie,,,,,,,,,,,http://www.rottentomatoes.com/m/citizen_kane/,16 Dec 1997,,Paramount Pictures,http://movies.go.com/moviesdynamic/movies/movie?id=505420,True
163,The Matrix,2017,PG-13,01 Sep 1954,155 min,"Adventure, Sci-Fi, Thriller",Martin Scorsese,"Daniel Mainwaring (screenplay), Daniel Mainwaring (novel)","Marlon Brando, Martin Sheen, Robert Duvall, Frederic Forrest","A tale of friendship between two unlikely pen pals: Mary, a lonely, eight-year-old girl living in the suburbs of Melbourne, and Max, a forty-four-year old, severely obese man living in New York.",English,USA,Won 7 Oscars. Another 17 wins & 8 nominations.,https://images-na.ssl-images-amazon.com/images/M/MV5BNmNmZjViNTQtNDQ5Mi00MDYzLWI5YWMtNDUyZGNmMGZhNDg4XkEyXkFqcGdeQXVyNTA4NzY1MzY@._V1_SX300.jpg,Internet Movie Database,8.3/10,68,8.1,"110,576",ID-431,movie,,,,,,,,,,,http://www.rottentomatoes.com/m/1021244-thing/,23 May 2017,,Paramount Home Video,,True
121,North by Northwest,1921,APPROVED,25 Jun 1982,128 min,Drama,Joss Whedon,"Quentin Tarantino, Roger Avary (background radio dialog), Quentin Tarantino (background radio dialog)","Emile Hirsch, Marcia Gay Harden, William Hurt, Jena Malone",A disillusioned college graduate finds himself torn between his older lover and her daughter.,English,USA,Won 1 Oscar. Another 129 wins & 165 nominations.,https://images-na.ssl-images-amazon.com/images/M/MV5BZTYwYjYxYzgtMDE1Ni00NzU4LWJlMTEtODQ5YmJmMGJhZjI5L2ltYWdlXkEyXkFqcGdeQXVyMDI2NDg0NQ@@._V1_SX300.jpg,Internet Movie Database,8.0/10,,8.2,"1,304,569",ID-432,movie,,,,,,,,,,,http://www.rottentomatoes.com/m/million_dollar_baby/,14 Dec 2004,"$328,674,489",20th Century Fox Film Corporat,http://www.indianajones.com/raiders/,True
217,Reservoir Dogs,1947,R,16 Dec 1988,169 min,"Drama, Film-Noir, Romance",Steven Spielberg,"James Gunn, Dan Abnett (based on the Marvel comics by), Andy Lanning (based on the Marvel comics by), Steve Englehart (Star-lord created by), Steve Gan (Star-lord created by), Jim Starlin (Gamora and Drax created by), Stan Lee (Groot created by), Larry Lieber (Groot created by), Jack Kirby (Groot created by), Bill Mantlo (Rocket Raccoon created by), Keith Giffen (Rocket Raccoon created by), Steve Gerber (character created by: Howard the Duck), Val Mayerik (character created by: Howard the Duck)","Thomas Mitchell, Barbara O'Neil, Vivien Leigh, Evelyn Keyes","The lives of two mob hit men, a boxer, a gangster's wife, and a pair of diner bandits intertwine in four tales of violence and redemption.","English, Latin","USA, India, United Arab Emirates",Won 11 Oscars. Another 16 wins & 13 nominations.,https://images-na.ssl-images-amazon.com/images/M/MV5BMTM5OTMyMjIxOV5BMl5BanBnXkFtZTcwNzU4MjIwNQ@@._V1_SX300.jpg,Internet Movie Database,8.2/10,,8.0,"342,023",ID-433,movie,,,,,,,,,,,http://www.rottentomatoes.com/m/in_the_name_of_the_father/,28 Aug 2001,,DreamWorks Studios,,True
87,Trainspotting,1992,PG,01 Oct 1999,131 min,"Mystery, Thriller",Roman Polanski,"J.R.R. Tolkien (novel), Fran Walsh (screenplay), Philippa Boyens (screenplay), Stephen Sinclair (screenplay), Peter Jackson (screenplay)","Tim Roth, Amanda Plummer, Laura Lovelace, John Travolta",A psychotic socialite confronts a pro tennis star with a theory on how two complete strangers can get away with murder - a theory that he plans to implement.,"English, Spanish",USA,5 wins & 11 nominations.,https://images-na.ssl-images-amazon.com/images/M/MV5BNzQzMzJhZTEtOWM4NS00MTdhLTg0YjgtMjM4MDRkZjUwZDBlXkEyXkFqcGdeQXVyNjU0OTQ0OTY@._V1_SX300.jpg,Internet Movie Database,8.6/10,82,8.3,"342,023",ID-434,movie,,,,,,,,,,,http://www.rottentomatoes.com/m/the-third-man/,25 Apr 2017,"$339,700,000",New Line Cinema,http://www.wall-e.com/,True
180,Roman Holiday,1976,PG,01 Oct 1999,143 min,"Crime, Drama, Film-Noir",Frank Capra,Ernest Lehman (screenplay),"Mark Hamill, Harrison Ford, Carrie Fisher, Billy Dee Williams","While Frodo and Sam edge closer to Mordor with the help of the shifty Gollum, the divided fellowship makes a stand against Sauron's new ally, Saruman, and his hordes of Isengard.","English, Russian","Ireland, Denmark, Belgium, Luxembourg, France",Won 7 Oscars. Another 17 wins & 8 nominations.,https://images-na.ssl-images-amazon.com/images/M/MV5BMTQ0ODc4MDk4Nl5BMl5BanBnXkFtZTcwMTEzNzgzNA@@._V1_SX300.jpg,Internet Movie Database,8.0/10,,8.1,"937,837",ID-435,movie,,,,,,,,,,,http://www.rottentomatoes.com/m/princess_bride/,29 Aug 2000,"$936,658,640",New Line Cinema,http://www.mrsmithmovie.com/,True
250,Gone with the Wind,1990,PG,19 Nov 1975,102 min,"Biography, Drama, History",Paul Greengrass,"Quentin Tarantino (stories), Roger Avary (stories), Quentin Tarantino","Cary Grant, Rosalind Russell, Ralph Bellamy, Gene Lockhart",A meek Hobbit from the Shire and eight companions set out on a journey to destroy the powerful One Ring and save Middle Earth from the Dark Lord Sauron.,"English, French",USA,6 wins & 1 nomination.,https://images-na.ssl-images-amazon.com/images/M/MV5BZTFjMjBiYzItNzU5YS00MjdiLWJkOTktNDQ3MTE3ZjY2YTY5XkEyXkFqcGdeQXVyNDk3NzU2MTQ@._V1_SX300.jpg,Internet Movie Database,8.3/10,,8.0,"857,527",ID-436,movie,,,,,,,,,,,http://www.rottentomatoes.com/m/pulp_fiction/,26 Aug 1997,,Open Road Films,http://www.shutterisland.com/,True
250,One Flew Over the Cuckoo's Nest,2009,R,20 Dec 1991,170 min,Drama,David Lean,"James Mangold (story by), Scott Frank (screenplay), James Mangold (screenplay), Michael Green (screenplay)","Clint Eastwood, Hilary Swank, Morgan Freeman, Jay Baruchel","In the near future, a weary Logan cares for an ailing Professor X somewhere on the Mexican border. However, Logan's attempts to hide from the world and his legacy are upended when a young mutant arrives, pursued by dark forces.",English,UK,11 wins & 15 nominations.,https://images-na.ssl-images-amazon.com/images/M/MV5BMTQ4MzUzOTYwOV5BMl5BanBnXkFtZTgwNDA4MzgyMjE@._V1_SX300.jpg,Internet Movie Database,8.7/10,64,8.0,"537,662",ID-437,movie,,,,,,,,,,,http://www.rottentomatoes.com/m/1041911-unforgiven/,28 Apr 1998,"$364,000,000",20th Century Fox Film Corporat,http://www.hotelrwanda.com/,True
232,The Manchurian Candidate,1974,PG-13,04 Feb 2005,110 min,"Crime, Drama, Mystery",Tim Burton,"Richard Brooks (screenplay), James Poe (screenplay), Tennessee Williams (play)","Christian Bale, Michael Caine, Liam Neeson, Katie Holmes","The story of Henry Hill and his life through the teen years into the years of mafia, covering his relationship with wife Karen Hill and his Mob partners Jimmy Conway and Tommy DeVitto in the Italian-American crime syndicate.","English, German, Hebrew, Spanish, Arabic, Nepali",USA,Nominated for 1 Oscar. Another 2 wins & 1 nomination.,https://images-na.ssl-images-amazon.com/images/M/MV5BNTI4ODQ1MzAzNV5BMl5BanBnXkFtZTgwMzU4NzMxMDE@._V1_SX300.jpg,Internet Movie Database,8.0/10,96,8.0,"64,044",ID-438,movie,,,,,,,,,,,http://www.rottentomatoes.com/m/1194522-how_to_train_your_dragon/,04 Jun 2002,,Buena Vista Distribution Compa,http://www.zoetrope.com/zoe_films.cgi?page=films&action=show_one&film_id=13,True
197,Magnolia,2015,PG,27 Jan 1995,118 min,"Crime, Drama",Stanley Kubrick,"Joseph Stefano (screenplay), Robert Bloch (novel)","Leonardo DiCaprio, Jonah Hill, Margot Robbie, Matthew McConaughey","A five-year-old Indian boy gets lost on the streets of Calcutta, thousands of kilometers from home. He survives many challenges before being adopted by a couple in Australia. 25 years later, he sets out to find his lost family.",English,USA,Won 1 Oscar. Another 2 wins & 4 nominations.,https://images-na.ssl-images-amazon.com/images/M/MV5BMzUzNDM2NzM2MV5BMl5BanBnXkFtZTgwNTM3NTg4OTE@._V1_SX300.jpg,Internet Movie Database,8.2/10,,8.0,"969,927",ID-439,movie,,,,,,,,,,,http://www.rottentomatoes.com/m/schindlers_list/,10 May 2010,"$314,000,000",Newmarket Films,http://www.foxmovies.com/fightclub/,True
232,Beauty and the Beast,1996,APPROVED,17 Sep 1982,132 min,"Animation, Adventure, Family",Martin Scorsese,"Billy Wilder (screenplay), Raymond Chandler (screenplay), James M. Cain (from the novel by)","Peter O'Toole, Alec Guinness, Anthony Quinn, Jack Hawkins",Violence and mayhem ensue after a hunter stumbles upon a drug deal gone wrong and more than two million dollars in cash near the Rio Grande.,"English, German, Italian, French, Spanish","Australia, USA",Won 3 Oscars. Another 26 wins & 39 nominations.,https://images-na.ssl-images-amazon.com/images/M/MV5BMjQwMTQ0MzgwNl5BMl5BanBnXkFtZTgwNjc4ODE4MzE@._V1_SX300.jpg,Internet Movie Database,8.2/10,86,8.0,"492,644",ID-440,movie,,,,,,,,,,,http://www.rottentomatoes.com/m/1021244-thing/,01 Dec 1998,"$328,674,489",Walt Disney Pictures,,True
129,His Girl Friday,1942,PG,15 Jan 1951,118 min,"Action, Adventure, Sci-Fi",Frank Capra,"Sidney Carroll (screenplay), Robert Rossen (screenplay), Walter Tevis (based on the novel by)","Kevin Spacey, Russell Crowe, Guy Pearce, James Cromwell","The lives of two mob hit men, a boxer, a gangster's wife, and a pair of diner bandits intertwine in four tales of violence and redemption.",English,France,Won 2 Oscars. Another 9 wins & 5 nominations.,https://images-na.ssl-images-amazon.com/images/M/MV5BMTU0NTkyNzYwMF5BMl5BanBnXkFtZTgwMDU0NDk5MTI@._V1_SX300.jpg,Internet Movie Database,8.1/10,100,8.2,"249,067",ID-441,movie,,,,,,,,,,,http://www.rottentomatoes.com/m/jurassic_park/,04 Mar 2008,"$936,658,640",Warner Bros. Pictures,,True
132,Kill Bill: Vol. 1,1978,R,24 Aug 1946,106 min,"Animation, Adventure, Drama",J.J. Abrams,"Mary Chase (from the Pulitzer Prize Play by), Mary Chase (screenplay), Oscar Brodney (screenplay)","Cary Elwes, Mandy Patinkin, Chris Sarandon, Christopher Guest","While not intelligent, Forrest Gump has accidentally been present at many historic moments, but his true love, Jenny Curran, eludes him.","English, Italian, French",USA,Won 2 Oscars. Another 18 wins & 22 nominations.,https://images-na.ssl-images-amazon.com/images/M/MV5BNmE1MDk4OWEtYjk1NS00MWU2LTk5ZWItYjZhYmRkODRjMDc0XkEyXkFqcGdeQXVyNjE5MjUyOTM@._V1_SX300.jpg,Internet Movie Database,8.3/10,68,8.1,"485,079",ID-442,movie,,,,,,,,,,,http://www.rottentomatoes.com/m/whos_afraid_of_virginia_woolf/,02 Dec 1999,,20th Century Fox,http://www.abeautifulmind.com,True
223,Deadpool,1943,PG-13,20 Dec 1974,118 min,"Animation, Adventure, Comedy","Gary Trousdale, Kirk Wise",Damien Chazelle,"Cary Grant, Ingrid Bergman, Claude Rains, Louis Calhern","The true story of how the Boston Globe uncovered the massive scandal of child molestation and cover-up within the local Catholic Archdiocese, shaking the entire Catholic Church to its core.",English,USA,Won 1 Oscar. Another 102 wins & 132 nominations.,https://images-na.ssl-images-amazon.com/images/M/MV5BMjA0ODU0OTQ5N15BMl5BanBnXkFtZTgwMzYzMzIxMDE@._V1_SX300.jpg,Internet Movie Database,8.3/10,68,8.0,"46,446",ID-443,movie,,,,,,,,,,,http://www.rottentomatoes.com/m/1003707-casablanca/,24 Mar 1998,"$2,925,880",RKO Radio Pictures,http://www.whatisthematrix.com,True
235,Se7en,1985,R,20 Oct 2006,122 min,"Drama, Music, Romance",Christopher Nolan,"Julius J. Epstein (screenplay), Philip G. Epstein (screenplay), Howard Koch (screenplay), Murray Burnett (play), Joan Alison (play)","Charles Chaplin, Jack Oakie, Reginald Gardiner, Henry Daniell","A giant great white shark arrives on the shores of a New England beach resort and wreaks havoc with bloody attacks on swimmers, until a local sheriff teams up with a marine biologist and an old seafarer to hunt the monster down.",English,USA,Won 4 Oscars. Another 113 wins & 124 nominations.,https://images-na.ssl-images-amazon.com/images/M/MV5BODQxMzMyNTY5Nl5BMl5BanBnXkFtZTcwMDMyNTk3OA@@._V1_SX300.jpg,Internet Movie Database,8.1/10,,8.0,"441,642",ID-444,movie,,,,,,,,,,,http://www.rottentomatoes.com/m/his_girl_friday/,06 Mar 2001,,Warner Bros.,,True
80,The Third Man,1969,G,10 Aug 1953,129 min,Comedy,Alfred Hitchcock,"J.R.R. Tolkien (novel), Fran Walsh (screenplay), Philippa Boyens (screenplay), Stephen Sinclair (screenplay), Peter Jackson (screenplay)","Robin Williams, Robert Sean Leonard, Ethan Hawke, Josh Charles","A botched card game in London triggers four friends, thugs, weed-growers, hard gangsters, loan sharks and debt collectors to collide with each other in a series of unexpected events, all for the sake of weed, cash and two antique shotguns.",English,"France, Poland, Germany, UK",Won 1 Oscar. Another 4 wins & 11 nominations.,https://images-na.ssl-images-amazon.com/images/M/MV5BOTgwMzFiMWYtZDhlNS00ODNkLWJiODAtZDVhNzgyNzJhYjQ4L2ltYWdlXkEyXkFqcGdeQXVyNzEzOTYxNTQ@._V1_SX300.jpg,Internet Movie Database,8.1/10,65,8.3,"407,892",ID-445,movie,,,,,,,,,,,http://www.rottentomatoes.com/m/1003318-butch_cassidy_and_the_sundance_kid/,06 Sep 2005,,Gramercy Pictures,https://marvel.com/guardians,True
202,Citizen Kane,2015,PG-13,10 Aug 2011,67 min,"Crime, Drama","Dean DeBlois, Chris Sanders",,"Charles Chaplin, Paulette Goddard, Henry Bergman, Tiny Sandford","Brian is born on the original Christmas, in the stable next door. He spends his life being mistaken for a messiah.","English, Cantonese",USA,Nominated for 2 Oscars. Another 55 wins & 55 nominations.,https://images-na.ssl-images-amazon.com/images/M/MV5BMTU1NDg1Mzg4M15BMl5BanBnXkFtZTYwMDExOTc3._V1_SX300.jpg,Internet Movie Database,9.2/10,,8.1,"190,154",ID-446,movie,,,,,,,,,,,http://www.rottentomatoes.com/m/up/,16 Aug 2005,,New Line Cinema,http://www.pythonline.com,True
11,Django Unchained,1967,R,25 May 1975,131 min,"Crime, Drama, Film-Noir",Martin Scorsese,"Ron Clements (screenplay), John Musker (screenplay), Ted Elliott (screenplay), Terry Rossio (screenplay), Burny Mattinson (story), Roger Allers (story), Daan Jippes (story), Kevin Harkey (story), Sue C. Nichols (story), Francis Glebas (story), Darrell Rooney (story), Larry Leker (story), James Fujii (story), Kirk Hanson (story), Kevin Lima (story), Rebecca Rees (story), David S. Smith (story), Chris Sanders (story), Brian Pimental (story), Patrick A. Ventura (story)","Tyrone Power, Marlene Dietrich, Charles Laughton, Elsa Lanchester",A group of intergalactic criminals are forced to work together to stop a fanatical warrior from taking control of the universe.,"English, Spanish",USA,Nominated for 2 Oscars. Another 5 wins & 7 nominations.,https://images-na.ssl-images-amazon.com/images/M/MV5BMTA2NDYxOGYtYjU1Mi00Y2QzLTgxMTQtMWI1MGI0ZGQ5MmU4XkEyXkFqcGdeQXVyNDk3NzU2MTQ@._V1_SX300.jpg,Internet Movie Database,8.2/10,,8.8,"580,796",ID-447,movie,,,,,,,,,,,http://www.rottentomatoes.com/m/double_indemnity/,01 Aug 2006,,MGM,,True
73,Whiplash,2005,PASSED,15 Jun 2005,93 min,"Animation, Adventure, Comedy",Martin Scorsese,"Gillian Flynn (screenplay), Gillian Flynn (novel)","Liam Neeson, Ben Kingsley, Ralph Fiennes, Caroline Goodall","A baby boy, discovered in 1900 on an ocean liner, grows into a musical prodigy, never setting foot on land.","English, German, Greek, Arabic","USA, UK",5 wins & 11 nominations.,https://images-na.ssl-images-amazon.com/images/M/MV5BM2EzZmFmMmItODY3Zi00NjdjLWE0MTYtZWQ3MGIyM2M4YjZhXkEyXkFqcGdeQXVyMzg2MzE2OTE@._V1_SX300.jpg,Internet Movie Database,8.1/10,80,8.3,"869,710",ID-448,movie,,,,,,,,,,,http://www.rottentomatoes.com/m/hotel_rwanda/,27 Apr 2004,,20th Century Fox,http://www.inglouriousbasterds-movie.com/,True
250,The Best Years of Our Lives,1998,PG,21 Nov 2007,125 min,"Crime, Drama, Thriller",Alfred Hitchcock,"Lilly Wachowski (screenplay), Lana Wachowski (screenplay), David Lloyd (graphic novel art)","Adrien Brody, Emilia Fox, Michal Zebrowski, Ed Stoppard","Following the death of a publishing tycoon, news reporters scramble to discover the meaning of his final utterance.",English,"UK, USA",,https://images-na.ssl-images-amazon.com/images/M/MV5BMTE2MDM4MTMtZmNkZC00Y2QyLWE0YjUtMTAxZGJmODMxMDM0XkEyXkFqcGdeQXVyNjc1NTYyMjg@._V1_SX300.jpg,Internet Movie Database,8.0/10,,8.0,"707,806",ID-449,movie,,,,,,,,,,,http://www.rottentomatoes.com/m/1015287-notorious/,27 Jan 1998,,Focus Features,http://shortterm12.com,True
208,All Quiet on the Western Front,1999,R,14 Oct 1994,94 min,"Action, Sci-Fi",Stanley Kubrick,Destin Daniel Cretton,"Colin Firth, Helena Bonham Carter, Derek Jacobi, Robert Portal","The true story of how the Boston Globe uncovered the massive scandal of child molestation and cover-up within the local Catholic Archdiocese, shaking the entire Catholic Church to its core.","English, Russian",USA,Nominated for 7 Oscars. Another 19 wins & 30 nominations.,https://images-na.ssl-images-amazon.com/images/M/MV5BZTFjMjBiYzItNzU5YS00MjdiLWJkOTktNDQ3MTE3ZjY2YTY5XkEyXkFqcGdeQXVyNDk3NzU2MTQ@._V1_SX300.jpg,Internet Movie Database,8.2/10,98,8.0,"80,730",ID-450,movie,,,,,,,,,,,http://www.rottentomatoes.com/m/finding_nemo/,13 Mar 2001,"$40,133,435",Inferno Entertainment,,True
202,Platoon,1975,PG-13,01 Oct 1999,132 min,"Adventure, Comedy, Drama",Sidney Lumet,"Graham Chapman, John Cleese, Terry Gilliam, Eric Idle, Terry Jones, Michael Palin","Anthony Hopkins, John Hurt, Anne Bancroft, John Gielgud","In the antebellum United States, Solomon Northup, a free black man from upstate New York, is abducted and sold into slavery.","English, German, French, Italian",USA,Won 4 Oscars. Another 103 wins & 194 nominations.,https://images-na.ssl-images-amazon.com/images/M/MV5BYmViY2M2MTYtY2MzOS00YjQ1LWIzYmEtOTBiNjhlMGM0NjZjXkEyXkFqcGdeQXVyNDYyMDk5MTU@._V1_SX300.jpg,Internet Movie Database,8.1/10,74,8.0,"982,688",ID-451,movie,,,,,,,,,,,http://www.rottentomatoes.com/m/the_amazing_spider_man_3/,09 Dec 2008,,Warner Bros. Pictures/Legendary,,True
137,Terminator 2: Judgment Day,2017,R,22 Jun 1979,143 min,"Drama, Horror, Thriller",Stanley Kubrick,"Jonathan Goldstein (screenplay), John Francis Daley (screenplay), Jon Watts (screenplay), Christopher Ford (screenplay), Chris McKenna (screenplay), Erik Sommers (screenplay), Jonathan Goldstein (screen story by), John Francis Daley (screen story by), Stan Lee (based on the Marvel comic book by), Steve Ditko (based on the Marvel comic book by), Joe Simon (character created by: Captain America), Jack Kirby (character created by: Captain America)","Keanu Reeves, Laurence Fishburne, Carrie-Anne Moss, Hugo Weaving","Brick, an alcoholic ex-football player, drinks his days away and resists the affections of his wife, Maggie. His reunion with his father, Big Daddy, who is dying of cancer, jogs a host of memories and revelations for both father and son.",English,"UK, India, USA",Nominated for 5 Oscars. Another 38 wins & 165 nominations.,https://images-na.ssl-images-amazon.com/images/M/MV5BMTMzMzY5NDc4M15BMl5BanBnXkFtZTcwMzc4NjIxNw@@._V1_SX300.jpg,Internet Movie Database,8.1/10,75,8.2,"528,657",ID-452,movie,,,,,,,,,,,http://www.rottentomatoes.com/m/batman_begins/,11 Jul 2000,"$936,658,640",Paramount Pictures,,True
194,Zootopia,2009,APPROVED,05 Sep 1941,99 min,"Biography, Crime, Drama",Robert Zemeckis,"Stanley Kubrick (screenplay), Arthur C. Clarke (screenplay)","Frank Sinatra, Laurence Harvey, Janet Leigh, Angela Lansbury",Three World War II veterans return home to small-town America to discover that they and their families have been irreparably changed.,English,USA,2 wins & 2 nominations.,https://images-na.ssl-images-amazon.com/images/M/MV5BMjA3NjkzNjg2MF5BMl5BanBnXkFtZTgwMDkyMzgzMDI@._V1_SX300.jpg,Internet Movie Database,8.5/10,89,8.0,"537,662",ID-453,movie,,,,,,,,,,,http://www.rottentomatoes.com/m/die_hard/,16 Dec 1997,,New Line Cinema,,True
244,The Grand Budapest Hotel,1983,APPROVED,20 Jun 1975,91 min,"Comedy, Drama, Fantasy",Denis Villeneuve,"Bob Kane (characters), David S. Goyer (story), Christopher Nolan (screenplay), David S. Goyer (screenplay)","Robert Downey Jr., Chris Evans, Mark Ruffalo, Chris Hemsworth","When a street urchin vies for the love of a beautiful princess, he uses a genie's magic power to make himself off as a prince in order to marry her.",English,"UK, USA",Won 8 Oscars. Another 10 wins & 9 nominations.,https://images-na.ssl-images-amazon.com/images/M/MV5BMTQ1MjAwNTM5Ml5BMl5BanBnXkFtZTYwNDM0MTc3._V1_SX300.jpg,Internet Movie Database,8.3/10,,8.0,"403,104",ID-454,movie,,,,,,,,,,,http://www.rottentomatoes.com/m/taxi_driver/,24 Feb 2015,"$34,126,138",VCI,http://www.dreamworks.com/catchthem/jump2.html,True
99,Die Hard,1970,UNRATED,15 Dec 2000,195 min,"Biography, Drama, Thriller",Clint Eastwood,"Stephen P. Lindsey (screenplay), Kaneto Shindô (motion picture ""Hachiko monogatari"")","Gregory Peck, Audrey Hepburn, Eddie Albert, Hartley Power","A family heads to an isolated hotel for the winter where an evil and spiritual presence influences the father into violence, while his psychic son sees horrific forebodings from the past and of the future.",English,USA,Nominated for 3 Oscars. Another 16 wins & 45 nominations.,https://images-na.ssl-images-amazon.com/images/M/MV5BOTAzODEzNDAzMl5BMl5BanBnXkFtZTgwMDU1MTgzNzE@._V1_SX300.jpg,Internet Movie Database,8.0/10,64,8.2,"272,500",ID-455,movie,,,,,,,,,,,http://www.rottentomatoes.com/m/prisoners_2013/,01 Aug 2006,"$270,592,504",Buena Vista Pictures,http://www.InterstellarMovie.com/,True
152,Harry Potter and the Deathly Hallows: Part 2,1988,PG,15 Aug 1979,148 min,"Drama, Mystery, Romance",John Carpenter,"Ethan Coen, Joel Coen","Billy Bob Thornton, Dwight Yoakam, J.T. Walsh, John Ritter",A frontiersman on a fur trading expedition in the 1820s fights for survival after being mauled by a bear and left for dead by members of his own hunting team.,English,"USA, UK",Won 4 Oscars. Another 103 wins & 194 nominations.,https://images-na.ssl-images-amazon.com/images/M/MV5BMTkwNTg2MTI1NF5BMl5BanBnXkFtZTcwMDM1MzUyMQ@@._V1_SX300.jpg,Internet Movie Database,8.1/10,96,8.0,"485,079",ID-456,movie,,,,,,,,,,,http://www.rottentomatoes.com/m/batman_begins/,04 Jun 2002,,MGM,,True
22,Lawrence of Arabia,1988,PG,09 Jan 2009,101 min,"Biography, Crime, Drama",Christopher Nolan,"Harry Grey (novel), Leonardo Benvenuti (screenplay), Piero De Bernardi (screenplay), Enrico Medioli (screenplay), Franco Arcalli (screenplay), Franco Ferrini (screenplay), Sergio Leone (screenplay), Stuart Kaminsky (additional dialogue)","Ben Burtt, Elissa Knight, Jeff Garlin, Fred Willard","A story of family, religion, hatred, oil and madness, focusing on a turn-of-the-century prospector in the early days of the business.","English, Russian",USA,Nominated for 1 Oscar. Another 4 wins & 13 nominations.,https://images-na.ssl-images-amazon.com/images/M/MV5BMGEyNzhkYzktMGMyZS00YzRiLWJlYjktZjJkOTU5ZDY0ZGI4XkEyXkFqcGdeQXVyNjUwNzk3NDc@._V1_SX300.jpg,Internet Movie Database,8.2/10,71,8.6,"639,101",ID-457,movie,,,,,,,,,,,http://www.rottentomatoes.com/m/paths_of_glory/,15 Feb 2000,,United Artists,http://www.intothewild.com/,True
222,The Treasure of the Sierra Madre,1978,APPROVED,27 Oct 1961,134 min,"Drama, War","Pete Docter, Bob Peterson","Robert Zemeckis, Bob Gale","Nicole Kidman, Harriet Andersson, Lauren Bacall, Jean-Marc Barr",An insurance salesman/adjuster discovers his entire life is actually a television show.,English,USA,Won 1 Oscar. Another 9 wins & 12 nominations.,https://images-na.ssl-images-amazon.com/images/M/MV5BZDVhMTk1NjUtYjc0OS00OTE1LTk1NTYtYWMzMDI5OTlmYzU2XkEyXkFqcGdeQXVyNjc1NTYyMjg@._V1_SX300.jpg,Internet Movie Database,8.1/10,,8.0,"1,365,937",ID-458,movie,,,,,,,,,,,http://www.rottentomatoes.com/m/1041911-unforgiven/,04 Mar 2008,,Universal Pictures,http://www.zoetrope.com/zoe_films.cgi?page=films&action=show_one&film_id=13,True
188,The King's Speech,2014,R,01 Oct 1999,127 min,"Animation, Adventure, Comedy",David Lean,Charles Chaplin,"Harry Dean Stanton, Sam Berry, Bernhard Wicki, Dean Stockwell","With the aid of a wealthy erratic tippler, a dewy-eyed tramp who has fallen in love with a sightless flower girl accumulates money to be able to help her medically.","English, German, French","USA, UK",Nominated for 1 Oscar. Another 1 win & 68 nominations.,https://images-na.ssl-images-amazon.com/images/M/MV5BZmU0M2Y1OGUtZjIxNi00ZjBkLTg1MjgtOWIyNThiZWIwYjRiXkEyXkFqcGdeQXVyMTQxNzMzNDI@._V1_SX300.jpg,Internet Movie Database,8.0/10,,8.0,"517,568",ID-459,movie,,,,,,,,,,,http://www.rottentomatoes.com/m/1020333-streetcar_named_desire/,20 Nov 2001,,United Artists,http://www.thegodfather.com,True
115,The Sting,2002,PG,18 Dec 2002,109 min,"Action, Thriller",Sean Penn,"William Davies (screenplay), Dean DeBlois (screenplay), Chris Sanders (screenplay), Cressida Cowell (book)","Groucho Marx, Chico Marx, Harpo Marx, Kitty Carlisle",Allied prisoners of war plan for several hundred of their number to escape from a German camp during World War II.,"English, German, Italian, French, Spanish",USA,Nominated for 1 Oscar. Another 7 wins & 9 nominations.,https://images-na.ssl-images-amazon.com/images/M/MV5BNGMwNzUwNjYtZWM5NS00YzMyLWI4NjAtNjM0ZDBiMzE1YWExXkEyXkFqcGdeQXVyNDk3NzU2MTQ@._V1_SX300.jpg,Internet Movie Database,8.1/10,86,8.1,"768,444",ID-460,movie,,,,,,,,,,,http://www.rottentomatoes.com/m/the_wizard_of_oz_1939/,05 Oct 1999,,20th Century Fox,,True
1,Hacksaw Ridge,1945,PG,19 Sep 1997,114 min,"Comedy, Romance",Martin Scorsese,Paddy Chayefsky,"Sunny Pawar, Abhishek Bharate, Priyanka Bose, Khushi Solanki","An aspiring author during the civil rights movement of the 1960s decides to write a book detailing the African American maids' point of view on the white families for which they work, and the hardships they go through on a daily basis.","English, Spanish","USA, UK",2 wins.,https://images-na.ssl-images-amazon.com/images/M/MV5BOWIwODIxYWItZDI4MS00YzhhLWE3MmYtMzlhZDIwOTMzZmE5L2ltYWdlXkEyXkFqcGdeQXVyNjc1NTYyMjg@._V1_SX300.jpg,Internet Movie Database,8.1/10,75,9.3,"862,078",ID-461,movie,,,,,,,,,,,http://www.rottentomatoes.com/m/scarface/,20 Feb 2007,,Buena Vista Pictures,http://www.thegodfather.com/,True
176,The Martian,1978,R,01 Dec 1947,165 min,"Drama, War",Morten Tyldum,"Bob Kane (characters), David S. Goyer (story), Christopher Nolan (screenplay), David S. Goyer (screenplay)","Kevin Spacey, Russell Crowe, Guy Pearce, James Cromwell","When Keller Dover's daughter and her friend go missing, he takes matters into his own hands as the police pursue multiple leads and the pressure mounts.","English, French",USA,Nominated for 1 Oscar. Another 25 wins & 34 nominations.,https://images-na.ssl-images-amazon.com/images/M/MV5BMTZkZTBhYmUtMTIzNy00YTViLTg1OWItNGUwMmVlN2FjZTVkXkEyXkFqcGdeQXVyNDYyMDk5MTU@._V1_SX300.jpg,Internet Movie Database,8.0/10,80,8.1,"132,224",ID-462,movie,,,,,,,,,,,http://www.rottentomatoes.com/m/rope/,09 Nov 2004,,Miramax Films,,True
53,Prisoners,1996,PG,10 Oct 2003,85 min,"Comedy, Crime",Ridley Scott,Ernest Lehman,"Bill Murray, Andie MacDowell, Chris Elliott, Stephen Tobolowsky","While not intelligent, Forrest Gump has accidentally been present at many historic moments, but his true love, Jenny Curran, eludes him.",English,USA,Nominated for 5 Oscars. Another 6 wins & 1 nomination.,https://images-na.ssl-images-amazon.com/images/M/MV5BMTY1NTI0ODUyOF5BMl5BanBnXkFtZTgwNTEyNjQ0MDE@._V1_SX300.jpg,Internet Movie Database,8.7/10,73,8.5,"517,568",ID-463,movie,,,,,,,,,,,http://www.rottentomatoes.com/m/seven/,07 Sep 1999,,Paramount Vantage,,True
212,Goodfellas,1947,G,09 Jul 2003,129 min,Drama,Howard Hawks,"Michael Crichton (novel), Michael Crichton (screenplay), David Koepp (screenplay)","Ellen Burstyn, Jared Leto, Jennifer Connelly, Marlon Wayans",The Bride wakens from a four-year coma. The child she carried in her womb is gone. Now she must wreak vengeance on the team of assassins who betrayed her - a team she was once part of.,"English, French, Latin, Scottish Gaelic",USA,35 wins & 70 nominations.,https://images-na.ssl-images-amazon.com/images/M/MV5BZDhlZTYxOTYtYTk3Ny00ZDljLTk3ZmItZTcxZWU5YTIyYmFkXkEyXkFqcGdeQXVyMTQxNzMzNDI@._V1_SX300.jpg,Internet Movie Database,8.1/10,,8.0,"110,893",ID-464,movie,,,,,,,,,,,http://www.rottentomatoes.com/m/inception/,01 Dec 1998,"$74,223,625",Universal Pictures,http://www.foxmovies.com/movies/the-revenant,True
194,Terminator 2: Judgment Day,1962,G,24 Oct 1962,136 min,"Drama, Family, Fantasy",Bob Clark,Andrew Kevin Walker,"Jack Lemmon, Shirley MacLaine, Fred MacMurray, Ray Walston","Mathilda, a 12-year-old girl, is reluctantly taken in by Léon, a professional assassin, after her family is murdered. Léon and Mathilda form an unusual relationship, as she becomes his protégée and learns the assassin's trade.",English,USA,Won 1 Oscar. Another 90 wins & 90 nominations.,https://images-na.ssl-images-amazon.com/images/M/MV5BOTgxMDQwMDk0OF5BMl5BanBnXkFtZTgwNjU5OTg2NDE@._V1_SX300.jpg,Internet Movie Database,8.0/10,,8.0,"28,038",ID-465,movie,,,,,,,,,,,http://www.rottentomatoes.com/m/raiders_of_the_lost_ark/,05 Nov 2002,,MGM,http://disney.go.com/DisneyPictures/straightstory/index.html,True
64,The Godfather,1965,R,05 Jan 1996,124 min,Drama,Luc Besson,M. Night Shyamalan,"Tom Hanks, Tom Sizemore, Edward Burns, Barry Pepper",An old man makes a long journey by lawn-mover tractor to mend his relationship with an ill brother.,"English, French",USA,3 wins & 11 nominations.,https://images-na.ssl-images-amazon.com/images/M/MV5BZmFhMzE1NDUtNGFmOC00M2E2LWI3ODItNzJjZmRlMTY0NDc0XkEyXkFqcGdeQXVyMTQxNzMzNDI@._V1_SX300.jpg,Internet Movie Database,8.0/10,89,8.4,"33,877",ID-466,movie,,,,,,,,,,,http://www.rottentomatoes.com/m/green_mile/,23 Oct 2001,,Sony Pictures Home Entertainment,http://www.inglouriousbasterds-movie.com/,True
30,12 Years a Slave,1945,R,14 Jun 1950,81 min,"Drama, Film-Noir",Robert Zemeckis,"Tate Taylor (screenplay), Kathryn Stockett (novel)","Billy Bob Thornton, Dwight Yoakam, J.T. Walsh, John Ritter","A small-town sheriff in the American West enlists the help of a cripple, a drunk, and a young gunfighter in his efforts to hold in jail the brother of the local bad guy.","English, Latin, Greek, French, German, Arabic, Kurdish","USA, UK",Nominated for 1 Oscar. Another 14 wins & 37 nominations.,https://images-na.ssl-images-amazon.com/images/M/MV5BMWM4NTFhYjctNzUyNi00NGMwLTk3NTYtMDIyNTZmMzRlYmQyXkEyXkFqcGdeQXVyMTAwMzUyOTc@._V1_SX300.jpg,Internet Movie Database,8.0/10,70,8.7,"441,642",ID-467,movie,,,,,,,,,,,http://www.rottentomatoes.com/m/usual_suspects/,09 Oct 2001,,Warner Independent Pictures,,True
250,A Beautiful Mind,2017,R,09 Aug 1996,141 min,"Mystery, Romance, Thriller",Bob Clark,David McKenna,"Gene Kelly, Donald O'Connor, Debbie Reynolds, Jean Hagen","In German-occupied Poland during World War II, Oskar Schindler gradually becomes concerned for his Jewish workforce after witnessing their persecution by the Nazi Germans.","English, French",UK,Nominated for 2 Oscars. Another 23 wins & 99 nominations.,https://images-na.ssl-images-amazon.com/images/M/MV5BZTAzNWZlNmUtZDEzYi00ZjA5LWIwYjEtZGM1NWE1MjE4YWRhXkEyXkFqcGdeQXVyNjU0OTQ0OTY@._V1_SX300.jpg,Internet Movie Database,8.5/10,80,8.0,"132,224",ID-468,movie,,,,,,,,,,,http://www.rottentomatoes.com/m/the_amazing_spider_man_3/,02 Mar 2004,"$50,628,650",Universal Pictures,,True
196,Rear Window,1989,G,20 Dec 1974,169 min,"Drama, War",Clint Eastwood,"Wendell Mayes (screenplay), John D. Voelker (based on the novel by)","William H. Macy, Steve Buscemi, Peter Stormare, Kristin Rudrüd","A drama critic learns on his wedding day that his beloved maiden aunts are homicidal maniacs, and that insanity runs in his family.","English, Japanese, French",USA,Nominated for 2 Oscars. Another 3 wins & 1 nomination.,https://images-na.ssl-images-amazon.com/images/M/MV5BMTc4MDEzOTMwMl5BMl5BanBnXkFtZTgwMTc2NjgyMjE@._V1_SX300.jpg,Internet Movie Database,8.0/10,63,8.0,"618,232",ID-469,movie,,,,,,,,,,,http://www.rottentomatoes.com/m/1013139-maltese_falcon/,26 Aug 1997,,Universal Pictures,,True
113,The Manchurian Candidate,1982,R,23 Aug 2013,119 min,Comedy,Christopher Nolan,"James Cameron, Gale Anne Hurd, William Wisher Jr. (additional dialogue)","Steve McQueen, James Garner, Richard Attenborough, James Donald","The story of King George VI of the United Kingdom of Great Britain and Northern Ireland, his impromptu ascension to the throne and the speech therapist who helped the unsure monarch become worthy of it.",English,USA,Won 3 Oscars. Another 23 wins & 27 nominations.,https://images-na.ssl-images-amazon.com/images/M/MV5BMTg5NDkwMTk5N15BMl5BanBnXkFtZTYwODg3MDk2._V1_SX300.jpg,Internet Movie Database,8.5/10,,8.2,"528,657",ID-470,movie,,,,,,,,,,,http://www.rottentomatoes.com/m/what-ever-happened-to-baby-jane/,28 Mar 2000,,MGM,,True
250,No Country for Old Men,1982,APPROVED,31 Aug 1949,115 min,"Horror, Sci-Fi","Danny Boyle, Loveleen Tandan",Quentin Tarantino,"Frank Sinatra, Laurence Harvey, Janet Leigh, Angela Lansbury","When two male musicians witness a mob hit, they flee the state in an all-female band disguised as women, but further complications set in.",English,"USA, UK",Won 1 Oscar. Another 92 wins & 104 nominations.,https://images-na.ssl-images-amazon.com/images/M/MV5BMjI2MTQwNDI3Nl5BMl5BanBnXkFtZTcwNDk4MTkzNA@@._V1_SX300.jpg,Internet Movie Database,8.1/10,55,8.0,"166,166",ID-471,movie,,,,,,,,,,,http://www.rottentomatoes.com/m/gandhi/,11 Dec 2001,"$328,674,489",Paramount Studios,,True
2,Braveheart,2017,R,12 Jun 1981,111 min,"Crime, Drama, Mystery",Sidney Lumet,Charles Chaplin,"Bette Davis, Anne Baxter, George Sanders, Celeste Holm","A senator, who became famous for killing a notorious outlaw, returns for the funeral of an old friend and tells the truth about his deed.","English, Latin","USA, UK",Won 2 Oscars. Another 85 wins & 77 nominations.,https://images-na.ssl-images-amazon.com/images/M/MV5BMzAwNjU1OTktYjY3Mi00NDY5LWFlZWUtZjhjNGE0OTkwZDkwXkEyXkFqcGdeQXVyMTQxNzMzNDI@._V1_SX300.jpg,Internet Movie Database,8.4/10,,8.7,"461,312",ID-472,movie,,,,,,,,,,,http://www.rottentomatoes.com/m/whos_afraid_of_virginia_woolf/,01 Nov 2005,,Warner Independent Pictures,,True
29,The Big Lebowski,1989,PG-13,27 Jan 1995,114 min,"Drama, War",Richard Brooks,"Daniel Wallace (novel), John August (screenplay)","Emma Stone, Viola Davis, Bryce Dallas Howard, Octavia Spencer","Greed, deception, money, power, and murder occur between two best friends: a mafia underboss and a casino owner, for a trophy wife over a gambling empire.",English,"USA, UK",Nominated for 1 Oscar. Another 64 wins & 176 nominations.,https://images-na.ssl-images-amazon.com/images/M/MV5BZmFhMzE1NDUtNGFmOC00M2E2LWI3ODItNzJjZmRlMTY0NDc0XkEyXkFqcGdeQXVyMTQxNzMzNDI@._V1_SX300.jpg,Internet Movie Database,8.1/10,77,8.5,"436,571",ID-473,movie,,,,,,,,,,,http://www.rottentomatoes.com/m/the_dark_knight_rises/,01 Sep 2015,,New Line Cinema,,True
129,Star Wars: The Force Awakens,1937,R,11 Dec 1962,94 min,"Biography, Drama",Billy Wilder,"James Cameron, William Wisher Jr.","Vivien Leigh, Marlon Brando, Kim Hunter, Karl Malden","During a preview tour, a theme park suffers a major power breakdown that allows its cloned dinosaur exhibits to run amok.","English, German, Russian","USA, UK",Won 4 Oscars. Another 40 wins & 28 nominations.,https://images-na.ssl-images-amazon.com/images/M/MV5BMGM4M2Q5N2MtNThkZS00NTc1LTk1NTItNWEyZjJjNDRmNDk5XkEyXkFqcGdeQXVyMjA0MDQ0Mjc@._V1_SX300.jpg,Internet Movie Database,8.1/10,86,8.1,"36,009",ID-474,movie,,,,,,,,,,,http://www.rottentomatoes.com/m/best_years_of_our_lives/,28 Dec 1999,,First National Pictures Inc.,,True
152,It's a Wonderful Life,1935,APPROVED,10 Dec 2014,139 min,"Comedy, Drama",M. Night Shyamalan,"Richard Linklater (screenplay), Julie Delpy (screenplay), Ethan Hawke (screenplay), Richard Linklater (story), Kim Krizan (story), Richard Linklater (characters), Kim Krizan (characters)","Ryan Gosling, Emma Stone, Amiée Conn, Terry Walters","Will Hunting, a janitor at M.I.T., has a gift for mathematics, but needs help from a psychologist to find direction in his life.",English,USA,Won 2 Oscars. Another 17 wins & 25 nominations.,https://images-na.ssl-images-amazon.com/images/M/MV5BNjdjNGQ4NDEtNTEwYS00MTgxLTliYzQtYzE2ZDRiZjFhZmNlXkEyXkFqcGdeQXVyNjU0OTQ0OTY@._V1_SX300.jpg,Internet Movie Database,8.1/10,92,8.0,"481,465",ID-475,movie,,,,,,,,,,,http://www.rottentomatoes.com/m/song_of_the_sea_2014/,03 Dec 2012,,MGM,http://www.kill-bill.com/,True
234,To Kill a Mockingbird,1948,R,10 Dec 2014,101 min,"Drama, Sport",Otto Preminger,Paddy Chayefsky,"Clint Eastwood, Gene Hackman, Morgan Freeman, Richard Harris","A man tries to rise in his company by letting its executives use his apartment for trysts, but complications and a romance of his own ensue.","English, German, Latin",USA,Won 8 Oscars. Another 10 wins & 9 nominations.,https://images-na.ssl-images-amazon.com/images/M/MV5BMjZiNzIxNTQtNDc5Zi00YWY1LThkMTctMDgzYjY4YjI1YmQyL2ltYWdlL2ltYWdlXkEyXkFqcGdeQXVyNjU0OTQ0OTY@._V1_SX300.jpg,Internet Movie Database,8.1/10,77,8.0,"24,842",ID-476,movie,,,,,,,,,,,http://www.rottentomatoes.com/m/magnolia/,28 Dec 2004,,Warner Bros. Pictures,,True
78,Jaws,1922,PG-13,03 Mar 2017,142 min,"Crime, Drama",Sam Peckinpah,"Herman J. Mankiewicz (original screen play), Orson Welles (original screen play)","Judy Garland, Frank Morgan, Ray Bolger, Bert Lahr",A jazz pianist falls for an aspiring actress in Los Angeles.,English,USA,Won 1 Oscar. Another 1 win & 11 nominations.,https://images-na.ssl-images-amazon.com/images/M/MV5BMTk4NDQ0NjgyNF5BMl5BanBnXkFtZTgwMTE3NTkxMTE@._V1_SX300.jpg,Internet Movie Database,8.2/10,,8.4,"594,362",ID-477,movie,,,,,,,,,,,http://www.rottentomatoes.com/m/vertigo/,19 Sep 1995,"$23,844,220",Paramount/DWA,http://www.hacksawridge.movie/,True
72,V for Vendetta,1994,R,23 Apr 2004,138 min,"Mystery, Thriller",Franklin J. Schaffner,George Lucas,"Bob Geldof, Christine Hargreaves, James Laurenson, Eleanor David","A cyborg, identical to the one who failed to kill Sarah Connor, must now protect her ten year old son, John Connor, from a more advanced cyborg.","English, Spanish",USA,Won 1 Oscar. Another 1 win & 4 nominations.,https://images-na.ssl-images-amazon.com/images/M/MV5BOWFlNzZhYmYtYTI5YS00MDQyLWIyNTUtNTRjMWUwNTEzNjA0XkEyXkFqcGdeQXVyNjUwNzk3NDc@._V1_SX300.jpg,Internet Movie Database,8.0/10,84,8.3,"1,802,351",ID-478,movie,,,,,,,,,,,http://www.rottentomatoes.com/m/one_flew_over_the_cuckoos_nest/,15 May 2001,,United Artists,http://www.requiemforadream.com,True
177,Kill Bill: Vol. 1,1973,APPROVED,25 May 1983,95 min,"Crime, Drama, Mystery",Alfred Hitchcock,"John Hodge (screenplay), Irvine Welsh (novel)","Gregory Peck, Audrey Hepburn, Eddie Albert, Hartley Power","An American grandson of the infamous scientist, struggling to prove that he is not as insane as people believe, is invited to Transylvania, where he discovers the process that reanimates a dead body.","English, French","USA, UK",Won 6 Oscars. Another 50 wins & 28 nominations.,https://images-na.ssl-images-amazon.com/images/M/MV5BMTY5MTYyNjkwNV5BMl5BanBnXkFtZTcwODE3MTI0MQ@@._V1_SX300.jpg,Internet Movie Database,8.3/10,65,8.0,"729,653",ID-479,movie,,,,,,,,,,,http://www.rottentomatoes.com/m/jurassic_park/,06 May 2003,,Paramount Pictures,http://unchainedmovie.com/,True
236,Blade Runner,1972,G,28 Aug 1998,100 min,"Action, Drama, Sci-Fi",Sergio Leone,"Paul Brickhill (book), James Clavell (screenplay), W.R. Burnett (screenplay)","Kevin Spacey, Annette Bening, Thora Birch, Wes Bentley","When Dr. Henry Jones Sr. suddenly goes missing while pursuing the Holy Grail, eminent archaeologist Indiana Jones must follow in his father's footsteps to stop the Nazis from getting their hands on the Holy Grail first.",English,USA,Won 2 Oscars. Another 33 wins & 30 nominations.,https://images-na.ssl-images-amazon.com/images/M/MV5BMTk0MDQ3MzAzOV5BMl5BanBnXkFtZTgwNzU1NzE3MjE@._V1_SX300.jpg,Internet Movie Database,8.1/10,,8.0,"37,689",ID-480,movie,,,,,,,,,,,http://www.rottentomatoes.com/m/1019196-sleuth/,21 Nov 2000,"$32,519,322",Fox Searchlight Pictures,http://www.thebourneultimatum.com/,True
138,Forrest Gump,1996,R,26 Mar 2010,127 min,"Action, Adventure, Sci-Fi",Martin Scorsese,"Woody Allen, Marshall Brickman","Matt Damon, Jessica Chastain, Kristen Wiig, Jeff Daniels",An ex-prize fighter turned longshoreman struggles to stand up to his corrupt union bosses.,English,"Ireland, UK, USA",Nominated for 1 Oscar. Another 10 wins & 31 nominations.,https://images-na.ssl-images-amazon.com/images/M/MV5BMTkyMTM2NDk5Nl5BMl5BanBnXkFtZTgwNzY1NzEyMDE@._V1_SX300.jpg,Internet Movie Database,8.2/10,82,8.2,"177,901",ID-481,movie,,,,,,,,,,,http://www.rottentomatoes.com/m/singin_in_the_rain/,13 Apr 2004,"$169,705,587",Universal Pictures,http://disney.go.com/lionking/,True
228,Apocalypse Now,1990,G,07 Jul 2017,104 min,"Comedy, Drama, Music",Robert Aldrich,"Hume Cronyn (adapted by), Patrick Hamilton (from the play by), Arthur Laurents (screenplay)","Robert De Niro, Cathy Moriarty, Joe Pesci, Frank Vincent","When a teenage girl is possessed by a mysterious entity, her mother seeks the help of two priests to save her daughter.",English,"USA, Germany",Won 4 Oscars. Another 34 wins & 45 nominations.,https://images-na.ssl-images-amazon.com/images/M/MV5BZWQyN2ZkODktMTBkNS00OTBjLWJhOGYtNGU4YWVkNTY0ZDZkXkEyXkFqcGdeQXVyNjU0OTQ0OTY@._V1_SX300.jpg,Internet Movie Database,8.0/10,76,8.0,"798,971",ID-482,movie,,,,,,,,,,,http://www.rottentomatoes.com/m/rush_2013/,26 Mar 1997,,Paramount Pictures,,True
249,A Beautiful Mind,1998,PG-13,22 Nov 1991,106 min,"Comedy, Romance",Jacques Tourneur,"Peter Benchley (screenplay), Carl Gottlieb (screenplay), Peter Benchley (based on the novel by)","Chris Hemsworth, Daniel Brühl, Olivia Wilde, Alexandra Maria Lara","Disgruntled Korean War veteran Walt Kowalski sets out to reform his neighbor, a Hmong teenager who tried to steal Kowalski's prized possession: a 1972 Gran Torino.",English,"USA, New Zealand",Won 4 Oscars. Another 33 wins & 65 nominations.,https://images-na.ssl-images-amazon.com/images/M/MV5BN2YxYmUyZGItZWEzYy00NTA3LThhM2UtZThhNDM5NWYxZGQ1L2ltYWdlL2ltYWdlXkEyXkFqcGdeQXVyNjU0OTQ0OTY@._V1_SX300.jpg,Internet Movie Database,8.3/10,69,8.0,"910,608",ID-483,movie,,,,,,,,,,,http://www.rottentomatoes.com/m/one_flew_over_the_cuckoos_nest/,29 Jun 1999,,Universal Pictures,http://www.thedarkknightrises.com/,True
8,WALL·E,1947,R,18 Dec 1961,92 min,"Animation, Family, Fantasy",Paul Thomas Anderson,"Lawrence Kasdan (screenplay), George Lucas (screenplay), George Lucas (story by)","Gene Wilder, Peter Boyle, Marty Feldman, Madeline Kahn",The Bride wakens from a four-year coma. The child she carried in her womb is gone. Now she must wreak vengeance on the team of assassins who betrayed her - a team she was once part of.,English,"USA, Hong Kong",Nominated for 7 Oscars. Another 2 wins & 2 nominations.,https://images-na.ssl-images-amazon.com/images/M/MV5BMTY5MDMzODUyOF5BMl5BanBnXkFtZTcwMTQ3NTMyNA@@._V1_SX300.jpg,Internet Movie Database,8.1/10,91,8.9,"707,806",ID-484,movie,,,,,,,,,,,http://www.rottentomatoes.com/m/deadpool/,21 Sep 2004,,Miramax Films,http://www.zoetrope.com/zoe_films.cgi?page=films&action=show_one&film_id=13,True
158,Inception,1930,PG,09 Oct 1987,126 min,"Action, Sci-Fi",Tom McCarthy,"Joss Whedon (screenplay), Zak Penn (story), Joss Whedon (story)","William Holden, Gloria Swanson, Erich von Stroheim, Nancy Olson",A former prisoner of war is brainwashed as an unwitting assassin for an international Communist conspiracy.,English,USA,Won 1 Oscar. Another 9 wins & 13 nominations.,https://images-na.ssl-images-amazon.com/images/M/MV5BMDgzYjQwMDMtNGUzYi00MTRmLWIyMGMtNjE1OGZkNzY2YWIzL2ltYWdlXkEyXkFqcGdeQXVyNjU0OTQ0OTY@._V1_SX300.jpg,Internet Movie Database,8.1/10,,8.1,"63,422",ID-485,movie,,,,,,,,,,,http://www.rottentomatoes.com/m/modern_times/,06 Jun 2000,"$227,400,000",Warner Bros. Pictures,http://SpotlightTheFilm.com,True
1,Dead Poets Society,1932,R,12 Jun 1981,107 min,"Action, Adventure",Martin Scorsese,"Billy Wilder (written for the screen by), Edwin Blum (written for the screen by), Donald Bevan (based on the play by), Edmund Trzcinski (based on the play by)","Robert Mitchum, Shelley Winters, Lillian Gish, James Gleason","Due to his insistence that he has an invisible six foot-tall rabbit for a best friend, a whimsical middle-aged man is thought by his family to be insane - but he may be wiser than anyone knows.","English, Spanish","USA, Canada",Won 7 Oscars. Another 17 wins & 8 nominations.,https://images-na.ssl-images-amazon.com/images/M/MV5BMTY2MTk3MDQ1N15BMl5BanBnXkFtZTcwMzI4NzA2NQ@@._V1_SX300.jpg,Internet Movie Database,8.0/10,75,9.0,"639,101",ID-486,movie,,,,,,,,,,,http://www.rottentomatoes.com/m/matrix/,15 May 2001,,Columbia Pictures,http://www.disney.com/ToyStory,True
163,The Lost Weekend,2006,PG-13,14 Mar 1997,138 min,"Drama, Romance",Rob Reiner,"Oliver Stone (screenplay), Zachary Sklar (screenplay), Jim Garrison (book), Jim Marrs (book)","Wil Wheaton, River Phoenix, Corey Feldman, Jerry O'Connell",A man juggles searching for his wife's murderer and keeping his short-term memory loss from being an obstacle.,English,USA,Won 2 Oscars. Another 32 wins & 16 nominations.,https://images-na.ssl-images-amazon.com/images/M/MV5BNDMyNGU0NjUtNTIxMC00ZmU2LWE0ZGItZTdkNGVlODI2ZDcyL2ltYWdlXkEyXkFqcGdeQXVyNjc1NTYyMjg@._V1_SX300.jpg,Internet Movie Database,8.5/10,74,8.1,"129,873",ID-487,movie,,,,,,,,,,,http://www.rottentomatoes.com/m/empire_strikes_back/,31 Mar 2015,,WARNER BROTHERS PICTURES,http://lionmovie.com/,True
32,Twelve Monkeys,2006,APPROVED,29 May 2009,106 min,"Drama, Mystery, Sci-Fi",Damien Chazelle,"Christopher De Vore (screenplay), Eric Bergren (screenplay), David Lynch (screenplay), Frederick Treves (book), Ashley Montagu (in part on the book ""The Elephant Man: A Study in Human Dignity"")","Ellen Burstyn, Max von Sydow, Lee J. Cobb, Kitty Winn",A manipulative woman and a roguish man conduct a turbulent romance during the American Civil War and Reconstruction periods.,"English, Spanish, German",USA,Won 2 Oscars. Another 4 wins & 10 nominations.,https://images-na.ssl-images-amazon.com/images/M/MV5BMTU2ODM2NTkxNF5BMl5BanBnXkFtZTcwOTMwMzU3Mg@@._V1_SX300.jpg,Internet Movie Database,8.3/10,96,8.5,"251,286",ID-488,movie,,,,,,,,,,,http://www.rottentomatoes.com/m/la_la_land/,30 Oct 1997,"$32,519,322",Ealing Studios,http://www.HowToTrainYourDragon.com/,True
99,A Streetcar Named Desire,1991,R,03 Aug 2007,108 min,"Comedy, Romance",Darren Aronofsky,"Tate Taylor (screenplay), Kathryn Stockett (novel)","Rowan Atkinson, Matthew Broderick, Niketa Calame, Jim Cummings","When a street urchin vies for the love of a beautiful princess, he uses a genie's magic power to make himself off as a prince in order to marry her.",English,UK,Won 11 Oscars. Another 197 wins & 122 nominations.,https://images-na.ssl-images-amazon.com/images/M/MV5BMjIyOTM5OTIzNV5BMl5BanBnXkFtZTgwMDkzODE2NjE@._V1_SX300.jpg,Internet Movie Database,8.1/10,,8.2,"28,038",ID-489,movie,,,,,,,,,,,http://www.rottentomatoes.com/m/city_lights/,04 Mar 2014,,Warner Bros.,http://disney.go.com/disneyvideos/liveaction/pirates/main_site/main.html,True
61,Braveheart,1961,PG,22 Nov 1995,106 min,"Mystery, Thriller",Stanley Kubrick,"Stephen King (novel), Raynold Gideon (screenplay), Bruce A. Evans (screenplay)","Amy Poehler, Phyllis Smith, Richard Kind, Bill Hader","In 1948, an American court in occupied Germany tries four Nazi judges for war crimes.",English,USA,Nominated for 7 Oscars. Another 2 wins & 2 nominations.,https://images-na.ssl-images-amazon.com/images/M/MV5BMDY0NmI4ZjctN2VhZS00YzExLTkyZGItMTJhOTU5NTg4MDU4XkEyXkFqcGdeQXVyNjU0OTQ0OTY@._V1_SX300.jpg,Internet Movie Database,8.1/10,86,8.3,"639,101",ID-490,movie,,,,,,,,,,,http://www.rottentomatoes.com/m/roman_holiday/,19 Mar 2002,,Sony Pictures,,True
1,Deadpool,2013,APPROVED,29 Sep 1950,178 min,Comedy,Terry Jones,"Charlie Kaufman (story), Michel Gondry (story), Pierre Bismuth (story), Charlie Kaufman (screenplay)","William Holden, Don Taylor, Otto Preminger, Robert Strauss","Retired Old West gunslinger William Munny reluctantly takes on one last job, with the help of his old partner and a young man.",English,"Hong Kong, Taiwan, USA",Nominated for 5 Oscars. Another 38 wins & 165 nominations.,https://images-na.ssl-images-amazon.com/images/M/MV5BMjIxNTU4MzY4MF5BMl5BanBnXkFtZTgwMzM4ODI3MjE@._V1_SX300.jpg,Internet Movie Database,8.1/10,75,9.0,"166,166",ID-491,movie,,,,,,,,,,,http://www.rottentomatoes.com/m/rio_bravo/,23 Sep 1997,,Warner Home Video,,True
102,The Shining,1983,NOT RATED,08 Jul 1977,151 min,"Film-Noir, Mystery, Thriller",Christopher Nolan,"John Roach, Mary Sweeney","Tim Robbins, Morgan Freeman, Bob Gunton, William Sadler","With the help of a German bounty hunter , a freed slave sets out to rescue his wife from a brutal Mississippi plantation owner.","English, French, Latin, Scottish Gaelic","USA, UK",Nominated for 3 Oscars. Another 28 wins & 51 nominations.,https://images-na.ssl-images-amazon.com/images/M/MV5BMTY2MTk3MDQ1N15BMl5BanBnXkFtZTcwMzI4NzA2NQ@@._V1_SX300.jpg,Internet Movie Database,8.0/10,86,8.3,"292,157",ID-492,movie,,,,,,,,,,,http://www.rottentomatoes.com/m/1052609-kid/,08 Feb 2000,"$56,939,515",Warner Bros. Pictures,http://www.lalaland.movie/,True
39,The Revenant,1975,PG,04 May 2012,136 min,"Animation, Adventure, Family","Pete Docter, Bob Peterson","Nicholas Pileggi (book), Nicholas Pileggi (screenplay), Martin Scorsese (screenplay)","Ellen Burstyn, Matthew McConaughey, Mackenzie Foy, John Lithgow","In Casablanca in December 1941, a cynical American expatriate encounters a former lover, with unforeseen complications.",English,"UK, USA",Won 5 Oscars. Another 19 wins & 8 nominations.,https://images-na.ssl-images-amazon.com/images/M/MV5BYzQ2OTk4N2QtOGQwNy00MmI3LWEwNmEtOTk0OTY3NDk2MGJkL2ltYWdlL2ltYWdlXkEyXkFqcGdeQXVyNjc1NTYyMjg@._V1_SX300.jpg,Internet Movie Database,8.2/10,75,8.6,"485,079",ID-493,movie,,,,,,,,,,,http://www.rottentomatoes.com/m/12_years_a_slave/,08 Oct 2002,"$22,442,876",Universal Pictures,,True
48,The Straight Story,2008,NOT RATED,30 May 2003,135 min,"Biography, Drama",Alfred Hitchcock,David McKenna,"Cary Grant, Rosalind Russell, Ralph Bellamy, Gene Lockhart","A man who loves games and theater invites his wife's lover to meet him, setting up a battle of wits with potentially deadly results.","English, Russian",USA,1 nomination.,https://images-na.ssl-images-amazon.com/images/M/MV5BYTNhZDFkN2ItMmZjNy00ODUwLTk1Y2MtMDZhYTA2N2MyNDU5XkEyXkFqcGdeQXVyMTMxODk2OTU@._V1_SX300.jpg,Internet Movie Database,8.1/10,94,8.5,"83,328",ID-494,movie,,,,,,,,,,,http://www.rottentomatoes.com/m/forrest_gump/,28 Sep 2004,"$67,115,062",Sony Pictures Home Entertainment,http://thewizardofoz.warnerbros.com/,True
59,Donnie Darko,1999,PG,20 Dec 1991,149 min,"Adventure, Comedy, Drama",Woody Allen,"William Peter Blatty (written for the screen by), William Peter Blatty (novel)","Gregory Peck, John Megna, Frank Overton, Rosemary Murphy","An aspiring author during the civil rights movement of the 1960s decides to write a book detailing the African American maids' point of view on the white families for which they work, and the hardships they go through on a daily basis.","English, Spanish","USA, UK",Won 5 Oscars. Another 19 wins & 8 nominations.,https://images-na.ssl-images-amazon.com/images/M/MV5BYzVlMWViZGEtYjEyYy00YWZmLThmZGEtYmM4MDZlN2Q5MmRmXkEyXkFqcGdeQXVyMTQxNzMzNDI@._V1_SX300.jpg,Internet Movie Database,8.0/10,75,8.4,"1,458,676",ID-495,movie,,,,,,,,,,,http://www.rottentomatoes.com/m/1068182-heat/,06 Jan 2004,,Paramount Vantage,,True
28,The Lost Weekend,1921,R,17 Jan 1940,92 min,"Drama, Western",Billy Wilder,Guy Ritchie,"Ewan McGregor, Albert Finney, Billy Crudup, Jessica Lange","When a street urchin vies for the love of a beautiful princess, he uses a genie's magic power to make himself off as a prince in order to marry her.",English,USA,Won 6 Oscars. Another 50 wins & 28 nominations.,https://images-na.ssl-images-amazon.com/images/M/MV5BMjM3MjQ1MzkxNl5BMl5BanBnXkFtZTgwODk1ODgyMjI@._V1_SX300.jpg,Internet Movie Database,8.2/10,93,8.5,"239,391",ID-496,movie,,,,,,,,,,,http://www.rottentomatoes.com/m/toy_story_3/,13 Jan 2015,"$414,984,497",Columbia Pictures,http://www.thedarkknightrises.com/,True
56,Rush,1966,G,12 Apr 1940,177 min,"Action, Mystery, Thriller",Richard Linklater,"Mary Chase (from the Pulitzer Prize Play by), Mary Chase (screenplay), Oscar Brodney (screenplay)","Guy Pearce, Carrie-Anne Moss, Joe Pantoliano, Mark Boone Junior",A psychotic socialite confronts a pro tennis star with a theory on how two complete strangers can get away with murder - a theory that he plans to implement.,"English, Quenya, Old English, Sindarin","France, USA",Won 2 Oscars. Another 33 wins & 30 nominations.,https://images-na.ssl-images-amazon.com/images/M/MV5BOWRiZDIxZjktMTA1NC00MDQ2LWEzMjUtMTliZmY3NjQ3ODJiXkEyXkFqcGdeQXVyNjU0OTQ0OTY@._V1_SX300.jpg,Internet Movie Database,8.0/10,91,8.5,"1,108,627",ID-497,movie,,,,,,,,,,,http://www.rottentomatoes.com/m/north-by-northwest/,21 Nov 2000,,Warner Bros. Pictures,,True
190,Lawrence of Arabia,1952,PG,24 Jul 1998,189 min,"Action, Drama, Sci-Fi",Sidney Lumet,"James Warner Bellah (screenplay), Willis Goldbeck (screenplay), Dorothy M. Johnson (based on the story by)","Marilyn Monroe, Tony Curtis, Jack Lemmon, George Raft","When his secret bride is executed for assaulting an English soldier who tried to rape her, Sir William Wallace begins a revolt against King Edward I of England.",English,USA,Nominated for 7 Oscars. Another 7 wins & 21 nominations.,https://images-na.ssl-images-amazon.com/images/M/MV5BZmRmYmZkZTktZDc5ZC00ZjZmLTg4NWMtYjM3MjcyNTVjNGQ5L2ltYWdlL2ltYWdlXkEyXkFqcGdeQXVyNjc1NTYyMjg@._V1_SX300.jpg,Internet Movie Database,8.1/10,76,8.0,"461,331",ID-498,movie,,,,,,,,,,,http://www.rottentomatoes.com/m/what-ever-happened-to-baby-jane/,31 Oct 2000,"$30,093,107",Warner Bros. Pictures,http://www.thehelpmovie.com,True
84,"Lock, Stock and Two Smoking Barrels",1950,PG,20 Jun 1975,99 min,"Action, Thriller",Stuart Rosenberg,"Nicholas Pileggi (book), Nicholas Pileggi (screenplay), Martin Scorsese (screenplay)","Gregory Peck, Audrey Hepburn, Eddie Albert, Hartley Power","While not intelligent, Forrest Gump has accidentally been present at many historic moments, but his true love, Jenny Curran, eludes him.",English,"USA, UK",Nominated for 1 Oscar. Another 2 wins & 1 nomination.,https://images-na.ssl-images-amazon.com/images/M/MV5BMTQ1MjAwNTM5Ml5BMl5BanBnXkFtZTYwNDM0MTc3._V1_SX300.jpg,Internet Movie Database,8.2/10,90,8.3,"295,852",ID-499,movie,,,,,,,,,,,http://www.rottentomatoes.com/m/pianist/,13 Jun 2000,,New Line Cinema,http://movies.warnerbros.com/amadeus,True
124,Hachi: A Dog's Tale,1968,PG,18 Jul 1986,101 min,"Biography, Drama",Clint Eastwood,"Sidney Buchman (screen play), Lewis R. Foster (story)","Clint Eastwood, Hilary Swank, Morgan Freeman, Jay Baruchel",A 20-something supervising staff member of a residential treatment facility navigates the troubled waters of that world alongside her co-worker and longtime boyfriend.,"English, Sindarin, Old English",USA,Won 1 Oscar. Another 20 wins & 24 nominations.,https://images-na.ssl-images-amazon.com/images/M/MV5BMTUyMTE0ODcxNF5BMl5BanBnXkFtZTgwODE4NDQzNTE@._V1_SX300.jpg,Internet Movie Database,8.0/10,90,8.2,"251,296",ID-500,movie,,,,,,,,,,,http://www.rottentomatoes.com/m/sin_city/,07 Sep 2004,,New Line Cinema,,True
142,Se7en,1985,G,17 Jan 1941,172 min,"Horror, Sci-Fi",John Carpenter,"Wendell Mayes (screenplay), John D. Voelker (based on the novel by)","Don Cheadle, Xolani Mali, Desmond Dube, Hakeem Kae-Kazim","Will Hunting, a janitor at M.I.T., has a gift for mathematics, but needs help from a psychologist to find direction in his life.","English, German",USA,Won 4 Oscars. Another 15 wins & 25 nominations.,https://images-na.ssl-images-amazon.com/images/M/MV5BY2FmODc2N2QtYmY3MS00YTMwLWI2NGYtZWRmYWVkNjFjZmI0XkEyXkFqcGdeQXVyNTMxMjgxMzA@._V1_SX300.jpg,Internet Movie Database,8.4/10,100,8.1,"121,147",ID-501,movie,,,,,,,,,,,http://www.rottentomatoes.com/m/before_sunrise/,30 Nov 1999,,Sony Pictures,,True
1,The Best Years of Our Lives,1979,G,31 Aug 1946,114 min,"Drama, Sport",David Fincher,"Will Collins, Tomm Moore (story by)","Albert Brooks, Ellen DeGeneres, Alexander Gould, Willem Dafoe",A cowboy doll is profoundly threatened and jealous when a new spaceman figure supplants him as top toy in a boy's room.,"English, Cantonese, Spanish",USA,Won 1 Oscar. Another 9 wins & 13 nominations.,https://images-na.ssl-images-amazon.com/images/M/MV5BMjAxMzY3NjcxNF5BMl5BanBnXkFtZTcwNTI5OTM0Mw@@._V1_SX300.jpg,Internet Movie Database,8.5/10,,9.0,"78,182",ID-502,movie,,,,,,,,,,,http://www.rottentomatoes.com/m/donnie_darko/,,,Paramount Studios,http://www.starwars.com/episode-vi/,True
159,The Lost Weekend,2017,R,07 Jan 2000,98 min,"Drama, History, Thriller",Terry Jones,"Charles Leavitt (screenplay), Charles Leavitt (story), C. Gaby Mitchell (story)","Robin Williams, Robert Sean Leonard, Ethan Hawke, Josh Charles","Two young men strangle their ""inferior"" classmate, hide his body in their apartment, and invite his friends and family to a dinner party as a means to challenge the ""perfection"" of their crime.","English, French",USA,2 wins.,https://images-na.ssl-images-amazon.com/images/M/MV5BN2Y2OWU4MWMtNmIyMy00YzMyLWI0Y2ItMTcyZDc3MTdmZDU4XkEyXkFqcGdeQXVyMTQxNzMzNDI@._V1_SX300.jpg,Internet Movie Database,8.1/10,,8.1,"70,807",ID-503,movie,,,,,,,,,,,http://www.rottentomatoes.com/m/sling_blade/,09 Nov 2004,"$47,611,331",Open Road Films,http://www.gladiator-thefilm.com,True
95,Paths of Glory,1973,R,06 Aug 1999,101 min,"Biography, Drama, History",Alfred Hitchcock,"George S. Kaufman (screen play), Morrie Ryskind (screen play), James Kevin McGuinness (from a story by)","Sigourney Weaver, Carrie Henn, Michael Biehn, Paul Reiser","When a Jewish prince is betrayed and sent into slavery by a Roman friend, he regains his freedom and comes back for revenge.","English, Cantonese","UK, USA",Won 4 Oscars. Another 12 wins & 3 nominations.,https://images-na.ssl-images-amazon.com/images/M/MV5BMTY5MDMzODUyOF5BMl5BanBnXkFtZTcwMTQ3NTMyNA@@._V1_SX300.jpg,Internet Movie Database,8.1/10,83,8.1,"747,275",ID-504,movie,,,,,,,,,,,http://www.rottentomatoes.com/m/magnolia/,28 Dec 2004,,MGM/UA Classics,http://www.mrsmithmovie.com/,True
122,Twelve Monkeys,1997,PG,15 Jul 2011,122 min,"Crime, Drama",Peter Jackson,"Stanley Kubrick (screenplay), Arthur C. Clarke (screenplay)","Harrison Ford, Rutger Hauer, Sean Young, Edward James Olmos",A sexually frustrated suburban father has a mid-life crisis after becoming infatuated with his daughter's best friend.,"English, French, German, Czech",USA,Won 1 Oscar. Another 13 wins & 8 nominations.,https://images-na.ssl-images-amazon.com/images/M/MV5BZjhhMThhNDItNTY2MC00MmU1LTliNDEtNDdhZjdlNTY5ZDQ1XkEyXkFqcGdeQXVyNjc1NTYyMjg@._V1_SX300.jpg,Internet Movie Database,8.0/10,93,8.1,"110,893",ID-505,movie,,,,,,,,,,,http://www.rottentomatoes.com/m/gone_girl/,24 May 2005,,Twentieth Century Fox,,True
235,Rope,2000,PG-13,24 Aug 1930,165 min,Drama,Rob Reiner,"Francis Ford Coppola (screenplay), Mario Puzo (screenplay), Mario Puzo (novel)","Miles Teller, J.K. Simmons, Paul Reiser, Melissa Benoist","An astronaut becomes stranded on Mars after his team assume him dead, and must rely on his ingenuity to find a way to signal to Earth that he is alive.",English,USA,Nominated for 6 Oscars. Another 2 wins & 10 nominations.,https://images-na.ssl-images-amazon.com/images/M/MV5BNGNiNmU2YTMtZmU4OS00MjM0LTlmYWUtMjVlYjAzYjE2N2RjXkEyXkFqcGdeQXVyNDk3NzU2MTQ@._V1_SX300.jpg,Internet Movie Database,8.0/10,96,8.0,"1,188,300",ID-506,movie,,,,,,,,,,,http://www.rottentomatoes.com/m/cool_hand_luke/,23 Oct 2001,,Miramax Films,http://www.mrsmithmovie.com/,True
83,Magnolia,2009,R,20 Nov 1998,131 min,"Drama, Western",Stanley Kubrick,"Barry Morrow (story), Ronald Bass (screenplay), Barry Morrow (screenplay)","Charlton Heston, Jack Hawkins, Haya Harareet, Stephen Boyd",An old man makes a long journey by lawn-mover tractor to mend his relationship with an ill brother.,"English, Japanese",USA,Nominated for 1 Oscar. Another 33 wins & 62 nominations.,https://images-na.ssl-images-amazon.com/images/M/MV5BMGEyNzhkYzktMGMyZS00YzRiLWJlYjktZjJkOTU5ZDY0ZGI4XkEyXkFqcGdeQXVyNjUwNzk3NDc@._V1_SX300.jpg,Internet Movie Database,8.8/10,91,8.2,"184,127",ID-507,movie,,,,,,,,,,,http://www.rottentomatoes.com/m/scarface/,26 Nov 2002,,Paramount Pictures,,True
82,Deadpool,1969,APPROVED,14 Jun 1950,165 min,"Mystery, Sci-Fi, Thriller",Charles Chaplin,"Robert Riskin (screen play), Samuel Hopkins Adams (based on the short story by)","James Robinson, Sean Lawlor, Sandy Nelson, James Cosmo","A sole survivor tells of the twisty events leading up to a horrific gun battle on a boat, which began when five criminals met at a seemingly random police lineup.","English, French",USA,2 wins & 1 nomination.,https://images-na.ssl-images-amazon.com/images/M/MV5BYzllMjJkODAtYjMwMi00YmNhLWFhYzAtZjZjODg5YzEwOGUwXkEyXkFqcGdeQXVyNjU0OTQ0OTY@._V1_SX300.jpg,Internet Movie Database,8.0/10,99,8.3,"43,479",ID-508,movie,,,,,,,,,,,http://www.rottentomatoes.com/m/catch_me_if_you_can/,05 Jun 2001,,Columbia Pictures,http://unchainedmovie.com/,True
64,Finding Nemo,1995,PG,24 Mar 1972,130 min,Drama,William Friedkin,"Ethan Coen, Joel Coen","Bette Davis, Anne Baxter, George Sanders, Celeste Holm","A film that explores the dark and miserable town, Basin City, and tells the story of three different people, all caught up in violent corruption.",English,USA,Won 5 Oscars. Another 19 wins & 8 nominations.,https://images-na.ssl-images-amazon.com/images/M/MV5BMzJiZDRmOWUtYjE2MS00Mjc1LTg1ZDYtNTQxYWJkZTg1OTM4XkEyXkFqcGdeQXVyNjUwNzk3NDc@._V1_SX300.jpg,Internet Movie Database,8.4/10,89,8.3,"360,941",ID-509,movie,,,,,,,,,,,http://www.rottentomatoes.com/m/there_will_be_blood/,21 Nov 2000,,Twentieth Century Fox Home Entertainment,,True
1,Patton,1948,R,23 Feb 1979,100 min,"Animation, Family, Fantasy",Tim Miller,"Ted Elliott (screen story), Terry Rossio (screen story), Stuart Beattie (screen story), Jay Wolpert (screen story), Ted Elliott (screenplay), Terry Rossio (screenplay)","Leonardo DiCaprio, Jonah Hill, Margot Robbie, Matthew McConaughey","John McClane, officer of the NYPD, tries to save his wife Holly Gennaro and several others that were taken hostage by German terrorist Hans Gruber during a Christmas party at the Nakatomi Plaza in Los Angeles.","English, Spanish","USA, Germany",Won 3 Oscars. Another 10 wins & 16 nominations.,https://images-na.ssl-images-amazon.com/images/M/MV5BMzcwYWFkYzktZjAzNC00OGY1LWI4YTgtNzc5MzVjMDVmNjY0XkEyXkFqcGdeQXVyMTQxNzMzNDI@._V1_SX300.jpg,Internet Movie Database,8.2/10,79,8.9,"793,897",ID-510,movie,,,,,,,,,,,http://www.rottentomatoes.com/m/sling_blade/,01 Dec 1998,,Fox Searchlight Pictures,,True
151,Who's Afraid of Virginia Woolf?,1934,R,28 Mar 2003,124 min,"Animation, Adventure, Family",Adam Elliot,"George S. Kaufman (screen play), Morrie Ryskind (screen play), James Kevin McGuinness (from a story by)","Al Pacino, Robert Duvall, Diane Keaton, Robert De Niro","A tale of friendship between two unlikely pen pals: Mary, a lonely, eight-year-old girl living in the suburbs of Melbourne, and Max, a forty-four-year old, severely obese man living in New York.",English,USA,2 wins.,https://images-na.ssl-images-amazon.com/images/M/MV5BNjdjNGQ4NDEtNTEwYS00MTgxLTliYzQtYzE2ZDRiZjFhZmNlXkEyXkFqcGdeQXVyNjU0OTQ0OTY@._V1_SX300.jpg,Internet Movie Database,8.4/10,,8.1,"316,354",ID-511,movie,,,,,,,,,,,http://www.rottentomatoes.com/m/return_of_the_jedi/,03 Nov 1997,,Paramount Pictures,http://www.hacksawridge.movie/,True
49,The Prestige,2000,R,24 Jun 1994,124 min,"Drama, Family, Fantasy",Francis Ford Coppola,"William Goldman (book), William Goldman (screenplay)","James Stewart, Donna Reed, Lionel Barrymore, Thomas Mitchell",A confined but troubled rock star descends into madness in the midst of his physical and social isolation from everyone.,"English, Italian, French",USA,Won 2 Oscars. Another 59 wins & 91 nominations.,https://images-na.ssl-images-amazon.com/images/M/MV5BOWIwODIxYWItZDI4MS00YzhhLWE3MmYtMzlhZDIwOTMzZmE5L2ltYWdlXkEyXkFqcGdeQXVyNjc1NTYyMjg@._V1_SX300.jpg,Internet Movie Database,8.3/10,94,8.3,"65,940",ID-512,movie,,,,,,,,,,,http://www.rottentomatoes.com/m/toy_story/,24 Aug 2004,,The Weinstein Co.,http://thewizardofoz.warnerbros.com/,True
149,The Message,1959,NOT RATED,24 Jan 1948,103 min,"Biography, Drama",Sidney Lumet,"James Mangold (story by), Scott Frank (screenplay), James Mangold (screenplay), Michael Green (screenplay)","Harrison Ford, Mark Hamill, Carrie Fisher, Adam Driver",A frustrated son tries to determine the fact from fiction in his dying father's life.,"English, Spanish",USA,Won 2 Oscars. Another 11 wins & 20 nominations.,https://images-na.ssl-images-amazon.com/images/M/MV5BYzczOGRlMzQtNDAzMS00MjdlLTk5Y2QtNTM3MDE3NjRkYzQwXkEyXkFqcGdeQXVyMTQxNzMzNDI@._V1_SX300.jpg,Internet Movie Database,8.3/10,75,8.0,"113,851",ID-513,movie,,,,,,,,,,,http://www.rottentomatoes.com/m/snatch/,03 Jul 2001,"$380,236,369",Fox Searchlight Pictures,http://disney.go.com/DisneyPictures/straightstory/index.html,True
67,The Man Who Shot Liberty Valance,1986,R,14 Dec 1957,129 min,"Adventure, Comedy, Fantasy",Brian De Palma,"Jonathan Goldstein (screenplay), John Francis Daley (screenplay), Jon Watts (screenplay), Christopher Ford (screenplay), Chris McKenna (screenplay), Erik Sommers (screenplay), Jonathan Goldstein (screen story by), John Francis Daley (screen story by), Stan Lee (based on the Marvel comic book by), Steve Ditko (based on the Marvel comic book by), Joe Simon (character created by: Captain America), Jack Kirby (character created by: Captain America)","Brie Larson, Jacob Tremblay, Sean Bridgers, Wendy Crewson","The Tramp cares for an abandoned child, but events put that relationship in jeopardy.","English, French, Italian",USA,Won 1 Oscar. Another 1 win & 11 nominations.,https://images-na.ssl-images-amazon.com/images/M/MV5BNGMwNzUwNjYtZWM5NS00YzMyLWI4NjAtNjM0ZDBiMzE1YWExXkEyXkFqcGdeQXVyNDk3NzU2MTQ@._V1_SX300.jpg,Internet Movie Database,8.2/10,,8.4,"251,286",ID-514,movie,,,,,,,,,,,http://www.rottentomatoes.com/m/jaws/,07 May 2013,,Turner Entertainment,http://inceptionmovie.warnerbros.com/,True
10,Reservoir Dogs,1996,R,24 Aug 1946,118 min,Drama,Steven Spielberg,Aaron Guzikowski,"Paul Newman, Jackie Gleason, Piper Laurie, George C. Scott",A sexually frustrated suburban father has a mid-life crisis after becoming infatuated with his daughter's best friend.,English,USA,Won 6 Oscars. Another 50 wins & 28 nominations.,https://images-na.ssl-images-amazon.com/images/M/MV5BMjFiZDg3MDgtOTdiNC00ZGFiLWIyN2ItNDhkNGI5ZThkOTE3XkEyXkFqcGdeQXVyNjc1NTYyMjg@._V1_SX300.jpg,Internet Movie Database,8.5/10,97,8.7,"2,872",ID-515,movie,,,,,,,,,,,http://www.rottentomatoes.com/m/city_lights/,23 May 2017,,Buena Vista Distribution Compa,http://www.thedarkknightrises.com/,True
56,The Princess Bride,1945,PG,16 Jul 2010,124 min,"Action, Sci-Fi, Thriller",Bob Clark,"William Peter Blatty (written for the screen by), William Peter Blatty (novel)","Timothy Bottoms, Jeff Bridges, Cybill Shepherd, Ben Johnson",A young F.B.I. cadet must confide in an incarcerated and manipulative killer to receive his help on catching another serial killer who skins his victims.,"English, French",USA,Nominated for 2 Oscars. Another 26 wins & 61 nominations.,https://images-na.ssl-images-amazon.com/images/M/MV5BMTA3MTcxNjE0NzNeQTJeQWpwZ15BbWU4MDc3NjUxNDAx._V1_SX300.jpg,Internet Movie Database,8.1/10,87,8.4,"461,331",ID-516,movie,,,,,,,,,,,http://www.rottentomatoes.com/m/1212910-warrior/,19 Feb 2013,,United Artists,http://www.sonypictures.com/movies/spidermanhomecoming/,True
241,Before Sunrise,1993,R,01 Nov 1967,137 min,"Crime, Drama, Mystery",Frank Capra,"Richard Condon (based upon a novel by), George Axelrod (screenplay)","Chris Pratt, Zoe Saldana, Dave Bautista, Vin Diesel","In 1954, a U.S. marshal investigates the disappearance of a murderess who escaped from a hospital for the criminally insane.",English,UK,Nominated for 1 Oscar. Another 37 wins & 79 nominations.,https://images-na.ssl-images-amazon.com/images/M/MV5BMjA0ODU0OTQ5N15BMl5BanBnXkFtZTgwMzYzMzIxMDE@._V1_SX300.jpg,Internet Movie Database,8.6/10,90,8.0,"494,215",ID-517,movie,,,,,,,,,,,http://www.rottentomatoes.com/m/la_la_land/,11 Dec 2007,"$51,694,854",Warner Bros. Pictures,http://www.zoetrope.com/zoe_films.cgi?page=films&action=show_one&film_id=13,True
61,The Prestige,1996,R,24 Jun 1994,91 min,"Comedy, Crime","Danny Boyle, Loveleen Tandan","Robert Riskin (screen play), Samuel Hopkins Adams (based on the short story by)","Tim Roth, Pruitt Taylor Vince, Bill Nunn, Clarence Williams III","When the menace known as the Joker emerges from his mysterious past, he wreaks havoc and chaos on the people of Gotham, the Dark Knight must accept one of the greatest psychological and physical tests of his ability to fight injustice.","English, French",USA,Won 3 Oscars. Another 28 wins & 17 nominations.,https://images-na.ssl-images-amazon.com/images/M/MV5BMzFhNTMwNDMtZjY3Yy00NzY3LWI1ZWQtZTQxMWJmODVhZWFkXkEyXkFqcGdeQXVyNjQzNDI3NzY@._V1_SX300.jpg,Internet Movie Database,8.3/10,,8.4,"251,286",ID-518,movie,,,,,,,,,,,http://www.rottentomatoes.com/m/seven/,27 Jul 1999,"$100,422,786",20th Century Fox,,True
166,In the Name of the Father,2013,R,27 Sep 2013,85 min,"Adventure, Comedy, Fantasy",Rob Reiner,"James Gunn, Nicole Perlman, Dan Abnett (based on the Marvel comics by), Andy Lanning (based on the Marvel comics by), Bill Mantlo (character created by: Rocket Raccoon), Keith Giffen (character created by: Rocket Raccoon), Jim Starlin (characters created by: Drax the Destroyer,  Gamora,  Thanos), Steve Englehart (character created by: Star-Lord), Steve Gan (character created by: Star-Lord), Steve Gerber (character created by: Howard the Duck), Val Mayerik (character created by: Howard the Duck)","Jodie Foster, Lawrence A. Bonney, Kasi Lemmons, Lawrence T. Wrentz","When Union spies steal an engineer's beloved locomotive, he pursues it single-handedly and straight through enemy lines.","English, Mandarin",USA,Nominated for 1 Oscar. Another 25 wins & 34 nominations.,https://images-na.ssl-images-amazon.com/images/M/MV5BODQwOTc5MDM2N15BMl5BanBnXkFtZTcwODQxNTEzNA@@._V1_SX300.jpg,Internet Movie Database,8.0/10,,8.1,"408,671",ID-519,movie,,,,,,,,,,,http://www.rottentomatoes.com/m/1008166-general/,25 Jun 2002,,Newmarket Films,http://www.starwars.com/episode-v/,True
7,The Help,1983,PG,28 Mar 2014,146 min,"Crime, Drama, Mystery",Lasse Hallström,"Walon Green (screenplay), Sam Peckinpah (screenplay), Walon Green (story), Roy N. Sickner (story)","Farley Granger, Ruth Roman, Robert Walker, Leo G. Carroll","Two detectives, a rookie and a veteran, hunt a serial killer who uses the seven deadly sins as his motives.","English, Mandarin",USA,20 wins & 30 nominations.,https://images-na.ssl-images-amazon.com/images/M/MV5BNmVjNzZkZjQtYmM5ZC00M2I0LWJhNzktNDk3MGU1NWMxMjFjXkEyXkFqcGdeQXVyNjc1NTYyMjg@._V1_SX300.jpg,Internet Movie Database,8.9/10,71,8.6,"83,328",ID-520,movie,,,,,,,,,,,http://www.rottentomatoes.com/m/fargo/,12 Jan 2016,,Warner Bros. Pictures,http://www.foxmovies.com/movies/logan,True
225,Gran Torino,2006,PG,17 Aug 1979,136 min,"Crime, Drama, Thriller",Alfred Hitchcock,Luc Besson,"Cary Grant, Rosalind Russell, Ralph Bellamy, Gene Lockhart","A naive man is appointed to fill a vacancy in the United States Senate. His plans promptly collide with political corruption, but he doesn't back down.","English, Hebrew, German, Polish",USA,Nominated for 3 Oscars. Another 8 wins & 4 nominations.,https://images-na.ssl-images-amazon.com/images/M/MV5BMDVjNjIwOGItNDE3Ny00OThjLWE0NzQtZTU3YjMzZTZjMzhkXkEyXkFqcGdeQXVyMTQxNzMzNDI@._V1_SX300.jpg,Internet Movie Database,8.4/10,79,8.0,"102,340",ID-521,movie,,,,,,,,,,,http://www.rottentomatoes.com/m/matrix/,08 May 2001,,Universal Pictures,,True
1,The Dark Knight,1947,R,12 Jul 1973,112 min,"Drama, Mystery, Thriller","Jared Bush, Byron Howard, Rich Moore",Charles Chaplin,"Albert Brooks, Ellen DeGeneres, Alexander Gould, Willem Dafoe",A meek Hobbit from the Shire and eight companions set out on a journey to destroy the powerful One Ring and save Middle Earth from the Dark Lord Sauron.,"English, French, Vietnamese","UK, India, USA",12 nominations.,https://images-na.ssl-images-amazon.com/images/M/MV5BMDgzYjQwMDMtNGUzYi00MTRmLWIyMGMtNjE1OGZkNzY2YWIzL2ltYWdlXkEyXkFqcGdeQXVyNjU0OTQ0OTY@._V1_SX300.jpg,Internet Movie Database,8.5/10,,9.0,"129,873",ID-522,movie,,,,,,,,,,,http://www.rottentomatoes.com/m/it_happened_one_night/,03 Nov 1997,"$223,749,872",Sony Pictures,http://www.sonypictures.com/movies/bigfish/index.html,True
250,The Godfather: Part II,1968,PG,19 Jan 2001,189 min,"Adventure, Biography, Drama",Sidney Lumet,"George S. Kaufman (screen play), Morrie Ryskind (screen play), James Kevin McGuinness (from a story by)","Ralph Fiennes, Michael Gambon, Alan Rickman, Daniel Radcliffe","When two escaping American World War II prisoners are killed, the German POW camp barracks black marketeer, J.J. Sefton, is suspected of being an informer.",English,USA,7 wins & 27 nominations.,https://images-na.ssl-images-amazon.com/images/M/MV5BY2NkNTcxNjAtODhjMS00Mjg2LWI1OGItMjRhMGJlODBkZTVlL2ltYWdlL2ltYWdlXkEyXkFqcGdeQXVyNzAxMjE1NDg@._V1_SX300.jpg,Internet Movie Database,8.1/10,91,8.0,"119,905",ID-523,movie,,,,,,,,,,,http://www.rottentomatoes.com/m/1013227-manchurian_candidate/,06 Mar 2001,,Twentieth Century Fox Home Entertainment,,True
236,Batman Begins,2006,PASSED,12 Feb 1993,113 min,"Action, Sci-Fi",Stanley Kramer,"James Cameron, William Wisher Jr.","Joseph Cotten, Dorothy Comingore, Agnes Moorehead, Ruth Warrick","In the distant future, a small waste-collecting robot inadvertently embarks on a space journey that will ultimately decide the fate of mankind.",English,"UK, USA, Australia",Nominated for 1 Oscar. Another 9 wins & 29 nominations.,https://images-na.ssl-images-amazon.com/images/M/MV5BNGNiNmU2YTMtZmU4OS00MjM0LTlmYWUtMjVlYjAzYjE2N2RjXkEyXkFqcGdeQXVyNDk3NzU2MTQ@._V1_SX300.jpg,Internet Movie Database,8.9/10,86,8.0,"151,983",ID-524,movie,,,,,,,,,,,http://www.rottentomatoes.com/m/patton/,15 May 2001,,New Line Cinema,http://www.jurassicpark.com/maingate_flash.html,True
171,The Graduate,1968,R,14 Dec 1957,130 min,"Biography, Drama, History",David Yates,"Nicholas Pileggi (book), Nicholas Pileggi (screenplay), Martin Scorsese (screenplay)","Hugh Jackman, Patrick Stewart, Dafne Keen, Boyd Holbrook","King Arthur and his knights embark on a low-budget search for the Grail, encountering many, very silly obstacles.","English, Russian",USA,Won 2 Oscars. Another 17 wins & 25 nominations.,https://images-na.ssl-images-amazon.com/images/M/MV5BMTEwNjg2MjM2ODFeQTJeQWpwZ15BbWU4MDQ1MDU5OTEx._V1_SX300.jpg,Internet Movie Database,8.3/10,,8.1,"598,907",ID-525,movie,,,,,,,,,,,http://www.rottentomatoes.com/m/no_country_for_old_men/,29 Jan 2002,,Embassy Pictures/Rialto Pictures,http://www.thegrantorino.com/,True
86,North by Northwest,1993,R,08 Jul 1977,133 min,Drama,Billy Wilder,"Jonathan Nolan, Christopher Nolan","Cary Grant, Priscilla Lane, Raymond Massey, Jack Carson",A sly business manager and two wacky friends of two opera singers help them achieve success while humiliating their stuffy and snobbish enemies.,English,USA,Won 1 Oscar. Another 20 wins & 16 nominations.,https://images-na.ssl-images-amazon.com/images/M/MV5BZmI0M2VmNTgtMWVhYS00Zjg1LTk1YTYtNmJmMjRkZmMwYTc2XkEyXkFqcGdeQXVyNTA4NzY1MzY@._V1_SX300.jpg,Internet Movie Database,8.2/10,85,8.3,"537,662",ID-526,movie,,,,,,,,,,,http://www.rottentomatoes.com/m/fargo/,15 Feb 2000,,Warner Bros. Pictures,,True
120,The Grand Budapest Hotel,1979,R,09 Oct 1987,140 min,"Crime, Drama, Film-Noir",John Huston,"Bob Kane (characters), David S. Goyer (story), Christopher Nolan (screenplay), David S. Goyer (screenplay)","Russell Crowe, Joaquin Phoenix, Connie Nielsen, Oliver Reed",A bored and sheltered princess escapes her guardians and falls in love with an American newsman in Rome.,English,USA,1 win.,https://images-na.ssl-images-amazon.com/images/M/MV5BY2NkNTcxNjAtODhjMS00Mjg2LWI1OGItMjRhMGJlODBkZTVlL2ltYWdlL2ltYWdlXkEyXkFqcGdeQXVyNzAxMjE1NDg@._V1_SX300.jpg,Internet Movie Database,8.6/10,,8.1,"111,892",ID-527,movie,,,,,,,,,,,http://www.rottentomatoes.com/m/taxi_driver/,21 Nov 2000,,Walt Disney Pictures,,True
14,Aliens,1985,PG,22 Nov 1995,125 min,"Crime, Drama",Rob Reiner,"Christopher Nolan (screenplay), Jonathan Nolan (short story ""Memento Mori"")","Peter O'Toole, Alec Guinness, Anthony Quinn, Jack Hawkins","A former Prohibition-era Jewish gangster returns to the Lower East Side of Manhattan over thirty years later, where he once again must confront the ghosts and regrets of his old life.","English, Spanish",USA,Won 4 Oscars. Another 103 wins & 194 nominations.,https://images-na.ssl-images-amazon.com/images/M/MV5BNDc2ODQ5NTE2MV5BMl5BanBnXkFtZTcwODExMjUyNA@@._V1_SX300.jpg,Internet Movie Database,8.1/10,,8.6,"618,232",ID-528,movie,,,,,,,,,,,http://www.rottentomatoes.com/m/slumdog_millionaire/,11 Dec 2001,"$226,252,579",Miramax Films,,True
79,The Apartment,1974,APPROVED,11 Jun 1993,123 min,"Crime, Drama, History",David Lean,"Harper Lee (based on her novel ""To Kill a Mockingbird""), Horton Foote (screenplay)","Jason Flemyng, Dexter Fletcher, Nick Moran, Jason Statham","Luke Skywalker joins forces with a Jedi Knight, a cocky pilot, a wookiee and two droids to save the galaxy from the Empire's world-destroying battle-station, while also attempting to rescue Princess Leia from the evil Darth Vader.",English,USA,3 nominations.,https://images-na.ssl-images-amazon.com/images/M/MV5BMTI1MTY2OTIxNV5BMl5BanBnXkFtZTYwNjQ4NjY3._V1_SX300.jpg,Internet Movie Database,8.1/10,87,8.4,"1,427,451",ID-529,movie,,,,,,,,,,,http://www.rottentomatoes.com/m/to_kill_a_mockingbird/,21 Aug 2007,,United Artists,http://www.InterstellarMovie.com/,True
250,Papillon,1941,R,20 Nov 2015,116 min,Drama,Paul Thomas Anderson,"Daniel Wallace (novel), John August (screenplay)","Hugh Jackman, Jake Gyllenhaal, Viola Davis, Maria Bello","The story of 'Frank Abagnale Jr., before his 19th birthday, successfully forged millions of dollars' worth of checks while posing as a Pan Am pilot, a doctor, and legal prosecutor as a seasoned and dedicated FBI agent pursues him.",English,USA,3 wins & 5 nominations.,https://images-na.ssl-images-amazon.com/images/M/MV5BOTY0ZTA1ZjUtN2MyNi00ZGRmLWExYmMtOTkyNzI1NGQ2Y2RlXkEyXkFqcGdeQXVyNjc1NTYyMjg@._V1_SX300.jpg,Internet Movie Database,8.2/10,72,8.0,"441,642",ID-530,movie,,,,,,,,,,,http://www.rottentomatoes.com/m/1212910-warrior/,10 Nov 2009,,Miramax Films,,True
44,The Bourne Ultimatum,1943,APPROVED,08 Feb 1976,108 min,"Comedy, Romance",David Lean,Aaron Guzikowski,"Joseph Cotten, Alida Valli, Orson Welles, Trevor Howard","John McClane, officer of the NYPD, tries to save his wife Holly Gennaro and several others that were taken hostage by German terrorist Hans Gruber during a Christmas party at the Nakatomi Plaza in Los Angeles.","English, Italian, Spanish, Latin, Sicilian",USA,Nominated for 8 Oscars. Another 10 wins & 14 nominations.,https://images-na.ssl-images-amazon.com/images/M/MV5BMjIxMjgxNTk0MF5BMl5BanBnXkFtZTgwNjIyOTg2MDE@._V1_SX300.jpg,Internet Movie Database,8.1/10,90,8.3,"282,079",ID-531,movie,,,,,,,,,,,http://www.rottentomatoes.com/m/shawshank_redemption/,23 Oct 2001,,WARNER BROTHERS PICTURES,,True
78,Saving Private Ryan,1967,R,21 Sep 1990,138 min,Drama,Frank Darabont,"Jeff Nathanson (screenplay), Frank Abagnale Jr. (book), Stan Redding (book)","Anne Bancroft, Dustin Hoffman, Katharine Ross, William Daniels",A weatherman finds himself inexplicably living the same day over and over again.,English,USA,Won 1 Oscar. Another 92 wins & 104 nominations.,https://images-na.ssl-images-amazon.com/images/M/MV5BMWQ0ZGU3NDUtYjRkNS00Yzg4LTgxMTItMjExYjg3ZjgyMGRkXkEyXkFqcGdeQXVyNjU0OTQ0OTY@._V1_SX300.jpg,Internet Movie Database,8.3/10,94,8.3,"1,365,937",ID-532,movie,,,,,,,,,,,http://www.rottentomatoes.com/m/indiana_jones_and_the_last_crusade/,21 Nov 2000,"$30,029,105",WARNER BROTHERS PICTURES,http://www.lordoftherings.net/,True
164,Logan,1968,PG,31 Mar 1999,126 min,"Crime, Drama",John Sturges,"Thomas Keneally (book), Steven Zaillian (screenplay)","Jodie Foster, Lawrence A. Bonney, Kasi Lemmons, Lawrence T. Wrentz","After John Nash, a brilliant but asocial mathematician, accepts secret work in cryptography, his life takes a turn for the nightmarish.",English,USA,Nominated for 1 Oscar. Another 64 wins & 176 nominations.,https://images-na.ssl-images-amazon.com/images/M/MV5BMDE0MjYxYmMtM2VhMC00MjhiLTg5NjItMDkzZGM5MGVlYjMxL2ltYWdlL2ltYWdlXkEyXkFqcGdeQXVyNjc1NTYyMjg@._V1_SX300.jpg,Internet Movie Database,8.1/10,90,8.1,"44,192",ID-533,movie,,,,,,,,,,,http://www.rottentomatoes.com/m/star_wars/,30 Oct 1997,,Warner Bros. Pictures,,True
114,Pulp Fiction,2013,APPROVED,18 Nov 1983,118 min,"Animation, Adventure, Family",John Lasseter,"Richard Brooks (screenplay), James Poe (screenplay), Tennessee Williams (play)","Edward Asner, Christopher Plummer, Jordan Nagai, Bob Peterson","Fred Dobbs and Bob Curtin, two Americans searching for work in Mexico, convince an old prospector to help them mine for gold in the Sierra Madre Mountains.",English,USA,Won 1 Oscar. Another 92 wins & 104 nominations.,https://images-na.ssl-images-amazon.com/images/M/MV5BYzQ2OTk4N2QtOGQwNy00MmI3LWEwNmEtOTk0OTY3NDk2MGJkL2ltYWdlL2ltYWdlXkEyXkFqcGdeQXVyNjc1NTYyMjg@._V1_SX300.jpg,Internet Movie Database,8.1/10,70,8.2,"756,517",ID-534,movie,,,,,,,,,,,http://www.rottentomatoes.com/m/1019196-sleuth/,02 Dec 1999,"$151,058,124",20th Century Fox Film Corporat,http://www.foxsearchlight.com/12yearsaslave/,True
69,Rebecca,1999,R,25 Feb 1983,107 min,"Action, Thriller",Ridley Scott,"Anthony Shaffer (play), Anthony Shaffer (screenplay)","Woody Allen, Diane Keaton, Tony Roberts, Carol Kane","A Victorian surgeon rescues a heavily disfigured man who is mistreated while scraping a living as a side-show freak. Behind his monstrous facade, there is revealed a person of intelligence and sensitivity.","English, Esperanto","Germany, USA",Won 2 Oscars. Another 17 wins & 25 nominations.,https://images-na.ssl-images-amazon.com/images/M/MV5BNzk2M2Y3MzYtNGMzMi00Y2FjLTkwODQtNmExYWU3ZWY3NzExXkEyXkFqcGdeQXVyNTA4NzY1MzY@._V1_SX300.jpg,Internet Movie Database,8.0/10,,8.4,"49,038",ID-535,movie,,,,,,,,,,,http://www.rottentomatoes.com/m/1198124-shutter_island/,27 Aug 1997,,October Films,http://www.zoetrope.com/zoe_films.cgi?page=films&action=show_one&film_id=13,True
17,Spider-Man: Homecoming,1992,PG,07 Nov 2014,120 min,Drama,Morten Tyldum,"Jonathan Goldstein (screenplay), John Francis Daley (screenplay), Jon Watts (screenplay), Christopher Ford (screenplay), Chris McKenna (screenplay), Erik Sommers (screenplay), Jonathan Goldstein (screen story by), John Francis Daley (screen story by), Stan Lee (based on the Marvel comic book by), Steve Ditko (based on the Marvel comic book by), Joe Simon (character created by: Captain America), Jack Kirby (character created by: Captain America)","Kevin Spacey, Annette Bening, Thora Birch, Wes Bentley","A private eye escapes his past to run a gas station in a small town, but his past catches up with him. Now he must return to the big city world of danger, corruption, double crosses and duplicitous dames.","English, Hindi, Bengali",USA,Won 2 Oscars. Another 18 wins & 31 nominations.,https://images-na.ssl-images-amazon.com/images/M/MV5BMTAwMjU5OTgxNjZeQTJeQWpwZ15BbWU4MDUxNDYxODEx._V1_SX300.jpg,Internet Movie Database,8.0/10,92,8.6,"1,427,451",ID-536,movie,,,,,,,,,,,http://www.rottentomatoes.com/m/hotel_rwanda/,07 Sep 2004,,Paramount Pictures,,True
142,The Green Mile,1983,R,19 Sep 1997,130 min,Drama,Harold Ramis,"Dan O'Bannon (story), Ronald Shusett (story), Dan O'Bannon (screenplay)","Clint Eastwood, Hilary Swank, Morgan Freeman, Jay Baruchel","When a rich woman's ex-husband and a tabloid-type reporter turn up just before her planned remarriage, she begins to learn the truth about herself.","English, Russian","USA, UK",Nominated for 1 BAFTA Film Award. Another 38 wins & 101 nominations.,https://images-na.ssl-images-amazon.com/images/M/MV5BNzc5N2ZjNWMtNWVkZi00MzYyLTkxNjYtMzc0NjE0MDFjNGQ0XkEyXkFqcGdeQXVyNjc1NTYyMjg@._V1_SX300.jpg,Internet Movie Database,8.1/10,85,8.1,"49,038",ID-537,movie,,,,,,,,,,,http://www.rottentomatoes.com/m/taxi_driver/,01 Aug 2006,,Warner Bros.,http://wip.warnerbros.com/index.html?site=beforesunset,True
53,The Sting,1993,APPROVED,29 Jan 1960,113 min,"Crime, Drama",Richard Linklater,"Budd Schulberg (screenplay), Budd Schulberg (based upon an original story by), Malcolm Johnson (suggested by articles by)","Russell Crowe, Joaquin Phoenix, Connie Nielsen, Oliver Reed","A thief, who steals corporate secrets through use of dream-sharing technology, is given the inverse task of planting an idea into the mind of a CEO.",English,USA,Won 4 Oscars. Another 103 wins & 194 nominations.,https://images-na.ssl-images-amazon.com/images/M/MV5BNDE4OTMxMTctNmRhYy00NWE2LTg3YzItYTk3M2UwOTU5Njg4XkEyXkFqcGdeQXVyNjU0OTQ0OTY@._V1_SX300.jpg,Internet Movie Database,8.1/10,93,8.4,"756,517",ID-538,movie,,,,,,,,,,,http://www.rottentomatoes.com/m/guardians_of_the_galaxy_vol_2/,14 Dec 2004,,Miramax Films,http://www.mgm.com/title_title.php?title_star=NIGHTHUN,True
91,Chinatown,1981,R,23 Apr 2004,184 min,"Action, Adventure, Drama",Joseph L. Mankiewicz,"Carl Foreman (screenplay), John W. Cunningham (magazine story ""The Tin Star"")","Alan Howard, Noel Appleby, Sean Astin, Sala Baker","A tale of friendship between two unlikely pen pals: Mary, a lonely, eight-year-old girl living in the suburbs of Melbourne, and Max, a forty-four-year old, severely obese man living in New York.","English, Irish, Scottish Gaelic",USA,Nominated for 7 Oscars. Another 19 wins & 30 nominations.,https://images-na.ssl-images-amazon.com/images/M/MV5BMDgzYjQwMDMtNGUzYi00MTRmLWIyMGMtNjE1OGZkNzY2YWIzL2ltYWdlXkEyXkFqcGdeQXVyNjU0OTQ0OTY@._V1_SX300.jpg,Internet Movie Database,8.0/10,66,8.3,"298,035",ID-539,movie,,,,,,,,,,,http://www.rottentomatoes.com/m/shawshank_redemption/,31 Oct 2000,"$151,058,124",Paramount Pictures,http://www.thegrantorino.com/,True
141,The King's Speech,1979,G,18 Jul 2008,127 min,"Adventure, Drama, Thriller",Milos Forman,Andrew Niccol,"Charles Chaplin, Paulette Goddard, Henry Bergman, Tiny Sandford","An insomniac office worker, looking for a way to change his life, crosses paths with a devil-may-care soap maker, forming an underground fight club that evolves into something much, much more.","English, Italian",USA,Won 4 Oscars. Another 15 wins & 25 nominations.,https://images-na.ssl-images-amazon.com/images/M/MV5BMDY0NmI4ZjctN2VhZS00YzExLTkyZGItMTJhOTU5NTg4MDU4XkEyXkFqcGdeQXVyNjU0OTQ0OTY@._V1_SX300.jpg,Internet Movie Database,8.5/10,75,8.1,"65,987",ID-540,movie,,,,,,,,,,,http://www.rottentomatoes.com/m/scarface/,13 Jan 2015,"$380,529,370",Miramax Films,http://www.facebook.com/songoftheseamovie,True
144,The Straight Story,1983,R,27 Jun 2008,94 min,Drama,"Victor Fleming, George Cukor, Sam Wood","Richard Brooks (screenplay), James Poe (screenplay), Tennessee Williams (play)","Sally Kirkland, Anthony Ramirez, Ray LePere, Steve Reed","WWII American Army Medic Desmond T. Doss, who served during the Battle of Okinawa, refuses to kill people, and becomes the first man in American history to receive the Medal of Honor without firing a shot.","English, German, Hebrew, Spanish, Arabic, Nepali",USA,Won 6 Oscars. Another 231 wins & 208 nominations.,https://images-na.ssl-images-amazon.com/images/M/MV5BMTk0MDQ3MzAzOV5BMl5BanBnXkFtZTgwNzU1NzE3MjE@._V1_SX300.jpg,Internet Movie Database,8.4/10,97,8.1,"922,672",ID-541,movie,,,,,,,,,,,https://www.rottentomatoes.com/m/1021749-touch_of_evil,09 Nov 2004,"$158,737,441",20th Century Fox,,True
92,Star Wars: Episode V - The Empire Strikes Back,1921,G,02 Oct 2015,125 min,"Biography, Crime, Drama",John Sturges,"Lew Wallace (novel), Karl Tunberg (screenplay)","Emile Hirsch, Marcia Gay Harden, William Hurt, Jena Malone","Due to his insistence that he has an invisible six foot-tall rabbit for a best friend, a whimsical middle-aged man is thought by his family to be insane - but he may be wiser than anyone knows.","English, Vietnamese",USA,Nominated for 1 BAFTA Film Award. Another 13 wins & 7 nominations.,https://images-na.ssl-images-amazon.com/images/M/MV5BMGEyNzhkYzktMGMyZS00YzRiLWJlYjktZjJkOTU5ZDY0ZGI4XkEyXkFqcGdeQXVyNjUwNzk3NDc@._V1_SX300.jpg,Internet Movie Database,8.1/10,96,8.3,"461,312",ID-542,movie,,,,,,,,,,,http://www.rottentomatoes.com/m/rope/,26 Nov 2002,,Newmarket Film Group,,True
163,The Terminator,1993,R,19 Sep 1984,116 min,"Adventure, Family, Fantasy",Charles Chaplin,"James Mangold (story by), Scott Frank (screenplay), James Mangold (screenplay), Michael Green (screenplay)","Sunny Pawar, Abhishek Bharate, Priyanka Bose, Khushi Solanki","Seventy-eight year old Carl Fredricksen travels to Paradise Falls in his home equipped with balloons, inadvertently taking a young stowaway.",English,USA,Won 4 Oscars. Another 63 wins & 83 nominations.,https://images-na.ssl-images-amazon.com/images/M/MV5BOWQ0MjRmZmUtY2Q2Yi00ODcxLWE4NGMtMTNjMDY1YmUzMjVkXkEyXkFqcGdeQXVyNjc1NTYyMjg@._V1_SX300.jpg,Internet Movie Database,8.2/10,,8.1,"119,156",ID-543,movie,,,,,,,,,,,http://www.rottentomatoes.com/m/vertigo/,15 May 2001,,MGM,http://movies.go.com/moviesdynamic/movies/movie?id=505420,True
225,Unforgiven,1992,APPROVED,07 Mar 1941,118 min,"Horror, Mystery, Sci-Fi",John Sturges,"James Cameron, Gale Anne Hurd, William Wisher Jr. (additional dialogue)","Bette Davis, Anne Baxter, George Sanders, Celeste Holm","Karl Childers, a simple man hospitalized since his childhood murder of his mother and her lover, is released to start a new life in a small town.",English,USA,Won 1 Oscar. Another 41 wins & 142 nominations.,https://images-na.ssl-images-amazon.com/images/M/MV5BNmY0MWY2NDctZDdmMi00MjA1LTk0ZTQtZDMyZTQ1NTNlYzVjXkEyXkFqcGdeQXVyMjUzOTY1NTc@._V1_SX300.jpg,Internet Movie Database,8.1/10,73,8.0,"129,873",ID-544,movie,,,,,,,,,,,http://www.rottentomatoes.com/m/into_the_wild/,01 Mar 2016,,Cinedigm,,True
190,The Gold Rush,1952,R,24 Oct 1962,127 min,"Comedy, Fantasy, Romance",Francis Ford Coppola,Guy Ritchie,"Charlton Heston, Jack Hawkins, Haya Harareet, Stephen Boyd","In the antebellum United States, Solomon Northup, a free black man from upstate New York, is abducted and sold into slavery.",English,USA,Nominated for 1 Oscar. Another 9 wins & 29 nominations.,https://images-na.ssl-images-amazon.com/images/M/MV5BMDVjNjIwOGItNDE3Ny00OThjLWE0NzQtZTU3YjMzZTZjMzhkXkEyXkFqcGdeQXVyMTQxNzMzNDI@._V1_SX300.jpg,Internet Movie Database,8.0/10,82,8.1,"291,865",ID-545,movie,,,,,,,,,,,http://www.rottentomatoes.com/m/there_will_be_blood/,05 Jun 2001,,Warner Bros. Pictures,,True
68,Anatomy of a Murder,1997,NOT RATED,28 Oct 1998,92 min,"Action, Adventure, Sci-Fi",Alfred Hitchcock,"Steve Kloves (screenplay), J.K. Rowling (novel)","Ewan McGregor, Ewen Bremner, Jonny Lee Miller, Kevin McKidd","Karl Childers, a simple man hospitalized since his childhood murder of his mother and her lover, is released to start a new life in a small town.",English,"Australia, USA",Won 4 Oscars. Another 34 wins & 45 nominations.,https://images-na.ssl-images-amazon.com/images/M/MV5BOTMyMjEyNzIzMV5BMl5BanBnXkFtZTgwNzIyNjU0NzE@._V1_SX300.jpg,Internet Movie Database,8.8/10,71,8.3,"787,281",ID-546,movie,,,,,,,,,,,http://www.rottentomatoes.com/m/killing/,01 Aug 2000,,Paramount Pictures,http://www.theofficialjohncarpenter.com/pages/themovies/th/th.html,True
147,The King's Speech,2014,R,21 Jul 1958,108 min,"Drama, War",Gavin O'Connor,"Simon Beaufoy (screenplay), Vikas Swarup (novel)","Dustin Hoffman, Tom Cruise, Valeria Golino, Gerald R. Molen","A bitter, aging couple, with the help of alcohol, use a young couple to fuel anguish and emotional pain towards each other.","English, Japanese",USA,Nominated for 3 Golden Globes. Another 4 nominations.,https://images-na.ssl-images-amazon.com/images/M/MV5BMjA5NDQyMjc2NF5BMl5BanBnXkFtZTcwMjg5ODcyMw@@._V1_SX300.jpg,Internet Movie Database,8.0/10,74,8.1,"64,044",ID-547,movie,,,,,,,,,,,http://www.rottentomatoes.com/m/inception/,01 Jan 2000,,MGM,,True
149,The Revenant,1988,R,06 Jul 1994,149 min,"Biography, Drama, History",Brian De Palma,"Erich Maria Remarque (by), Maxwell Anderson (adaptation), George Abbott (screen play), Del Andrews (adaptation), C. Gardner Sullivan (supervising story chief)","Judy Garland, Frank Morgan, Ray Bolger, Bert Lahr",A team of explorers travel through a wormhole in space in an attempt to ensure humanity's survival.,"English, German, Italian",USA,Nominated for 7 Oscars. Another 19 wins & 30 nominations.,https://images-na.ssl-images-amazon.com/images/M/MV5BMDQ2YzEyZGItYWRhOS00MjBmLTkzMDUtMTdjYzkyMmQxZTJlXkEyXkFqcGdeQXVyNjU0OTQ0OTY@._V1_SX300.jpg,Internet Movie Database,8.0/10,,8.1,"537,323",ID-548,movie,,,,,,,,,,,http://www.rottentomatoes.com/m/la_la_land/,11 Nov 2011,,Loew's Inc.,http://www.theofficialjohncarpenter.com/pages/themovies/th/th.html,True
172,Platoon,2017,PG,25 Jun 1982,146 min,"Horror, Sci-Fi",Mel Gibson,"Hubert Selby Jr. (based on the book by), Hubert Selby Jr. (screenplay), Darren Aronofsky (screenplay)","Gene Tierney, Dana Andrews, Clifton Webb, Vincent Price","A hapless New York advertising executive is mistaken for a government agent by a group of foreign spies, and is pursued across the country while he looks for a way to survive.","English, Japanese, French",USA,Nominated for 1 Oscar. Another 23 wins & 32 nominations.,https://images-na.ssl-images-amazon.com/images/M/MV5BNmNmZjViNTQtNDQ5Mi00MDYzLWI5YWMtNDUyZGNmMGZhNDg4XkEyXkFqcGdeQXVyNTA4NzY1MzY@._V1_SX300.jpg,Internet Movie Database,8.1/10,84,8.1,"344,326",ID-549,movie,,,,,,,,,,,http://www.rottentomatoes.com/m/alien/,15 Oct 2010,,Sony Pictures,,True
245,Batman Begins,1968,R,01 Jun 1984,113 min,Horror,Otto Preminger,Randall Wallace,"Tim Roth, Amanda Plummer, Laura Lovelace, John Travolta",A prospector goes to the Klondike in search of gold and finds it and more.,English,"Australia, USA",Won 2 Oscars. Another 9 wins & 5 nominations.,https://images-na.ssl-images-amazon.com/images/M/MV5BZDVhMTk1NjUtYjc0OS00OTE1LTk1NTYtYWMzMDI5OTlmYzU2XkEyXkFqcGdeQXVyNjc1NTYyMjg@._V1_SX300.jpg,Internet Movie Database,8.7/10,81,8.0,"787,281",ID-550,movie,,,,,,,,,,,http://www.rottentomatoes.com/m/schindlers_list/,27 Aug 1997,,Paramount Vantage,http://thewizardofoz.warnerbros.com/,True
113,Beauty and the Beast,2017,R,06 Sep 1946,95 min,"Mystery, Thriller",Tom Hooper,Andrew Niccol,"Emile Hirsch, Marcia Gay Harden, William Hurt, Jena Malone",A man juggles searching for his wife's murderer and keeping his short-term memory loss from being an obstacle.,English,USA,Nominated for 5 Oscars. Another 8 wins & 26 nominations.,https://images-na.ssl-images-amazon.com/images/M/MV5BMTk4ODk5MTMyNV5BMl5BanBnXkFtZTcwMDMyNTg0Ng@@._V1_SX300.jpg,Internet Movie Database,8.0/10,,8.2,"462,767",ID-551,movie,,,,,,,,,,,http://www.rottentomatoes.com/m/terminator_2_judgment_day/,15 May 2001,"$60,962,878",Warner Bros.,,True
223,Double Indemnity,1968,NOT RATED,22 Jun 1954,88 min,"Action, Adventure, Fantasy",Andrew Stanton,"Jules Furthman (screenplay), Leigh Brackett (screenplay), B.H. McCampbell (short story)","Natalie Portman, Hugo Weaving, Stephen Rea, Stephen Fry",A man refuses to conform to life in a rural prison.,English,USA,Won 3 Oscars. Another 16 wins & 21 nominations.,https://images-na.ssl-images-amazon.com/images/M/MV5BZTYwYjYxYzgtMDE1Ni00NzU4LWJlMTEtODQ5YmJmMGJhZjI5L2ltYWdlXkEyXkFqcGdeQXVyMDI2NDg0NQ@@._V1_SX300.jpg,Internet Movie Database,8.2/10,61,8.0,"519,405",ID-552,movie,,,,,,,,,,,http://www.rottentomatoes.com/m/patton/,25 Sep 1997,,Warner Bros. Pictures,http://www.lordoftherings.net/,True
105,In the Name of the Father,1941,UNRATED,01 Nov 1944,160 min,"Comedy, Romance","Pete Docter, Bob Peterson","Keir Pearson, Terry George","Anne Bancroft, Dustin Hoffman, Katharine Ross, William Daniels","WWII American Army Medic Desmond T. Doss, who served during the Battle of Okinawa, refuses to kill people, and becomes the first man in American history to receive the Medal of Honor without firing a shot.",English,"USA, UK, Germany",Won 2 Oscars. Another 4 wins & 10 nominations.,https://images-na.ssl-images-amazon.com/images/M/MV5BN2EyZjM3NzUtNWUzMi00MTgxLWI0NTctMzY4M2VlOTdjZWRiXkEyXkFqcGdeQXVyNDUzOTQ5MjY@._V1_SX300.jpg,Internet Movie Database,8.0/10,,8.3,"943,314",ID-553,movie,,,,,,,,,,,http://www.rottentomatoes.com/m/american_beauty/,31 Mar 2015,,RKO Radio Pictures,,True
182,Batman Begins,2006,R,25 Dec 2010,106 min,"Action, Adventure, Fantasy",Stanley Kubrick,Adam Elliot,"Fred MacMurray, Barbara Stanwyck, Edward G. Robinson, Porter Hall",A former prisoner of war is brainwashed as an unwitting assassin for an international Communist conspiracy.,English,"USA, UK",Won 2 Oscars. Another 17 wins & 25 nominations.,https://images-na.ssl-images-amazon.com/images/M/MV5BZjQxYmRkMjgtMmZkZi00ZDYyLTk5OTktZWZjZTEzNGZlMWEwXkEyXkFqcGdeQXVyNDYyMDk5MTU@._V1_SX300.jpg,Internet Movie Database,8.1/10,82,8.0,"665,521",ID-554,movie,,,,,,,,,,,http://www.rottentomatoes.com/m/sling_blade/,29 Jun 1999,"$74,223,625",Warner Home Video,http://www.mgm.com/title_title.php?title_star=MANCHURI,True
135,Touch of Evil,2017,NOT RATED,20 Jul 1988,96 min,"Biography, Drama, History",Billy Wilder,"Jonathan Nolan, Christopher Nolan","Carl Miller, Edna Purviance, Jackie Coogan, Charles Chaplin",A blade runner must pursue and try to terminate four replicants who stole a ship in space and have returned to Earth to find their creator.,"English, French",USA,Won 1 Oscar. Another 92 wins & 104 nominations.,https://images-na.ssl-images-amazon.com/images/M/MV5BZGRjZjQ0NzAtYmZlNS00Zjc1LTk1YWItMDY5YzQxMzA4MTAzXkEyXkFqcGdeQXVyMjI4MjA5MzA@._V1_SX300.jpg,Internet Movie Database,8.5/10,69,8.2,"729,653",ID-555,movie,,,,,,,,,,,http://www.rottentomatoes.com/m/the_dark_knight_rises/,04 May 2004,"$448,130,642",Warner Bros. Pictures,http://www.foxmovies.com/index1.html,True
90,Braveheart,1968,PG,15 Aug 1979,110 min,"Action, Crime, Drama",James Cameron,"James Warner Bellah (screenplay), Willis Goldbeck (screenplay), Dorothy M. Johnson (based on the story by)","Marlon Brando, Karl Malden, Lee J. Cobb, Rod Steiger","A young woman whose father has been imprisoned by a terrifying beast offers herself in his place, unaware that her captor is actually a prince, physically altered by a magic spell.",English,USA,4 wins & 17 nominations.,https://images-na.ssl-images-amazon.com/images/M/MV5BODE1MDczNTUxOV5BMl5BanBnXkFtZTcwMTA0NDQyNA@@._V1_SX300.jpg,Internet Movie Database,8.1/10,,8.2,"580,090",ID-556,movie,,,,,,,,,,,http://www.rottentomatoes.com/m/1037756-jfk/,03 Nov 1998,,Paramount Pictures,http://movies.disney.com/zootopia,True
166,Paths of Glory,1978,R,05 Apr 1996,95 min,Drama,Mike Nichols,"Woody Allen, Marshall Brickman","Cary Grant, Eva Marie Saint, James Mason, Jessie Royce Landis","An epic mosaic of interrelated characters in search of love, forgiveness, and meaning in the San Fernando Valley.","English, Spanish, German",UK,Nominated for 2 Oscars. Another 23 wins & 99 nominations.,https://images-na.ssl-images-amazon.com/images/M/MV5BYzVlMWViZGEtYjEyYy00YWZmLThmZGEtYmM4MDZlN2Q5MmRmXkEyXkFqcGdeQXVyMTQxNzMzNDI@._V1_SX300.jpg,Internet Movie Database,8.3/10,,8.1,"83,393",ID-557,movie,,,,,,,,,,,http://www.rottentomatoes.com/m/jurassic_park/,26 Nov 2002,,Walt Disney Pictures,,True
243,The King's Speech,1978,PG-13,31 Aug 1946,139 min,"Biography, Drama, History",Giuseppe Tornatore,"Walon Green (screenplay), Sam Peckinpah (screenplay), Walon Green (story), Roy N. Sickner (story)","Tom Hanks, David Morse, Michael Clarke Duncan, Bonnie Hunt",Earth's mightiest heroes must come together and learn to fight as a team if they are to stop the mischievous Loki and his alien army from enslaving humanity.,English,"France, USA",Won 2 Oscars. Another 22 wins & 55 nominations.,https://images-na.ssl-images-amazon.com/images/M/MV5BOTgxMDQwMDk0OF5BMl5BanBnXkFtZTgwNjU5OTg2NDE@._V1_SX300.jpg,Internet Movie Database,8.2/10,,8.0,"103,963",ID-558,movie,,,,,,,,,,,http://www.rottentomatoes.com/m/1003707-casablanca/,01 Sep 2015,,MGM,http://www.grandbudapesthotel.com/,True
1,Interstellar,1999,PG-13,20 Jun 1975,170 min,"Adventure, Drama, War",Clint Eastwood,"Stanley Kubrick (screenplay), Anthony Burgess (novel)","Cary Grant, Priscilla Lane, Raymond Massey, Jack Carson","In the distant future, a small waste-collecting robot inadvertently embarks on a space journey that will ultimately decide the fate of mankind.","English, Swahili, Xhosa, Zulu",USA,Won 3 Oscars. Another 10 wins & 17 nominations.,https://images-na.ssl-images-amazon.com/images/M/MV5BZWFlYmY2MGEtZjVkYS00YzU4LTg0YjQtYzY1ZGE3NTA5NGQxXkEyXkFqcGdeQXVyMTQxNzMzNDI@._V1_SX300.jpg,Internet Movie Database,8.1/10,,9.3,"37,689",ID-559,movie,,,,,,,,,,,http://www.rottentomatoes.com/m/song_of_the_sea_2014/,29 Aug 2000,,Paramount Home Video,http://theexorcist.warnerbros.com/,True
190,The Thing,2017,UNRATED,06 Jul 1994,121 min,Drama,Frank Darabont,Ernest Lehman (screenplay),"Ben Affleck, Rosamund Pike, Neil Patrick Harris, Tyler Perry","Disgruntled Korean War veteran Walt Kowalski sets out to reform his neighbor, a Hmong teenager who tried to steal Kowalski's prized possession: a 1972 Gran Torino.","English, Spanish",USA,Won 3 Oscars. Another 5 wins & 8 nominations.,https://images-na.ssl-images-amazon.com/images/M/MV5BNWE4OTNiM2ItMjY4Ni00ZTViLWFiZmEtZGEyNGY2ZmNlMzIyXkEyXkFqcGdeQXVyMDU5NDcxNw@@._V1_SX300.jpg,Internet Movie Database,8.1/10,,8.1,"26,025",ID-560,movie,,,,,,,,,,,http://www.rottentomatoes.com/m/snatch/,30 Sep 2003,,Columbia Pictures,,True
184,Aliens,1946,R,18 Dec 1975,136 min,"Crime, Drama",Francis Ford Coppola,"Pete Docter (original story by), Ronnie Del Carmen (original story by), Pete Docter (screenplay), Meg LeFauve (screenplay), Josh Cooley (screenplay), Michael Arndt (additional story material by), Bill Hader (additional dialogue by), Amy Poehler (additional dialogue by), Simon Rich (additional story material by)","Jessica Alba, Devon Aoki, Alexis Bledel, Powers Boothe","Fred Dobbs and Bob Curtin, two Americans searching for work in Mexico, convince an old prospector to help them mine for gold in the Sierra Madre Mountains.",English,USA,Won 1 Oscar. Another 3 wins & 9 nominations.,https://images-na.ssl-images-amazon.com/images/M/MV5BNjI5N2Y4YWEtYThmOC00ODA0LTlhMGYtNmE3MmVmNjNhYWQyXkEyXkFqcGdeQXVyMDI2NDg0NQ@@._V1_SX300.jpg,Internet Movie Database,8.3/10,96,8.1,"622,498",ID-561,movie,,,,,,,,,,,http://www.rottentomatoes.com/m/secrets-of-the-great-wall2004/,31 Aug 1999,,The Weinstein Company,http://TheMartianMovie.com,True
63,The Lord of the Rings: The Fellowship of the Ring,2005,PG-13,25 Feb 1994,94 min,"Action, Adventure, Fantasy",Francis Ford Coppola,Paddy Chayefsky,"Gene Wilder, Peter Boyle, Marty Feldman, Madeline Kahn","A private detective hired to expose an adulterer finds himself caught up in a web of deceit, corruption, and murder.","English, Latin",USA,Nominated for 5 Oscars. Another 51 wins & 115 nominations.,https://images-na.ssl-images-amazon.com/images/M/MV5BMjA0ODU0OTQ5N15BMl5BanBnXkFtZTgwMzYzMzIxMDE@._V1_SX300.jpg,Internet Movie Database,8.0/10,86,8.2,"754,842",ID-562,movie,,,,,,,,,,,http://www.rottentomatoes.com/m/1067987-casino/,30 Oct 1997,,Orion Pictures Corporation,,True
92,The Lord of the Rings: The Fellowship of the Ring,1980,R,31 Aug 1946,106 min,"Animation, Action, Adventure",Bob Clark,"Ted Elliott (screen story), Terry Rossio (screen story), Stuart Beattie (screen story), Jay Wolpert (screen story), Ted Elliott (screenplay), Terry Rossio (screenplay)","Gregory Peck, John Megna, Frank Overton, Rosemary Murphy","Seventy-eight year old Carl Fredricksen travels to Paradise Falls in his home equipped with balloons, inadvertently taking a young stowaway.","English, German, French","USA, UK",Won 2 Oscars. Another 14 wins & 15 nominations.,https://images-na.ssl-images-amazon.com/images/M/MV5BMTY5MzYzNjc5NV5BMl5BanBnXkFtZTYwNTUyNTc2._V1_SX300.jpg,Internet Movie Database,8.1/10,,8.2,"80,730",ID-563,movie,,,,,,,,,,,http://www.rottentomatoes.com/m/room_2015/,06 Mar 2001,"$67,115,062",RKO Radio Pictures,http://www.thepianistmovie.com/,True
202,The Great Dictator,1977,R,07 Mar 1931,121 min,"Animation, Adventure, Drama",John Lasseter,"Charles Brackett, Billy Wilder, D.M. Marshman Jr.","Daniel Day-Lewis, Martin Stringer, Matthew Braden Stringer, Jacob Stringer","During World War II, mathematician Alan Turing tries to crack the enigma code with help from fellow mathematicians.","English, Spanish",USA,33 wins & 51 nominations.,https://images-na.ssl-images-amazon.com/images/M/MV5BMDE5ZjAwY2YtOWM5Yi00ZWNlLWE5ODQtYjA4NzA1NGFkZDU5XkEyXkFqcGdeQXVyNjc1NTYyMjg@._V1_SX300.jpg,Internet Movie Database,8.1/10,86,8.0,"110,576",ID-564,movie,,,,,,,,,,,http://www.rottentomatoes.com/m/before_sunrise/,11 Jul 2000,,Buena Vista Pictures,http://www.lalaland.movie/,True
146,The Hustler,2015,R,21 Nov 2007,160 min,Drama,Billy Wilder,"John Lasseter (original story by), Pete Docter (original story by), Andrew Stanton (original story by), Joe Ranft (original story by), Joss Whedon (screenplay), Andrew Stanton (screenplay), Joel Cohen (screenplay), Alec Sokolow (screenplay)","Mark Hamill, Harrison Ford, Carrie Fisher, Peter Cushing","The youngest son of an alcoholic former boxer returns home, where he's trained by his father for competition in a mixed martial arts tournament - a path that puts the fighter on a collision course with his estranged, older brother.","English, Spanish","UK, France, West Germany",Nominated for 1 Oscar. Another 3 wins & 9 nominations.,https://images-na.ssl-images-amazon.com/images/M/MV5BY2FmODc2N2QtYmY3MS00YTMwLWI2NGYtZWRmYWVkNjFjZmI0XkEyXkFqcGdeQXVyNTMxMjgxMzA@._V1_SX300.jpg,Internet Movie Database,8.5/10,,8.1,"122,177",ID-565,movie,,,,,,,,,,,http://www.rottentomatoes.com/m/the_help/,21 Nov 2000,,Turner Entertainment,,True
64,Singin' in the Rain,1985,GP,06 Sep 1946,116 min,"Biography, Crime, Drama",Stuart Rosenberg,"Raymond Chandler (screen play), Czenzi Ormonde (screen play), Whitfield Cook (adaptation), Patricia Highsmith (from the novel by)","Bob Geldof, Christine Hargreaves, James Laurenson, Eleanor David","After his son is captured in the Great Barrier Reef and taken to Sydney, a timid clownfish sets out on a journey to bring him home.",English,"UK, USA",Nominated for 1 Oscar. Another 4 wins & 11 nominations.,https://images-na.ssl-images-amazon.com/images/M/MV5BZGY5Y2RjMmItNDg5Yy00NjUwLThjMTEtNDc2OGUzNTBiYmM1XkEyXkFqcGdeQXVyNjU0OTQ0OTY@._V1_SX300.jpg,Internet Movie Database,8.4/10,75,8.3,"58,327",ID-566,movie,,,,,,,,,,,http://www.rottentomatoes.com/m/monty_python_and_the_holy_grail/,31 Mar 2009,"$132,300,000",The Weinstein Company,,True
159,The Revenant,2012,APPROVED,20 Jul 1988,93 min,"Crime, Drama, Mystery",Stuart Rosenberg,Peter Morgan,"Jack Nicholson, Faye Dunaway, John Huston, Perry Lopez",The desperate life of a chronic alcoholic is followed through a four-day drinking bout.,"English, German",USA,Won 6 Oscars. Another 17 wins & 17 nominations.,https://images-na.ssl-images-amazon.com/images/M/MV5BMTYyMzM3MzgyNV5BMl5BanBnXkFtZTcwMTI4MzUyMQ@@._V1_SX300.jpg,Internet Movie Database,8.5/10,78,8.1,"52,602",ID-567,movie,,,,,,,,,,,http://www.rottentomatoes.com/m/graduate/,09 Jun 2009,,VCI,,True
187,Song of the Sea,1976,APPROVED,17 Jan 1940,178 min,"Action, Thriller",Stanley Kramer,"Thomas Keneally (book), Steven Zaillian (screenplay)","Al Pacino, Robert De Niro, Val Kilmer, Jon Voight",A criminal pleads insanity after getting into trouble again and once in the mental institution rebels against the oppressive nurse and rallies up the scared patients.,"English, Russian, Vietnamese, French",USA,Won 8 Oscars. Another 21 wins & 9 nominations.,https://images-na.ssl-images-amazon.com/images/M/MV5BMTYyNjgwMDg4NF5BMl5BanBnXkFtZTgwNTQ5MTM4MTE@._V1_SX300.jpg,Internet Movie Database,8.0/10,,8.1,"589,975",ID-568,movie,,,,,,,,,,,http://www.rottentomatoes.com/m/blood_diamond/,01 Jul 1998,,Warner Home Video,http://https://www.facebook.com/SavingPrivateRyanMovie,True
23,"Lock, Stock and Two Smoking Barrels",1979,PG,20 Jun 1980,94 min,"Action, Drama, Western",Martin Scorsese,"Buster Keaton, Clyde Bruckman, Al Boasberg (adapted by), Charles Henry Smith (adapted by)","Tom Hanks, Tim Allen, Joan Cusack, Ned Beatty","Renton, deeply immersed in the Edinburgh drug scene, tries to clean up and get out, despite the allure of the drugs and influence of friends.",English,USA,Won 1 Golden Globe. Another 1 win & 4 nominations.,https://images-na.ssl-images-amazon.com/images/M/MV5BMjI2MTQwNDI3Nl5BMl5BanBnXkFtZTcwNDk4MTkzNA@@._V1_SX300.jpg,Internet Movie Database,8.2/10,,8.8,"856,870",ID-569,movie,,,,,,,,,,,http://www.rottentomatoes.com/m/forrest_gump/,28 Aug 2001,,Paramount Pictures,,True
69,Song of the Sea,1986,R,06 Jul 1944,102 min,"Drama, History, Romance",Mel Gibson,"Lew Wallace (novel), Karl Tunberg (screenplay)","Joel Edgerton, Tom Hardy, Nick Nolte, Jennifer Morrison",A psychotic socialite confronts a pro tennis star with a theory on how two complete strangers can get away with murder - a theory that he plans to implement.,English,USA,Won 2 Oscars. Another 17 wins & 25 nominations.,https://images-na.ssl-images-amazon.com/images/M/MV5BMTkwNTg2MTI1NF5BMl5BanBnXkFtZTcwMDM1MzUyMQ@@._V1_SX300.jpg,Internet Movie Database,8.1/10,81,8.3,"664,418",ID-570,movie,,,,,,,,,,,http://www.rottentomatoes.com/m/the_dark_knight/,23 Nov 1999,,Universal Pictures,,True
117,The Sixth Sense,1991,R,10 Jul 1987,97 min,"Comedy, Crime",Steven Spielberg,"William Faulkner (screen play), Leigh Brackett (screen play), Jules Furthman (screen play), Raymond Chandler (from the novel by)","James Robinson, Sean Lawlor, Sandy Nelson, James Cosmo","Marty McFly, a 17-year-old high school student, is accidentally sent 30 years into the past in a time-traveling DeLorean invented by his close friend, the maverick scientist Doc Brown.","English, Japanese, Thai","USA, UK",Won 1 Oscar. Another 1 win & 4 nominations.,https://images-na.ssl-images-amazon.com/images/M/MV5BNjUyMTc4MDExMV5BMl5BanBnXkFtZTgwNDg0NDIwMjE@._V1_SX300.jpg,Internet Movie Database,8.1/10,58,8.2,"158,254",ID-571,movie,,,,,,,,,,,http://www.rottentomatoes.com/m/la_la_land/,01 Aug 2006,,Universal Pictures,,True
146,Who's Afraid of Virginia Woolf?,1941,R,16 Dec 1988,119 min,"Action, Adventure, Western",Peter Bogdanovich,"John Michael Hayes (screenplay), Cornell Woolrich (based on the short story by)","Joseph Cotten, Alida Valli, Orson Welles, Trevor Howard","A baby boy, discovered in 1900 on an ocean liner, grows into a musical prodigy, never setting foot on land.",English,USA,Won 1 Oscar. Another 37 wins & 35 nominations.,https://images-na.ssl-images-amazon.com/images/M/MV5BN2Y2OWU4MWMtNmIyMy00YzMyLWI0Y2ItMTcyZDc3MTdmZDU4XkEyXkFqcGdeQXVyMTQxNzMzNDI@._V1_SX300.jpg,Internet Movie Database,8.5/10,100,8.1,"643,205",ID-572,movie,,,,,,,,,,,http://www.rottentomatoes.com/m/stand_by_me_1986/,19 Mar 2002,,Warner Bros. Pictures,,True
202,Singin' in the Rain,1974,R,11 Dec 1962,95 min,"Animation, Drama, Fantasy",Gus Van Sant,"Peter Benchley (screenplay), Carl Gottlieb (screenplay), Peter Benchley (based on the novel by)","Sunny Pawar, Abhishek Bharate, Priyanka Bose, Khushi Solanki","After a daring mission to rescue Han Solo from Jabba the Hutt, the rebels dispatch to Endor to destroy a more powerful Death Star. Meanwhile, Luke struggles to help Vader back from the dark side without falling into the Emperor's trap.","English, German",USA,Nominated for 1 Oscar. Another 9 wins & 29 nominations.,https://images-na.ssl-images-amazon.com/images/M/MV5BYzVlMWViZGEtYjEyYy00YWZmLThmZGEtYmM4MDZlN2Q5MmRmXkEyXkFqcGdeQXVyMTQxNzMzNDI@._V1_SX300.jpg,Internet Movie Database,8.5/10,,8.0,"535,118",ID-573,movie,,,,,,,,,,,http://www.rottentomatoes.com/m/eternal_sunshine_of_the_spotless_mind/,23 Oct 2001,,Criterion Collection,http://www.bttfmovie.com/,True
28,Some Like It Hot,1970,APPROVED,09 Sep 2011,131 min,"Action, Crime, Thriller",John Ford,George Lucas,"William Holden, Don Taylor, Otto Preminger, Robert Strauss",An up-and-coming pool player plays a long-time champion in a single high-stakes match.,"English, Spanish",USA,Won 4 Oscars. Another 22 wins & 22 nominations.,https://images-na.ssl-images-amazon.com/images/M/MV5BMTkxNzA1NDQxOV5BMl5BanBnXkFtZTcwNTkyMTIzMw@@._V1_SX300.jpg,Internet Movie Database,8.5/10,70,8.7,"519,405",ID-574,movie,,,,,,,,,,,http://www.rottentomatoes.com/m/lawrence_of_arabia/,27 Apr 2004,"$533,316,061",Buena Vista Pictures,,True
149,The Exorcist,1993,PG,05 Jun 1998,122 min,"Drama, Sport",William Wyler,"Agatha Christie (in Agatha Christie's international stage success), Billy Wilder (screen play), Harry Kurnitz (screen play), Lawrence B. Marcus (adaptation)","Keir Dullea, Gary Lockwood, William Sylvester, Daniel Richter",An ingenue insinuates herself into the company of an established but aging stage actress and her circle of theater friends.,"English, French","USA, Germany",Won 2 Oscars. Another 59 wins & 91 nominations.,https://images-na.ssl-images-amazon.com/images/M/MV5BYWY1ZWQ5YjMtMDE0MS00NWIzLWE1M2YtODYzYTk2OTNlYWZmXkEyXkFqcGdeQXVyNDUyOTg3Njg@._V1_SX300.jpg,Internet Movie Database,8.0/10,,8.1,"909,341",ID-575,movie,,,,,,,,,,,http://www.rottentomatoes.com/m/star_wars_episode_vii_the_force_awakens/,13 Feb 2007,"$13,600,000",Buena Vista Pictures,http://www.sincitythemovie.com/,True
231,Rain Man,2000,R,06 Oct 2006,112 min,"Drama, Romance",Charles Chaplin,"Agatha Christie (in Agatha Christie's international stage success), Billy Wilder (screen play), Harry Kurnitz (screen play), Lawrence B. Marcus (adaptation)","Leonardo DiCaprio, Jonah Hill, Margot Robbie, Matthew McConaughey","King Arthur and his knights embark on a low-budget search for the Grail, encountering many, very silly obstacles.",English,USA,Nominated for 1 Oscar. Another 6 wins & 20 nominations.,https://images-na.ssl-images-amazon.com/images/M/MV5BZGRjZjQ0NzAtYmZlNS00Zjc1LTk1YWItMDY5YzQxMzA4MTAzXkEyXkFqcGdeQXVyMjI4MjA5MzA@._V1_SX300.jpg,Internet Movie Database,8.4/10,,8.0,"113,296",ID-576,movie,,,,,,,,,,,http://www.rottentomatoes.com/m/1013139-maltese_falcon/,13 Mar 2001,,Walt Disney Pictures,,True
151,The Exorcist,1960,R,08 Jul 1977,85 min,"Adventure, Drama, Fantasy",Steven Spielberg,"Joss Whedon (screenplay), Zak Penn (story), Joss Whedon (story)","Sterling Hayden, Coleen Gray, Vince Edwards, Jay C. Flippen",A distant poor relative of the Duke of D'Ascoyne plots to inherit the title by murdering the eight other heirs who stand ahead of him in the line of succession.,English,USA,Nominated for 6 Oscars. Another 2 wins & 10 nominations.,https://images-na.ssl-images-amazon.com/images/M/MV5BY2FmODc2N2QtYmY3MS00YTMwLWI2NGYtZWRmYWVkNjFjZmI0XkEyXkFqcGdeQXVyNTMxMjgxMzA@._V1_SX300.jpg,Internet Movie Database,8.6/10,94,8.1,"281,843",ID-577,movie,,,,,,,,,,,http://www.rottentomatoes.com/m/apocalypse_now/,06 Feb 2001,,New Line Cinema,http://www.foxmovies.com/fightclub/,True
150,The Bridge on the River Kwai,1949,R,12 Jul 1973,117 min,Drama,Henry Selick,"Robert Zemeckis, Bob Gale","Alan Howard, Noel Appleby, Sean Astin, Sala Baker","After a space merchant vessel perceives an unknown transmission as a distress call, its landing on the source moon finds one of the crew attacked by a mysterious life-form, and they soon realize that its life cycle has merely begun.",English,"UK, USA",4 wins & 17 nominations.,https://images-na.ssl-images-amazon.com/images/M/MV5BNTk4ODQ1MzgzNl5BMl5BanBnXkFtZTgwMTMyMzM4MTI@._V1_SX300.jpg,Internet Movie Database,8.0/10,,8.1,"490,860",ID-578,movie,,,,,,,,,,,http://www.rottentomatoes.com/m/1009261-harvey/,02 Mar 2004,,Warner Bros. Pictures,,True
153,All Quiet on the Western Front,2002,R,27 Oct 1961,129 min,"Biography, Drama, History",Charles Chaplin,"Linda Woolverton (animation screenplay by), Brenda Chapman (story), Chris Sanders (story), Burny Mattinson (story), Kevin Harkey (story), Brian Pimental (story), Bruce Woodside (story), Joe Ranft (story), Tom Ellery (story), Kelly Asbury (story), Robert Lence (story)","Matt Damon, Jessica Chastain, Kristen Wiig, Jeff Daniels","A mentally unstable Vietnam War veteran works as a night-time taxi driver in New York City where the perceived decadence and sleaze feeds his urge for violent action, while attempting to save a preadolescent prostitute in the process.","English, Cantonese",USA,Nominated for 1 Oscar. Another 14 wins & 37 nominations.,https://images-na.ssl-images-amazon.com/images/M/MV5BMTgxNzY3MzUxOV5BMl5BanBnXkFtZTcwMDA0NjMyNA@@._V1_SX300.jpg,Internet Movie Database,8.1/10,67,8.1,"727,405",ID-579,movie,,,,,,,,,,,http://www.rottentomatoes.com/m/star_wars_episode_vii_the_force_awakens/,02 Dec 1999,,Warner Bros. Pictures,http://www.eternalsunshine.com/,True
125,The Message,1950,NOT RATED,17 Jun 1947,143 min,"Action, Drama, Western",Stanley Kubrick,"Christopher De Vore (screenplay), Eric Bergren (screenplay), David Lynch (screenplay), Frederick Treves (book), Ashley Montagu (in part on the book ""The Elephant Man: A Study in Human Dignity"")","Christian Bale, Gary Oldman, Tom Hardy, Joseph Gordon-Levitt","After settling his differences with a Japanese PoW camp commander, a British colonel co-operates to oversee his men's construction of a railway bridge for their captors - while oblivious to a plan by the Allies to destroy it.","English, Cantonese",USA,12 nominations.,https://images-na.ssl-images-amazon.com/images/M/MV5BMTY1NTI0ODUyOF5BMl5BanBnXkFtZTgwNTEyNjQ0MDE@._V1_SX300.jpg,Internet Movie Database,8.0/10,74,8.2,"65,649",ID-580,movie,,,,,,,,,,,http://www.rottentomatoes.com/m/up/,28 Jan 2014,"$656,161",Sony Pictures Home Entertainment,http://www.zoetrope.com/zoe_films.cgi?page=films&action=show_one&film_id=13,True
147,Gran Torino,1985,PG-13,27 Jan 1995,118 min,"Adventure, Drama, Sci-Fi",Barry Levinson,"Simon Beaufoy (screenplay), Vikas Swarup (novel)","Jim Carrey, Laura Linney, Noah Emmerich, Natascha McElhone","When two male musicians witness a mob hit, they flee the state in an all-female band disguised as women, but further complications set in.","English, Italian",USA,Nominated for 3 Oscars. Another 38 wins & 66 nominations.,https://images-na.ssl-images-amazon.com/images/M/MV5BMTY2MTAzODI5NV5BMl5BanBnXkFtZTgwMjM4NzQ0MjE@._V1_SX300.jpg,Internet Movie Database,8.1/10,58,8.1,"643,205",ID-581,movie,,,,,,,,,,,http://www.rottentomatoes.com/m/paris_texas/,10 Nov 2009,"$314,000,000",United Artists,http://www.thebourneultimatum.com/,True
160,The Dark Knight Rises,1939,APPROVED,,172 min,"Comedy, Drama, Sci-Fi",Franklin J. Schaffner,Lars von Trier,"Don Cheadle, Xolani Mali, Desmond Dube, Hakeem Kae-Kazim","A tale of friendship between two unlikely pen pals: Mary, a lonely, eight-year-old girl living in the suburbs of Melbourne, and Max, a forty-four-year old, severely obese man living in New York.","English, German","Hong Kong, Taiwan, USA",Nominated for 7 Oscars. Another 9 wins & 11 nominations.,https://images-na.ssl-images-amazon.com/images/M/MV5BNzJiOGI2MjctYjUyMS00ZjkzLWE2ZmUtOTg4NTZkOTNhZDc1L2ltYWdlXkEyXkFqcGdeQXVyNjc1NTYyMjg@._V1_SX300.jpg,Internet Movie Database,8.4/10,72,8.1,"960,639",ID-582,movie,,,,,,,,,,,http://www.rottentomatoes.com/m/1003707-casablanca/,21 Sep 2004,,Warner Bros. Pictures,,True
93,Stand by Me,2002,PG,16 Dec 1988,139 min,Drama,Robert Aldrich,"Anthony Shaffer (play), Anthony Shaffer (screenplay)","Uma Thurman, Lucy Liu, Vivica A. Fox, Daryl Hannah",A distant poor relative of the Duke of D'Ascoyne plots to inherit the title by murdering the eight other heirs who stand ahead of him in the line of succession.,English,USA,1 win & 2 nominations.,https://images-na.ssl-images-amazon.com/images/M/MV5BMGEyNzhkYzktMGMyZS00YzRiLWJlYjktZjJkOTU5ZDY0ZGI4XkEyXkFqcGdeQXVyNjUwNzk3NDc@._V1_SX300.jpg,Internet Movie Database,8.0/10,72,8.2,"527,053",ID-583,movie,,,,,,,,,,,http://www.rottentomatoes.com/m/hacksaw_ridge/,16 May 2000,,Universal Pictures,http://sonyclassics.com/whiplash/,True
206,Dr. Strangelove or: How I Learned to Stop Worrying and Love the Bomb,1974,R,20 Nov 1998,102 min,"Drama, War",Stanley Kubrick,"George S. Kaufman (screen play), Morrie Ryskind (screen play), James Kevin McGuinness (from a story by)","Cary Grant, Priscilla Lane, Raymond Massey, Jack Carson",A man's coerced confession to an IRA bombing he did not commit results in the imprisonment of his father as well. An English lawyer fights to free them.,English,USA,Won 1 Oscar. Another 44 wins & 150 nominations.,https://images-na.ssl-images-amazon.com/images/M/MV5BOTVhMWQ5MDktMGE3OS00MjVlLWExZWYtMzY2MTg4ZGFiZDQ5L2ltYWdlXkEyXkFqcGdeQXVyNjU0OTQ0OTY@._V1_SX300.jpg,Internet Movie Database,8.2/10,88,8.0,"592,039",ID-584,movie,,,,,,,,,,,http://www.rottentomatoes.com/m/memento/,25 Sep 2001,,United Artists,http://www.disney.com/beautyandthebeast,True
95,Monty Python and the Holy Grail,1997,R,24 Nov 1955,106 min,"Action, Adventure, Mystery",George Lucas,"Stefan Zweig (inspired by the writings of), Wes Anderson (screenplay), Wes Anderson (story), Hugo Guinness (story)","Jean Reno, Gary Oldman, Natalie Portman, Danny Aiello","During a preview tour, a theme park suffers a major power breakdown that allows its cloned dinosaur exhibits to run amok.","English, Italian, Spanish, Latin, Sicilian",USA,Nominated for 1 Oscar. Another 23 wins & 32 nominations.,https://images-na.ssl-images-amazon.com/images/M/MV5BOTVhMWQ5MDktMGE3OS00MjVlLWExZWYtMzY2MTg4ZGFiZDQ5L2ltYWdlXkEyXkFqcGdeQXVyNjU0OTQ0OTY@._V1_SX300.jpg,Internet Movie Database,8.2/10,61,8.2,"78,182",ID-585,movie,,,,,,,,,,,http://www.rottentomatoes.com/m/forrest_gump/,08 Jun 2010,,Warner Bros. Pictures,http://www.disney.com/ToyStory,True
166,A Streetcar Named Desire,1973,G,25 May 1983,105 min,"Biography, Drama",Orson Welles,"Carl Foreman (screenplay), John W. Cunningham (magazine story ""The Tin Star"")","Kevin Spacey, Russell Crowe, Guy Pearce, James Cromwell","After being coerced into working for a crime boss, a young getaway driver finds himself taking part in a heist doomed to fail.",English,USA,Won 2 Oscars. Another 22 wins & 55 nominations.,https://images-na.ssl-images-amazon.com/images/M/MV5BMGEyNzhkYzktMGMyZS00YzRiLWJlYjktZjJkOTU5ZDY0ZGI4XkEyXkFqcGdeQXVyNjUwNzk3NDc@._V1_SX300.jpg,Internet Movie Database,8.2/10,69,8.1,"132,224",ID-586,movie,,,,,,,,,,,http://www.rottentomatoes.com/m/la_confidential/,09 Mar 2010,,Warner Bros.,,True
203,The Dark Knight Rises,1986,APPROVED,14 Mar 1997,172 min,"Crime, Drama",Lasse Hallström,"Herman J. Mankiewicz (original screen play), Orson Welles (original screen play)","Tommy Lee Jones, Javier Bardem, Josh Brolin, Woody Harrelson",Archaeologist and adventurer Indiana Jones is hired by the U.S. government to find the Ark of the Covenant before the Nazis.,English,USA,,https://images-na.ssl-images-amazon.com/images/M/MV5BMjQwODQwNTg4OV5BMl5BanBnXkFtZTgwMTk4MTAzMjI@._V1_SX300.jpg,Internet Movie Database,8.1/10,,8.0,"158,254",ID-587,movie,,,,,,,,,,,http://www.rottentomatoes.com/m/back_to_the_future/,11 Dec 2001,"$47,611,331",Warner Bros. Pictures,,True
123,Star Wars: Episode IV - A New Hope,2017,R,01 Nov 1944,125 min,"Biography, Drama, War",Stanley Kubrick,"Quentin Tarantino (stories), Roger Avary (stories), Quentin Tarantino","Roy Scheider, Robert Shaw, Richard Dreyfuss, Lorraine Gary","A seemingly indestructible humanoid cyborg is sent from 2029 to 1984 to assassinate a waitress, whose unborn son will lead humanity in a war against the machines, while a soldier from that war is sent to protect her at all costs.",English,USA,Won 6 Oscars. Another 17 wins & 17 nominations.,https://images-na.ssl-images-amazon.com/images/M/MV5BMTc2MTQ3MDA1Nl5BMl5BanBnXkFtZTgwODA3OTI4NjE@._V1_SX300.jpg,Internet Movie Database,9.0/10,,8.3,"64,044",ID-588,movie,,,,,,,,,,,http://www.rottentomatoes.com/m/the_grand_budapest_hotel/,31 Mar 1998,,Warner Bros. Pictures,,True
132,Star Wars: Episode IV - A New Hope,1993,PG,01 Sep 1959,102 min,"Drama, Mystery",Orson Welles,"Josh Singer, Tom McCarthy","Christian Bale, Gary Oldman, Tom Hardy, Joseph Gordon-Levitt","A man befriends a fellow criminal as the two of them begin serving their sentence on a dreadful prison island, which inspires the man to plot his escape.",English,"UK, France, West Germany",Won 8 Oscars. Another 27 wins & 20 nominations.,https://images-na.ssl-images-amazon.com/images/M/MV5BMDU2ZWJlMjktMTRhMy00ZTA5LWEzNDgtYmNmZTEwZTViZWJkXkEyXkFqcGdeQXVyNDQ2OTk4MzI@._V1_SX300.jpg,Internet Movie Database,8.1/10,89,8.2,"665,521",ID-589,movie,,,,,,,,,,,http://www.rottentomatoes.com/m/harry_potter_and_the_deathly_hallows_part_2_2011/,06 Aug 2002,,The Weinstein Co.,,True
142,Magnolia,2017,PG,25 Dec 2012,88 min,"Crime, Drama, Film-Noir",Robert Aldrich,"Pete Docter (original story by), Ronnie Del Carmen (original story by), Pete Docter (screenplay), Meg LeFauve (screenplay), Josh Cooley (screenplay), Michael Arndt (additional story material by), Bill Hader (additional dialogue by), Amy Poehler (additional dialogue by), Simon Rich (additional story material by)","Joseph Melito, Bruce Willis, Jon Seda, Michael Chance","The story of T.E. Lawrence, the English officer who successfully united and led the diverse, often warring, Arab tribes during World War I in order to fight the Turks.",English,"UK, South Africa, Italy",Won 4 Oscars. Another 103 wins & 194 nominations.,https://images-na.ssl-images-amazon.com/images/M/MV5BYThjM2MwZGMtMzg3Ny00NGRkLWE4M2EtYTBiNWMzOTY0YTI4XkEyXkFqcGdeQXVyNDYyMDk5MTU@._V1_SX300.jpg,Internet Movie Database,8.5/10,60,8.1,"122,343",ID-590,movie,,,,,,,,,,,http://www.rottentomatoes.com/m/back_to_the_future/,25 Sep 2012,,Universal Pictures,http://www.starwars.com/episode-v/,True
136,The Thing,1998,PG-13,25 Dec 2016,118 min,"Adventure, Comedy, Fantasy",Peter Weir,"Sidney Buchman (screen play), Lewis R. Foster (story)","Bruce Willis, Bonnie Bedelia, Reginald VelJohnson, Paul Gleason","A naive man is appointed to fill a vacancy in the United States Senate. His plans promptly collide with political corruption, but he doesn't back down.","English, Italian, Latin",USA,Won 1 Oscar. Another 16 wins & 19 nominations.,https://images-na.ssl-images-amazon.com/images/M/MV5BMTkxNzA1NDQxOV5BMl5BanBnXkFtZTcwNTkyMTIzMw@@._V1_SX300.jpg,Internet Movie Database,8.5/10,84,8.1,"295,852",ID-591,movie,,,,,,,,,,,http://www.rottentomatoes.com/m/the_lord_of_the_rings_the_return_of_the_king/,20 Mar 2001,,Sony Pictures,,True
148,The General,2017,NOT RATED,20 Nov 2015,121 min,"Drama, Mystery, Thriller",Franklin J. Schaffner,Adam Elliot,"William Holden, Gloria Swanson, Erich von Stroheim, Nancy Olson","Disgruntled Korean War veteran Walt Kowalski sets out to reform his neighbor, a Hmong teenager who tried to steal Kowalski's prized possession: a 1972 Gran Torino.","English, German, Hebrew, Spanish",USA,Won 7 Oscars. Another 10 wins & 6 nominations.,https://images-na.ssl-images-amazon.com/images/M/MV5BNmVjNzZkZjQtYmM5ZC00M2I0LWJhNzktNDk3MGU1NWMxMjFjXkEyXkFqcGdeQXVyNjc1NTYyMjg@._V1_SX300.jpg,Internet Movie Database,8.1/10,79,8.1,"80,730",ID-592,movie,,,,,,,,,,,http://www.rottentomatoes.com/m/12_monkeys/,11 Jul 2000,,Universal Pictures,http://www.Nightmare3DMovie.com/,True
109,Zootopia,1966,PG-13,10 Aug 2011,107 min,"Action, Adventure, Mystery",Steven Spielberg,Oliver Stone (screenplay),"Robert Mitchum, Jane Greer, Kirk Douglas, Rhonda Fleming","A hapless young Viking who aspires to hunt dragons becomes the unlikely friend of a young dragon himself, and learns there may be more to the creatures than he assumed.","English, Cantonese, Spanish",USA,Won 5 Oscars. Another 49 wins & 37 nominations.,https://images-na.ssl-images-amazon.com/images/M/MV5BMzAwNjU1OTktYjY3Mi00NDY5LWFlZWUtZjhjNGE0OTkwZDkwXkEyXkFqcGdeQXVyMTQxNzMzNDI@._V1_SX300.jpg,Internet Movie Database,8.8/10,91,8.1,"1,228,378",ID-593,movie,,,,,,,,,,,http://www.rottentomatoes.com/m/shawshank_redemption/,11 Jul 2000,,October Films,,True
250,Stalag 17,2001,PG,07 Jan 1947,120 min,"Adventure, Sci-Fi",Martin Scorsese,"Nunnally Johnson (screen play), John Steinbeck (based on the novel by)","James Stewart, Donna Reed, Lionel Barrymore, Thomas Mitchell","A stark, perverse story of murder, kidnapping, and police corruption in a Mexican border town.","English, Norwegian","USA, Germany",Won 1 Oscar. Another 1 win & 11 nominations.,https://images-na.ssl-images-amazon.com/images/M/MV5BM2RjMmU3ZWItYzBlMy00ZmJkLWE5YzgtNTVkODdhOWM3NGZhXkEyXkFqcGdeQXVyNDA5Mjg5MjA@._V1_SX300.jpg,Internet Movie Database,8.2/10,64,8.0,"311,879",ID-594,movie,,,,,,,,,,,http://www.rottentomatoes.com/m/good_will_hunting/,07 Sep 2004,,Paramount Vantage,http://www.thebourneultimatum.com/,True
97,Scarface,2016,R,,110 min,"Crime, Drama",John McTiernan,"J.R.R. Tolkien (novel), Fran Walsh (screenplay), Philippa Boyens (screenplay), Peter Jackson (screenplay)","Kurt Russell, Wilford Brimley, T.K. Carter, David Clennon","While not intelligent, Forrest Gump has accidentally been present at many historic moments, but his true love, Jenny Curran, eludes him.","English, German, Cantonese, Japanese, Hungarian",USA,Nominated for 2 Oscars. Another 5 wins & 6 nominations.,https://images-na.ssl-images-amazon.com/images/M/MV5BZTAzNWZlNmUtZDEzYi00ZjA5LWIwYjEtZGM1NWE1MjE4YWRhXkEyXkFqcGdeQXVyNjU0OTQ0OTY@._V1_SX300.jpg,Internet Movie Database,8.3/10,76,8.2,"1,243,444",ID-595,movie,,,,,,,,,,,http://www.rottentomatoes.com/m/cool_hand_luke/,06 Jan 2004,,Columbia Pictures,http://www.lordoftherings.net/,True
167,Barry Lyndon,1935,R,02 Oct 2015,76 min,"Action, Adventure",Michael Mann,"Ron Clements (screenplay), John Musker (screenplay), Ted Elliott (screenplay), Terry Rossio (screenplay), Burny Mattinson (story), Roger Allers (story), Daan Jippes (story), Kevin Harkey (story), Sue C. Nichols (story), Francis Glebas (story), Darrell Rooney (story), Larry Leker (story), James Fujii (story), Kirk Hanson (story), Kevin Lima (story), Rebecca Rees (story), David S. Smith (story), Chris Sanders (story), Brian Pimental (story), Patrick A. Ventura (story)","Leonardo DiCaprio, Joseph Gordon-Levitt, Ellen Page, Tom Hardy",A police detective falls in love with the woman whose murder he is investigating.,"English, Spanish",USA,Nominated for 1 Oscar. Another 4 wins & 11 nominations.,https://images-na.ssl-images-amazon.com/images/M/MV5BNmY0MWY2NDctZDdmMi00MjA1LTk0ZTQtZDMyZTQ1NTNlYzVjXkEyXkFqcGdeQXVyMjUzOTY1NTc@._V1_SX300.jpg,Internet Movie Database,8.3/10,80,8.1,"592,039",ID-596,movie,,,,,,,,,,,http://www.rottentomatoes.com/m/pirates_of_the_caribbean_the_curse_of_the_black_pearl/,31 Oct 2000,,20th Century Fox,http://SpotlightTheFilm.com,True
127,The Help,2017,R,02 Sep 1992,143 min,Drama,Tim Miller,"Calder Willingham (screenplay), Buck Henry (screenplay), Charles Webb (based on the novel by)","Harrison Ford, Sean Connery, Denholm Elliott, Alison Doody","The story of Henry Hill and his life through the teen years into the years of mafia, covering his relationship with wife Karen Hill and his Mob partners Jimmy Conway and Tommy DeVitto in the Italian-American crime syndicate.",English,"UK, USA",Nominated for 7 Oscars. Another 7 wins & 21 nominations.,https://images-na.ssl-images-amazon.com/images/M/MV5BYThjM2MwZGMtMzg3Ny00NGRkLWE4M2EtYTBiNWMzOTY0YTI4XkEyXkFqcGdeQXVyNDYyMDk5MTU@._V1_SX300.jpg,Internet Movie Database,8.2/10,88,8.3,"421,211",ID-597,movie,,,,,,,,,,,http://www.rottentomatoes.com/m/dogville/,02 Dec 1997,,Paramount Pictures,,True
250,Jurassic Park,2001,R,25 Dec 2014,129 min,Drama,Moustapha Akkad,"Billy Bob Thornton (play), Billy Bob Thornton (screenplay)","Richard Gere, Joan Allen, Cary-Hiroyuki Tagawa, Sarah Roemer","WWII American Army Medic Desmond T. Doss, who served during the Battle of Okinawa, refuses to kill people, and becomes the first man in American history to receive the Medal of Honor without firing a shot.","English, Latin","UK, USA",Won 1 Oscar. Another 3 wins & 9 nominations.,https://images-na.ssl-images-amazon.com/images/M/MV5BODM3YWY4NmQtN2Y3Ni00OTg0LWFhZGQtZWE3ZWY4MTJlOWU4XkEyXkFqcGdeQXVyNjU0OTQ0OTY@._V1_SX300.jpg,Internet Movie Database,8.1/10,,8.0,"1,047,465",ID-598,movie,,,,,,,,,,,http://www.rottentomatoes.com/m/monsters_inc/,01 Jun 1999,"$264,317,903",Buena Vista Distribution Compa,http://www.hacksawridge.movie/,True
208,Back to the Future,1952,APPROVED,05 Apr 1996,112 min,"Drama, Music, Romance",Rob Reiner,"James Ellroy (novel), Brian Helgeland (screenplay), Curtis Hanson (screenplay)","Ben Affleck, Rosamund Pike, Neil Patrick Harris, Tyler Perry","During World War II, mathematician Alan Turing tries to crack the enigma code with help from fellow mathematicians.",English,USA,Won 2 Oscars. Another 151 wins & 153 nominations.,https://images-na.ssl-images-amazon.com/images/M/MV5BMjExMTg5OTU0NF5BMl5BanBnXkFtZTcwMjMxMzMzMw@@._V1_SX300.jpg,Internet Movie Database,8.5/10,75,8.0,"48,842",ID-599,movie,,,,,,,,,,,http://www.rottentomatoes.com/m/reservoir_dogs/,09 Dec 1997,,MGM,,True
191,The Killing,1977,APPROVED,09 Sep 2011,146 min,Comedy,Jacques Tourneur,"Joel Coen (screenplay), Ethan Coen (screenplay), Cormac McCarthy (novel)","Jack Nicholson, Faye Dunaway, John Huston, Perry Lopez","A Victorian surgeon rescues a heavily disfigured man who is mistreated while scraping a living as a side-show freak. Behind his monstrous facade, there is revealed a person of intelligence and sensitivity.",English,"France, Poland, Germany, UK",Won 2 Oscars. Another 16 wins & 22 nominations.,https://images-na.ssl-images-amazon.com/images/M/MV5BZDRjMmI3ZjgtMGE3Mi00NjY5LTg0NWMtMmU3YzgyMjhmMjIzL2ltYWdlXkEyXkFqcGdeQXVyNTAyODkwOQ@@._V1_SX300.jpg,Internet Movie Database,8.2/10,,8.0,"304,299",ID-600,movie,,,,,,,,,,,http://www.rottentomatoes.com/m/1012007-laura/,24 Jun 1997,,20th Century Fox,http://www.schindlerslist.com,True
6,There Will Be Blood,2017,R,25 Dec 1973,95 min,"Drama, Family, Fantasy",Steven Spielberg,"Tim Burton (based on: a story and characters by), Michael McDowell (adaptation), Caroline Thompson (screenplay)","Brie Larson, Jacob Tremblay, Sean Bridgers, Wendy Crewson","Marty McFly, a 17-year-old high school student, is accidentally sent 30 years into the past in a time-traveling DeLorean invented by his close friend, the maverick scientist Doc Brown.",English,"Italy, USA",Nominated for 1 Golden Globe. Another 27 wins & 99 nominations.,https://images-na.ssl-images-amazon.com/images/M/MV5BYTE4ODEwZDUtNDFjOC00NjAxLWEzYTQtYTI1NGVmZmFlNjdiL2ltYWdlL2ltYWdlXkEyXkFqcGdeQXVyNjc1NTYyMjg@._V1_SX300.jpg,Internet Movie Database,8.1/10,,8.8,"158,254",ID-601,movie,,,,,,,,,,,http://www.rottentomatoes.com/m/reservoir_dogs/,10 Sep 2002,,Fine Line Features,http://Disney.com/UP,True
238,Singin' in the Rain,1984,G,06 Feb 1987,180 min,"Comedy, Drama, Music",Elia Kazan,"Donald Ogden Stewart (screen play), Philip Barry (based on the play by)","Kevin Spacey, Annette Bening, Thora Birch, Wes Bentley",A 20-something supervising staff member of a residential treatment facility navigates the troubled waters of that world alongside her co-worker and longtime boyfriend.,"English, Spanish",USA,Nominated for 3 Oscars. Another 3 wins.,https://images-na.ssl-images-amazon.com/images/M/MV5BMDdkYzE5ODYtMmIwZi00MDgzLTk1YWEtZTcwNGRmMzAwNDMzXkEyXkFqcGdeQXVyNDQzMDg4Nzk@._V1_SX300.jpg,Internet Movie Database,8.3/10,63,8.0,"1,365,937",ID-602,movie,,,,,,,,,,,http://www.rottentomatoes.com/m/american_beauty/,28 Aug 2001,,Columbia Pictures,,True
241,La La Land,1947,R,20 Sep 1958,126 min,"Comedy, Crime, Thriller",David Fincher,"Saroo Brierley (adapted from the book ""A Long Way Home"" by), Luke Davies (screenplay)","Russell Crowe, Ed Harris, Jennifer Connelly, Christopher Plummer","An astronaut becomes stranded on Mars after his team assume him dead, and must rely on his ingenuity to find a way to signal to Earth that he is alive.",English,USA,Nominated for 7 Oscars. Another 34 wins & 180 nominations.,https://images-na.ssl-images-amazon.com/images/M/MV5BMTYyMzM3MzgyNV5BMl5BanBnXkFtZTcwMTI4MzUyMQ@@._V1_SX300.jpg,Internet Movie Database,8.3/10,,8.0,"580,090",ID-603,movie,,,,,,,,,,,http://www.rottentomatoes.com/m/kill_bill_vol_1/,06 Jul 2004,"$23,472,900",New Line Cinema,http://www.whatisthematrix.com,True
151,The Lord of the Rings: The Fellowship of the Ring,1949,R,20 Jul 1988,76 min,"Horror, Mystery, Sci-Fi",Steven Spielberg,"Paul Brickhill (book), James Clavell (screenplay), W.R. Burnett (screenplay)","Danny Elfman, Chris Sarandon, Catherine O'Hara, William Hickey","An aspiring author during the civil rights movement of the 1960s decides to write a book detailing the African American maids' point of view on the white families for which they work, and the hardships they go through on a daily basis.",English,"UK, France, USA",,https://images-na.ssl-images-amazon.com/images/M/MV5BNGQxNDgzZWQtZTNjNi00M2RkLWExZmEtNmE1NjEyZDEwMzA5XkEyXkFqcGdeQXVyMTQxNzMzNDI@._V1_SX300.jpg,Internet Movie Database,8.2/10,88,8.1,"68,128",ID-604,movie,,,,,,,,,,,http://www.rottentomatoes.com/m/star_wars_episode_vii_the_force_awakens/,15 Mar 2005,,Liongate Films,,True
174,Raiders of the Lost Ark,2014,R,15 Mar 1940,131 min,"Comedy, Crime",Terry George,"Laeta Kalogridis (screenplay), Dennis Lehane (novel)","Steve McQueen, Dustin Hoffman, Victor Jory, Don Gordon","When Union spies steal an engineer's beloved locomotive, he pursues it single-handedly and straight through enemy lines.",English,USA,Won 2 Oscars. Another 7 wins & 14 nominations.,https://images-na.ssl-images-amazon.com/images/M/MV5BMjQwMTQ0MzgwNl5BMl5BanBnXkFtZTgwNjc4ODE4MzE@._V1_SX300.jpg,Internet Movie Database,8.1/10,59,8.1,"492,644",ID-605,movie,,,,,,,,,,,http://www.rottentomatoes.com/m/the_lord_of_the_rings_the_two_towers/,,,VCI,,True
156,Groundhog Day,1968,R,20 Apr 1977,170 min,"Action, Adventure, Sci-Fi",Richard Linklater,"Chris Marker (film La Jetée), David Webb Peoples (screenplay), Janet Peoples (screenplay)","James Stewart, Grace Kelly, Wendell Corey, Thelma Ritter","After a space merchant vessel perceives an unknown transmission as a distress call, its landing on the source moon finds one of the crew attacked by a mysterious life-form, and they soon realize that its life cycle has merely begun.","English, Italian, Latin, German",USA,Won 1 Oscar. Another 20 wins & 16 nominations.,https://images-na.ssl-images-amazon.com/images/M/MV5BNDMyNGU0NjUtNTIxMC00ZmU2LWE0ZGItZTdkNGVlODI2ZDcyL2ltYWdlXkEyXkFqcGdeQXVyNjc1NTYyMjg@._V1_SX300.jpg,Internet Movie Database,8.0/10,90,8.1,"791,579",ID-606,movie,,,,,,,,,,,http://www.rottentomatoes.com/m/1032176-goodfellas/,07 Sep 1999,,Warner Home Video,,True
1,The Shawshank Redemption,1993,R,25 Dec 2002,130 min,"Drama, War",Irvin Kershner,"Alec Coppel (screenplay), Samuel A. Taylor (screenplay), Pierre Boileau (novel), Thomas Narcejac (novel)","Christian Bale, Heath Ledger, Aaron Eckhart, Michael Caine","An epic mosaic of interrelated characters in search of love, forgiveness, and meaning in the San Fernando Valley.","English, Spanish",USA,35 wins & 70 nominations.,https://images-na.ssl-images-amazon.com/images/M/MV5BZTZmNjgyZmUtOTI2MC00MDI4LWJjOTgtNjc2YTc4YTk0ZWJjL2ltYWdlL2ltYWdlXkEyXkFqcGdeQXVyNjc1NTYyMjg@._V1_SX300.jpg,Internet Movie Database,8.1/10,88,8.7,"33,478",ID-607,movie,,,,,,,,,,,http://www.rottentomatoes.com/m/beauty_and_the_beast_1991/,13 Apr 2004,,IFC Films,,True
56,The Bridge on the River Kwai,1997,PG,04 Feb 1994,126 min,"Crime, Drama, Film-Noir",Mel Gibson,"Nunnally Johnson (screen play), John Steinbeck (based on the novel by)","Billy Bob Thornton, Dwight Yoakam, J.T. Walsh, John Ritter","A hapless young Viking who aspires to hunt dragons becomes the unlikely friend of a young dragon himself, and learns there may be more to the creatures than he assumed.","English, French, Latin",France,4 wins & 9 nominations.,https://images-na.ssl-images-amazon.com/images/M/MV5BMjE4NzgzNzEwMl5BMl5BanBnXkFtZTgwMTMzMDE0NjE@._V1_SX300.jpg,Internet Movie Database,8.0/10,75,8.4,"768,444",ID-608,movie,,,,,,,,,,,http://www.rottentomatoes.com/m/arsenic_and_old_lace/,,,See-Saw Films,,True
177,Finding Nemo,1989,R,01 Apr 2005,178 min,"Adventure, Drama, Fantasy",David Lynch,"Gene Wilder (screen story and screenplay), Mel Brooks (screen story and screenplay), Mary Shelley (based on characters in the novel ""Frankenstein"" by)","Bruce Willis, Haley Joel Osment, Toni Collette, Olivia Williams",Disturbed Blanche DuBois moves in with her sister in New Orleans and is tormented by her brutish brother-in-law while her reality crumbles around her.,English,"UK, USA",Nominated for 1 Oscar. Another 10 wins & 31 nominations.,https://images-na.ssl-images-amazon.com/images/M/MV5BMTcxOWYzNDYtYmM4YS00N2NkLTk0NTAtNjg1ODgwZjAxYzI3XkEyXkFqcGdeQXVyNTA4NzY1MzY@._V1_SX300.jpg,Internet Movie Database,8.6/10,77,8.1,"666,081",ID-609,movie,,,,,,,,,,,http://www.rottentomatoes.com/m/1003318-butch_cassidy_and_the_sundance_kid/,29 Jun 1999,,Newmarket Film Group,,True
16,The Lord of the Rings: The Two Towers,1940,UNRATED,10 Oct 1980,114 min,"Comedy, Drama",Steven Spielberg,Richard Kelly,"Tommy Lee Jones, Javier Bardem, Josh Brolin, Woody Harrelson","Will Hunting, a janitor at M.I.T., has a gift for mathematics, but needs help from a psychologist to find direction in his life.",English,USA,Nominated for 4 Oscars. Another 6 wins & 2 nominations.,https://images-na.ssl-images-amazon.com/images/M/MV5BZTZmNjgyZmUtOTI2MC00MDI4LWJjOTgtNjc2YTc4YTk0ZWJjL2ltYWdlL2ltYWdlXkEyXkFqcGdeQXVyNjc1NTYyMjg@._V1_SX300.jpg,Internet Movie Database,8.1/10,83,8.7,"44,192",ID-610,movie,,,,,,,,,,,https://www.rottentomatoes.com/m/logan_2017,30 Nov 1999,,Universal Pictures,,True
94,Big Fish,1969,R,25 May 1983,172 min,"Adventure, Drama, War",Michael Mann,"Robert Schenkkan (screenplay), Andrew Knight (screenplay)","Farley Granger, Ruth Roman, Robert Walker, Leo G. Carroll","In Miami in 1980, a determined Cuban immigrant takes over a drug cartel and succumbs to greed.","English, Spanish","Netherlands, Denmark, UK, France, Finland, Sweden, Germany, Italy, Norway",Nominated for 4 Oscars. Another 5 wins & 7 nominations.,https://images-na.ssl-images-amazon.com/images/M/MV5BMTY2MTAzODI5NV5BMl5BanBnXkFtZTgwMjM4NzQ0MjE@._V1_SX300.jpg,Internet Movie Database,8.1/10,100,8.2,"754,842",ID-611,movie,,,,,,,,,,,http://www.rottentomatoes.com/m/1046060-high_noon/,21 Sep 2004,,Warner Bros.,http://www.sonypictures.com/movies/spidermanhomecoming/,True
180,Citizen Kane,1981,R,01 Oct 1999,80 min,"Animation, Drama, Fantasy",Joseph L. Mankiewicz,"Will Collins, Tomm Moore (story by)","Ansel Elgort, Jon Bernthal, Jon Hamm, Eiza González",A 20-something supervising staff member of a residential treatment facility navigates the troubled waters of that world alongside her co-worker and longtime boyfriend.,English,"UK, USA",Nominated for 5 Oscars. Another 6 wins & 1 nomination.,https://images-na.ssl-images-amazon.com/images/M/MV5BNGQxNDgzZWQtZTNjNi00M2RkLWExZmEtNmE1NjEyZDEwMzA5XkEyXkFqcGdeQXVyMTQxNzMzNDI@._V1_SX300.jpg,Internet Movie Database,8.5/10,69,8.0,"77,339",ID-612,movie,,,,,,,,,,,http://www.rottentomatoes.com/m/bourne_ultimatum/,10 Sep 2002,,United Artists,http://www.theofficialjohncarpenter.com/pages/themovies/th/th.html,True
73,Baby Driver,2002,R,17 Jan 1940,115 min,"Animation, Family, Fantasy",Peter Bogdanovich,"Charles Lederer (screen play), Ben Hecht (from the play ""The Front Page""), Charles MacArthur (from the play ""The Front Page"")","Thomas Mitchell, Barbara O'Neil, Vivien Leigh, Evelyn Keyes","After his son is captured in the Great Barrier Reef and taken to Sydney, a timid clownfish sets out on a journey to bring him home.","English, Italian","USA, Canada",3 nominations.,https://images-na.ssl-images-amazon.com/images/M/MV5BYTc1NGViOTMtNjZhNS00OGY2LWI4MmItOWQwNTY4MDMzNWI3L2ltYWdlXkEyXkFqcGdeQXVyNjc1NTYyMjg@._V1_SX300.jpg,Internet Movie Database,8.1/10,,8.3,"272,500",ID-613,movie,,,,,,,,,,,http://www.rottentomatoes.com/m/platoon/,13 Feb 2007,,Janus Films,,True
1,Full Metal Jacket,1998,PG-13,21 Dec 1950,114 min,"Drama, Western",Charles Chaplin,"Roy Horniman (novel), Robert Hamer (screenplay), John Dighton (screenplay)","Scott Weinger, Robin Williams, Linda Larkin, Jonathan Freeman",A promising young drummer enrolls at a cut-throat music conservatory where his dreams of greatness are mentored by an instructor who will stop at nothing to realize a student's potential.,"English, American Sign Language",USA,Nominated for 1 Oscar. Another 2 wins & 1 nomination.,https://images-na.ssl-images-amazon.com/images/M/MV5BMjA4NDI0MTIxNF5BMl5BanBnXkFtZTYwNTM0MzY2._V1_SX300.jpg,Internet Movie Database,8.1/10,81,8.8,"76,513",ID-614,movie,,,,,,,,,,,http://www.rottentomatoes.com/m/snatch/,20 Mar 2001,,Paramount Pictures,http://www.inglouriousbasterds-movie.com/,True
179,North by Northwest,2004,R,15 Jun 2005,101 min,"Action, Adventure, Sci-Fi",Quentin Tarantino,"Linda Woolverton (animation screenplay by), Brenda Chapman (story), Chris Sanders (story), Burny Mattinson (story), Kevin Harkey (story), Brian Pimental (story), Bruce Woodside (story), Joe Ranft (story), Tom Ellery (story), Kelly Asbury (story), Robert Lence (story)","Ethan Hawke, Julie Delpy, Andrea Eckert, Hanno Pöschl","A former Prohibition-era Jewish gangster returns to the Lower East Side of Manhattan over thirty years later, where he once again must confront the ghosts and regrets of his old life.","English, German, French, Italian",USA,Won 8 Oscars. Another 27 wins & 20 nominations.,https://images-na.ssl-images-amazon.com/images/M/MV5BNDNhN2IxZWItNGEwYS00ZDNhLThiM2UtODU3NWJlZjBkYjQxXkEyXkFqcGdeQXVyMTQxNzMzNDI@._V1_SX300.jpg,Internet Movie Database,8.2/10,67,8.1,"709,587",ID-615,movie,,,,,,,,,,,http://www.rottentomatoes.com/m/shining/,04 Mar 2014,,Columbia Pictures,http://www.thegodfather.com/,True
56,The Shawshank Redemption,1993,G,01 Dec 1947,126 min,Drama,Brian De Palma,"Pete Docter (original story by), Jill Culton (original story by), Jeff Pidgeon (original story by), Ralph Eggleston (original story by), Andrew Stanton (screenplay), Daniel Gerson (screenplay)","Miles Teller, J.K. Simmons, Paul Reiser, Melissa Benoist",A self-conscious bride is tormented by the memory of her husband's dead first wife.,"English, Irish","USA, UK",Nominated for 2 Oscars. Another 11 wins & 16 nominations.,https://images-na.ssl-images-amazon.com/images/M/MV5BOWEwODJmZDItYTNmZC00OGM4LThlNDktOTQzZjIzMGQxODA4XkEyXkFqcGdeQXVyNjU0OTQ0OTY@._V1_SX300.jpg,Internet Movie Database,8.5/10,72,8.4,"869,710",ID-616,movie,,,,,,,,,,,http://www.rottentomatoes.com/m/bridge_on_the_river_kwai/,14 Dec 1999,"$51,694,854",Warner Bros. Pictures,,True
111,The Bourne Ultimatum,2008,PG,22 Sep 1995,87 min,"Action, Adventure, Fantasy",Paul Greengrass,"Woody Allen, Marshall Brickman","Anthony Perkins, Vera Miles, John Gavin, Janet Leigh","While not intelligent, Forrest Gump has accidentally been present at many historic moments, but his true love, Jenny Curran, eludes him.",English,USA,Nominated for 1 Oscar. Another 7 wins & 9 nominations.,https://images-na.ssl-images-amazon.com/images/M/MV5BOTI0MzcxMTYtZDVkMy00NjY1LTgyMTYtZmUxN2M3NmQ2NWJhXkEyXkFqcGdeQXVyMTQxNzMzNDI@._V1_SX300.jpg,Internet Movie Database,8.5/10,68,8.2,"58,327",ID-617,movie,,,,,,,,,,,http://www.rottentomatoes.com/m/taxi_driver/,13 Sep 2005,,Buena Vista Pictures,,True
99,The Wild Bunch,1961,PG,04 Nov 2016,134 min,"Drama, Mystery, Sci-Fi","Joel Coen, Ethan Coen","James Warner Bellah (screenplay), Willis Goldbeck (screenplay), Dorothy M. Johnson (based on the story by)","Jamie Foxx, Christoph Waltz, Leonardo DiCaprio, Kerry Washington","Based on the true story of Jordan Belfort, from his rise to a wealthy stock-broker living the high life to his fall involving crime, corruption and the federal government.",English,"USA, UK",Won 1 Oscar. Another 60 wins & 68 nominations.,https://images-na.ssl-images-amazon.com/images/M/MV5BMjE4NzgzNzEwMl5BMl5BanBnXkFtZTgwMTMzMDE0NjE@._V1_SX300.jpg,Internet Movie Database,8.5/10,,8.2,"85,244",ID-618,movie,,,,,,,,,,,http://www.rottentomatoes.com/m/la_confidential/,24 Feb 2015,"$305,343,252",The Weinstein Company,,True
162,Citizen Kane,1976,PG,18 Jan 1940,109 min,"Animation, Adventure, Comedy",John Carpenter,"Akiva Goldsman, Sylvia Nasar (book)","Elizabeth Taylor, Richard Burton, George Segal, Sandy Dennis","After settling his differences with a Japanese PoW camp commander, a British colonel co-operates to oversee his men's construction of a railway bridge for their captors - while oblivious to a plan by the Allies to destroy it.","English, Spanish","USA, Germany",Won 8 Oscars. Another 27 wins & 20 nominations.,https://images-na.ssl-images-amazon.com/images/M/MV5BMmVmODY1MzEtYTMwZC00MzNhLWFkNDMtZjAwM2EwODUxZTA5XkEyXkFqcGdeQXVyNTAyODkwOQ@@._V1_SX300.jpg,Internet Movie Database,8.0/10,87,8.1,"26,834",ID-619,movie,,,,,,,,,,,http://www.rottentomatoes.com/m/fargo/,06 Jun 2000,"$533,316,061",United Artists,http://www.foxhome.com/diehardcollection/index_frames.html,True
80,Spider-Man: Homecoming,2012,R,30 Jun 1951,96 min,"Adventure, Family, Fantasy","Danny Boyle, Loveleen Tandan","Frederick Knott (screen play), Frederick Knott (adapted from his play)","Diahnne Abbott, Frank Adu, Victor Argo, Gino Ardito","A religious fanatic marries a gullible widow whose young children are reluctant to tell him where their real daddy hid $10,000 he'd stolen in a robbery.",English,USA,Nominated for 7 Oscars. Another 2 wins & 2 nominations.,https://images-na.ssl-images-amazon.com/images/M/MV5BMjA2NzYzMjE3MF5BMl5BanBnXkFtZTgwNDExMDY0MzE@._V1_SX300.jpg,Internet Movie Database,8.4/10,59,8.3,"220,459",ID-620,movie,,,,,,,,,,,http://www.rottentomatoes.com/m/memento/,18 May 1999,,MCA Universal Home Video,,True
250,Sleuth,2010,R,29 Jan 1964,130 min,"Adventure, Drama, Thriller",Tim Burton,"Lilly Wachowski (screenplay), Lana Wachowski (screenplay), David Lloyd (graphic novel art)","Marlon Brando, Al Pacino, James Caan, Richard S. Castellano","When two male musicians witness a mob hit, they flee the state in an all-female band disguised as women, but further complications set in.",English,"USA, Canada",3 wins & 5 nominations.,https://images-na.ssl-images-amazon.com/images/M/MV5BMjA3NjkzNjg2MF5BMl5BanBnXkFtZTgwMDkyMzgzMDI@._V1_SX300.jpg,Internet Movie Database,8.1/10,80,8.0,"281,651",ID-621,movie,,,,,,,,,,,http://www.rottentomatoes.com/m/jaws/,19 Apr 2016,,Columbia Pictures,http://www.miramax.com/movie/trainspotting/,True
112,Papillon,1993,R,01 Nov 1967,161 min,"Crime, Drama, Thriller","Dean DeBlois, Chris Sanders","J.R.R. Tolkien (novel), Fran Walsh (screenplay), Philippa Boyens (screenplay), Peter Jackson (screenplay)","Dustin Hoffman, Tom Cruise, Valeria Golino, Gerald R. Molen",The desperate life of a chronic alcoholic is followed through a four-day drinking bout.,English,USA,Won 4 Oscars. Another 16 wins & 14 nominations.,https://images-na.ssl-images-amazon.com/images/M/MV5BYTE4ODEwZDUtNDFjOC00NjAxLWEzYTQtYTI1NGVmZmFlNjdiL2ltYWdlL2ltYWdlXkEyXkFqcGdeQXVyNjc1NTYyMjg@._V1_SX300.jpg,Internet Movie Database,8.0/10,67,8.2,"485,079",ID-622,movie,,,,,,,,,,,http://www.rottentomatoes.com/m/terminator_2_judgment_day/,04 Mar 2014,,Universal Pictures,http://www.thedarkknightrises.com/,True
128,Room,2017,PG-13,20 Jul 2012,153 min,"Crime, Drama, Mystery",Adam Elliot,"Agatha Christie (in Agatha Christie's international stage success), Billy Wilder (screen play), Harry Kurnitz (screen play), Lawrence B. Marcus (adaptation)","Rowan Atkinson, Matthew Broderick, Niketa Calame, Jim Cummings","After a space merchant vessel perceives an unknown transmission as a distress call, its landing on the source moon finds one of the crew attacked by a mysterious life-form, and they soon realize that its life cycle has merely begun.",English,USA,Nominated for 1 Golden Globe. Another 20 wins & 17 nominations.,https://images-na.ssl-images-amazon.com/images/M/MV5BMmNhZmJhMmYtNjlkMC00MjhjLTk1NzMtMTNlMzYzNjZlMjNiXkEyXkFqcGdeQXVyMTQxNzMzNDI@._V1_SX300.jpg,Internet Movie Database,8.0/10,74,8.1,"560,864",ID-623,movie,,,,,,,,,,,http://www.rottentomatoes.com/m/1017293-rebecca/,29 Jun 1999,,Walt Disney Animation Studios,http://www.requiemforadream.com,True
44,Full Metal Jacket,2015,R,20 Jul 1988,95 min,"Biography, Crime, Drama",Ridley Scott,Robert Rodat,"Chris Pratt, Zoe Saldana, Dave Bautista, Vin Diesel","After the death of a friend, a writer recounts a boyhood journey to find the body of a missing boy.",English,USA,Won 2 Oscars. Another 59 wins & 91 nominations.,https://images-na.ssl-images-amazon.com/images/M/MV5BMTk3NDE2NzI4NF5BMl5BanBnXkFtZTgwNzE1MzEyMTE@._V1_SX300.jpg,Internet Movie Database,8.1/10,69,8.5,"408,671",ID-624,movie,,,,,,,,,,,http://www.rottentomatoes.com/m/roman_holiday/,25 Jul 2000,,Buena Vista Pictures,,True
36,All About Eve,1966,R,24 Aug 1930,105 min,"Crime, Drama, Film-Noir",Denis Villeneuve,"Mary Chase (from the Pulitzer Prize Play by), Mary Chase (screenplay), Oscar Brodney (screenplay)","Joseph Cotten, Dorothy Comingore, Agnes Moorehead, Ruth Warrick","Mathilda, a 12-year-old girl, is reluctantly taken in by Léon, a professional assassin, after her family is murdered. Léon and Mathilda form an unusual relationship, as she becomes his protégée and learns the assassin's trade.",English,USA,Nominated for 1 Oscar. Another 4 wins & 11 nominations.,https://images-na.ssl-images-amazon.com/images/M/MV5BZTcyNjk1MjgtOWI3Mi00YzQwLWI5MTktMzY4ZmI2NDAyNzYzXkEyXkFqcGdeQXVyNjU0OTQ0OTY@._V1_SX300.jpg,Internet Movie Database,8.0/10,83,8.5,"1,802,351",ID-625,movie,,,,,,,,,,,http://www.rottentomatoes.com/m/trainspotting/,17 Jun 2014,,United Artists,,True
225,Catch Me If You Can,1981,PASSED,30 Jun 1951,67 min,"Horror, Sci-Fi",Mel Gibson,"Lawrence Kasdan (screenplay), George Lucas (screenplay), George Lucas (story by)","Sigourney Weaver, Carrie Henn, Michael Biehn, Paul Reiser","Brick, an alcoholic ex-football player, drinks his days away and resists the affections of his wife, Maggie. His reunion with his father, Big Daddy, who is dying of cancer, jogs a host of memories and revelations for both father and son.","English, German",USA,Nominated for 6 Oscars. Another 3 wins & 9 nominations.,https://images-na.ssl-images-amazon.com/images/M/MV5BMTQyMTczMTAxMl5BMl5BanBnXkFtZTcwOTc1ODE0Mg@@._V1_SX300.jpg,Internet Movie Database,8.2/10,67,8.0,"636,557",ID-626,movie,,,,,,,,,,,http://www.rottentomatoes.com/m/up/,16 May 2000,,Embassy Pictures/Rialto Pictures,,True
158,Pirates of the Caribbean: The Curse of the Black Pearl,2015,R,06 Feb 1958,108 min,"Drama, Family, Fantasy",Barry Levinson,"Frances Goodrich (screenplay), Albert Hackett (screenplay), Frank Capra (screenplay), Jo Swerling (additional scenes), Philip Van Doren Stern (story)","Amy Poehler, Phyllis Smith, Richard Kind, Bill Hader",An old man makes a long journey by lawn-mover tractor to mend his relationship with an ill brother.,"English, French",UK,Nominated for 7 Oscars. Another 9 wins & 11 nominations.,https://images-na.ssl-images-amazon.com/images/M/MV5BMTY1NTI0ODUyOF5BMl5BanBnXkFtZTgwNTEyNjQ0MDE@._V1_SX300.jpg,Internet Movie Database,8.2/10,79,8.1,"70,807",ID-627,movie,,,,,,,,,,,http://www.rottentomatoes.com/m/gone_with_the_wind/,28 Aug 2001,"$158,737,441",Columbia Pictures,http://www.babydriver-movie.com/,True
137,Alien,1942,APPROVED,18 Nov 1983,141 min,"Drama, Sport",Christopher Nolan,"J.R.R. Tolkien (novel), Fran Walsh (screenplay), Philippa Boyens (screenplay), Stephen Sinclair (screenplay), Peter Jackson (screenplay)","Melinda Dillon, Darren McGavin, Peter Billingsley, Scott Schwartz","Blacksmith Will Turner teams up with eccentric pirate ""Captain"" Jack Sparrow to save his love, the governor's daughter, from Jack's former pirate allies, who are now undead.","English, German, French",USA,Won 2 Oscars. Another 33 wins & 30 nominations.,https://images-na.ssl-images-amazon.com/images/M/MV5BNjNhZTk0ZmEtNjJhMi00YzFlLWE1MmEtYzM1M2ZmMGMwMTU4XkEyXkFqcGdeQXVyNjU0OTQ0OTY@._V1_SX300.jpg,Internet Movie Database,8.0/10,92,8.2,"158,254",ID-628,movie,,,,,,,,,,,http://www.rottentomatoes.com/m/papillon/,04 Jun 2002,,RKO Radio Pictures,http://www.mgm.com/title_title.php?title_star=APARTMEN,True
192,Unforgiven,1982,APPROVED,29 Jan 1960,183 min,"Adventure, Comedy, Fantasy",Joseph L. Mankiewicz,"Woody Allen, Marshall Brickman","Robert Downey Jr., Chris Evans, Mark Ruffalo, Chris Hemsworth","Brian is born on the original Christmas, in the stable next door. He spends his life being mistaken for a messiah.","English, Italian",USA,Won 2 Oscars. Another 32 wins & 16 nominations.,https://images-na.ssl-images-amazon.com/images/M/MV5BMzM5NjUxOTEyMl5BMl5BanBnXkFtZTgwNjEyMDM0MDE@._V1_SX300.jpg,Internet Movie Database,8.5/10,76,8.0,"402,281",ID-629,movie,,,,,,,,,,,http://www.rottentomatoes.com/m/his_girl_friday/,31 Aug 1999,"$66,257,002",Paramount Studios,http://rockythemovie.com/,True
138,The Philadelphia Story,1972,R,29 May 2009,158 min,"Comedy, Drama",Franklin J. Schaffner,Charles Chaplin,"Anthony Hopkins, John Hurt, Anne Bancroft, John Gielgud","Renton, deeply immersed in the Edinburgh drug scene, tries to clean up and get out, despite the allure of the drugs and influence of friends.",English,USA,Won 2 Oscars. Another 7 wins & 14 nominations.,https://images-na.ssl-images-amazon.com/images/M/MV5BZDVlNTBjMjctNjAzNS00ZGJhLTg2NzMtNzIwYTIzYTBiMDkyXkEyXkFqcGdeQXVyNTA4NzY1MzY@._V1_SX300.jpg,Internet Movie Database,8.3/10,77,8.2,"869,710",ID-630,movie,,,,,,,,,,,http://www.rottentomatoes.com/m/12_years_a_slave/,25 Apr 2017,,Warner Bros.,http://starwars.com/,True
250,Jaws,1991,R,01 Nov 1967,67 min,"Comedy, Drama, Fantasy",Mel Gibson,"Terence Winter (screenplay), Jordan Belfort (book)","Marlon Brando, Karl Malden, Lee J. Cobb, Rod Steiger","When two escaping American World War II prisoners are killed, the German POW camp barracks black marketeer, J.J. Sefton, is suspected of being an informer.",English,USA,1 win & 7 nominations.,https://images-na.ssl-images-amazon.com/images/M/MV5BZjhhMThhNDItNTY2MC00MmU1LTliNDEtNDdhZjdlNTY5ZDQ1XkEyXkFqcGdeQXVyNjc1NTYyMjg@._V1_SX300.jpg,Internet Movie Database,8.0/10,93,8.0,"251,296",ID-631,movie,,,,,,,,,,,http://www.rottentomatoes.com/m/12_monkeys/,19 Jun 2001,"$328,674,489",New Line Cinema,http://www.thewolfofwallstreet.com/,True
1,Short Term 12,1977,R,18 Oct 1941,137 min,"Animation, Adventure, Comedy",Quentin Tarantino,"J.R.R. Tolkien (novel), Fran Walsh (screenplay), Philippa Boyens (screenplay), Stephen Sinclair (screenplay), Peter Jackson (screenplay)","Uma Thurman, Lucy Liu, Vivica A. Fox, Daryl Hannah","Karl Childers, a simple man hospitalized since his childhood murder of his mother and her lover, is released to start a new life in a small town.",English,USA,4 wins & 1 nomination.,https://images-na.ssl-images-amazon.com/images/M/MV5BNmY0MWY2NDctZDdmMi00MjA1LTk0ZTQtZDMyZTQ1NTNlYzVjXkEyXkFqcGdeQXVyMjUzOTY1NTc@._V1_SX300.jpg,Internet Movie Database,8.0/10,88,9.0,"189,098",ID-632,movie,,,,,,,,,,,http://www.rottentomatoes.com/m/the_dark_knight/,17 Dec 2002,,United Artists,http://www.mgm.com/title_title.php?title_star=MANCHURI,True
69,Anatomy of a Murder,1986,PG-13,17 Aug 1979,125 min,"Adventure, Family, Fantasy",Andrew Stanton,"Dalton Trumbo (screenplay), Lorenzo Semple Jr. (screenplay), Henri Charrière (book)","Cary Grant, Eva Marie Saint, James Mason, Jessie Royce Landis",A newspaper editor uses every trick in the book to keep his ace reporter ex-wife from remarrying.,"English, French, German, Italian",USA,Won 6 Oscars. Another 39 wins & 66 nominations.,https://images-na.ssl-images-amazon.com/images/M/MV5BYWRkNGJhMmEtMWM3Ni00MDc3LThhMTQtMWI2OTMxYmE5MTZhXkEyXkFqcGdeQXVyNTAyODkwOQ@@._V1_SX300.jpg,Internet Movie Database,8.0/10,91,8.3,"441,642",ID-633,movie,,,,,,,,,,,http://www.rottentomatoes.com/m/1015287-notorious/,21 Nov 2000,,MGM,http://marvel.com/avengers_movie,True
221,The Gold Rush,1996,PG-13,08 Jul 1977,118 min,"Adventure, Drama, Fantasy",Terry Jones,"Richard Condon (based upon a novel by), George Axelrod (screenplay)","Alan Howard, Noel Appleby, Sean Astin, Sala Baker","A private detective hired to expose an adulterer finds himself caught up in a web of deceit, corruption, and murder.","English, Cantonese",USA,Won 3 Oscars. Another 10 wins & 17 nominations.,https://images-na.ssl-images-amazon.com/images/M/MV5BOTgxMDQwMDk0OF5BMl5BanBnXkFtZTgwNjU5OTg2NDE@._V1_SX300.jpg,Internet Movie Database,8.1/10,,8.0,"110,893",ID-634,movie,,,,,,,,,,,http://www.rottentomatoes.com/m/nightmare_before_christmas/,27 Aug 1997,"$328,674,489",Universal Pictures,,True
188,Stand by Me,1991,APPROVED,09 Jan 2009,129 min,"Crime, Drama, Mystery",Brian De Palma,"Richard Condon (based upon a novel by), George Axelrod (screenplay)","Leonardo DiCaprio, Djimon Hounsou, Jennifer Connelly, Kagiso Kuypers",A newspaper editor uses every trick in the book to keep his ace reporter ex-wife from remarrying.,English,"UK, USA",Nominated for 6 Oscars. Another 2 wins & 10 nominations.,https://images-na.ssl-images-amazon.com/images/M/MV5BZDRjNGViMjQtOThlMi00MTA3LThkYzQtNzJkYjBkMGE0YzE1XkEyXkFqcGdeQXVyNDYyMDk5MTU@._V1_SX300.jpg,Internet Movie Database,8.5/10,,8.0,"1,592,306",ID-635,movie,,,,,,,,,,,http://www.rottentomatoes.com/m/hotel_rwanda/,03 Apr 2001,,New Line Cinema,,True
98,Spider-Man: Homecoming,1999,NOT RATED,03 Jul 1985,138 min,"Crime, Drama, Thriller",Ridley Scott,"Emma Donoghue (screenplay), Emma Donoghue (novel)","Charles Chaplin, Jack Oakie, Reginald Gardiner, Henry Daniell","When a Roman general is betrayed and his family murdered by an emperor's corrupt son, he comes to Rome as a gladiator to seek revenge.",English,USA,Won 7 Oscars. Another 23 wins & 14 nominations.,https://images-na.ssl-images-amazon.com/images/M/MV5BNzJiOGI2MjctYjUyMS00ZjkzLWE2ZmUtOTg4NTZkOTNhZDc1L2ltYWdlXkEyXkFqcGdeQXVyNjc1NTYyMjg@._V1_SX300.jpg,Internet Movie Database,8.1/10,87,8.2,"667,901",ID-636,movie,,,,,,,,,,,http://www.rottentomatoes.com/m/anatomy-of-a-murder/,06 Feb 2001,"$91,330,760",WARNER BROTHERS PICTURES,,True
132,It's a Wonderful Life,1937,PG-13,05 May 2017,128 min,"Comedy, Drama",M. Night Shyamalan,"Henry Farrell (from the novel by), Lukas Heller (screenplay)","Peter Sellers, George C. Scott, Sterling Hayden, Keenan Wynn",The drug-induced utopias of four Coney Island people are shattered when their addictions run deep.,"English, Russian, Hindi","UK, USA",Won 2 Oscars. Another 115 wins & 134 nominations.,https://images-na.ssl-images-amazon.com/images/M/MV5BMTk3NDE2NzI4NF5BMl5BanBnXkFtZTgwNzE1MzEyMTE@._V1_SX300.jpg,Internet Movie Database,8.1/10,80,8.1,"601,251",ID-637,movie,,,,,,,,,,,http://www.rottentomatoes.com/m/fargo/,20 Mar 2001,,Gramercy Pictures,http://www.lahabitacion.com.ar/,True
90,Kill Bill: Vol. 1,1986,R,25 Jan 2008,120 min,"Animation, Adventure, Comedy",Francis Ford Coppola,"Roy Horniman (novel), Robert Hamer (screenplay), John Dighton (screenplay)","Ray Milland, Grace Kelly, Robert Cummings, John Williams","Mathilda, a 12-year-old girl, is reluctantly taken in by Léon, a professional assassin, after her family is murdered. Léon and Mathilda form an unusual relationship, as she becomes his protégée and learns the assassin's trade.","English, French","USA, UK",Won 4 Oscars. Another 150 wins & 203 nominations.,https://images-na.ssl-images-amazon.com/images/M/MV5BMTEwNjg2MjM2ODFeQTJeQWpwZ15BbWU4MDQ1MDU5OTEx._V1_SX300.jpg,Internet Movie Database,8.1/10,98,8.3,"299,364",ID-638,movie,,,,,,,,,,,http://www.rottentomatoes.com/m/taxi_driver/,28 Sep 1999,,Sony Pictures Classics,,True
46,Donnie Darko,2005,R,20 Nov 1998,128 min,"Animation, Adventure, Comedy",Billy Wilder,Joseph L. Mankiewicz (written for the screen by),"Laurence Olivier, Joan Fontaine, George Sanders, Judith Anderson","The incredible story of Wolfgang Amadeus Mozart, told by his peer and secret rival Antonio Salieri - now confined to an insane asylum.","English, Latin","UK, France, West Germany",Nominated for 1 Oscar. Another 3 wins & 9 nominations.,https://images-na.ssl-images-amazon.com/images/M/MV5BMjQyODg5Njc4N15BMl5BanBnXkFtZTgwMzExMjE3NzE@._V1_SX300.jpg,Internet Movie Database,8.5/10,77,8.5,"119,453",ID-639,movie,,,,,,,,,,,http://www.rottentomatoes.com/m/1020333-streetcar_named_desire/,16 May 2000,,Warner Bros. Pictures,,True
43,Apocalypse Now,1988,G,10 Aug 2011,108 min,"Drama, Thriller",Lenny Abrahamson,"Emma Donoghue (screenplay), Emma Donoghue (novel)","Tim Robbins, Morgan Freeman, Bob Gunton, William Sadler",A weatherman finds himself inexplicably living the same day over and over again.,English,USA,2 wins.,https://images-na.ssl-images-amazon.com/images/M/MV5BNGY5NWIxMjAtODBjNC00MmZhLTk1ZTAtNGRhYThlOTNjMTQwXkEyXkFqcGdeQXVyNTc1NTQxODI@._V1_SX300.jpg,Internet Movie Database,8.1/10,66,8.3,"58,327",ID-640,movie,,,,,,,,,,,http://www.rottentomatoes.com/m/kind_hearts_and_coronets/,06 Mar 2001,,Warner Bros. Pictures,,True
35,All Quiet on the Western Front,1978,R,14 Mar 1997,175 min,"Drama, Romance, Sci-Fi","Pete Docter, David Silverman, Lee Unkrich",Guy Ritchie,"James Stewart, Grace Kelly, Wendell Corey, Thelma Ritter",Disturbed Blanche DuBois moves in with her sister in New Orleans and is tormented by her brutish brother-in-law while her reality crumbles around her.,English,USA,Won 5 Oscars. Another 19 wins & 8 nominations.,https://images-na.ssl-images-amazon.com/images/M/MV5BMjA4NDI0MTIxNF5BMl5BanBnXkFtZTYwNTM0MzY2._V1_SX300.jpg,Internet Movie Database,8.3/10,94,8.6,"83,328",ID-641,movie,,,,,,,,,,,http://www.rottentomatoes.com/m/platoon/,28 Aug 2001,,20th Century Fox,http://www.jaws25.com/,True
216,Song of the Sea,1979,R,16 Dec 1988,102 min,"Drama, Music",Paul Thomas Anderson,"James Gunn, Nicole Perlman, Dan Abnett (based on the Marvel comics by), Andy Lanning (based on the Marvel comics by), Bill Mantlo (character created by: Rocket Raccoon), Keith Giffen (character created by: Rocket Raccoon), Jim Starlin (characters created by: Drax the Destroyer,  Gamora,  Thanos), Steve Englehart (character created by: Star-Lord), Steve Gan (character created by: Star-Lord), Steve Gerber (character created by: Howard the Duck), Val Mayerik (character created by: Howard the Duck)","Clint Eastwood, Gene Hackman, Morgan Freeman, Richard Harris","A religious fanatic marries a gullible widow whose young children are reluctant to tell him where their real daddy hid $10,000 he'd stolen in a robbery.","English, Latin, Spanish",USA,Nominated for 7 Oscars. Another 19 wins & 30 nominations.,https://images-na.ssl-images-amazon.com/images/M/MV5BMTMxNTMwODM0NF5BMl5BanBnXkFtZTcwODAyMTk2Mw@@._V1_SX300.jpg,Internet Movie Database,8.1/10,75,8.0,"560,864",ID-642,movie,,,,,,,,,,,https://www.rottentomatoes.com/m/1021749-touch_of_evil,04 Sep 2001,,Touchstone Pictures,,True
188,The Nightmare Before Christmas,1995,PG-13,24 May 1989,170 min,"Mystery, Romance, Thriller",Otto Preminger,"Stephen King (novel), Stanley Kubrick (screenplay), Diane Johnson (screenplay)","Ralph Fiennes, Michael Gambon, Alan Rickman, Daniel Radcliffe","In the antebellum United States, Solomon Northup, a free black man from upstate New York, is abducted and sold into slavery.","English, Russian","UK, France, USA",2 wins & 1 nomination.,https://images-na.ssl-images-amazon.com/images/M/MV5BMTAyN2JmZmEtNjAyMy00NzYwLThmY2MtYWQ3OGNhNjExMmM4XkEyXkFqcGdeQXVyNDk3NzU2MTQ@._V1_SX300.jpg,Internet Movie Database,8.5/10,72,8.0,"881,549",ID-643,movie,,,,,,,,,,,http://www.rottentomatoes.com/m/arsenic_and_old_lace/,08 Apr 2008,"$339,700,000",20th Century Fox Film Corporat,http://www.otnemem.com,True
95,Forrest Gump,1981,R,25 Feb 1936,127 min,Horror,James Cameron,"Christopher De Vore (screenplay), Eric Bergren (screenplay), David Lynch (screenplay), Frederick Treves (book), Ashley Montagu (in part on the book ""The Elephant Man: A Study in Human Dignity"")","Robert De Niro, James Woods, Elizabeth McGovern, Joe Pesci",Jerry Lundegaard's inept crime falls apart due to his and his henchmen's bungling and the persistent police work of the quite pregnant Marge Gunderson.,"English, Russian",USA,Won 1 Oscar. Another 9 wins & 13 nominations.,https://images-na.ssl-images-amazon.com/images/M/MV5BNGNiNmU2YTMtZmU4OS00MjM0LTlmYWUtMjVlYjAzYjE2N2RjXkEyXkFqcGdeQXVyNDk3NzU2MTQ@._V1_SX300.jpg,Internet Movie Database,8.6/10,69,8.3,"37,689",ID-644,movie,,,,,,,,,,,http://www.rottentomatoes.com/m/bourne_ultimatum/,01 Aug 2000,,Universal City Studios,http://www.maryandmax.com/,True
153,A Clockwork Orange,1965,NOT RATED,05 Apr 1996,136 min,"Drama, Sport",Rob Reiner,"Robert Schenkkan (screenplay), Andrew Knight (screenplay)","Amy Poehler, Phyllis Smith, Richard Kind, Bill Hader","A troubled teenager is plagued by visions of a man in a large rabbit suit who manipulates him to commit a series of crimes, after he narrowly escapes a bizarre accident.","English, Spanish",USA,Won 2 Oscars. Another 13 wins & 25 nominations.,https://images-na.ssl-images-amazon.com/images/M/MV5BMmNhZmJhMmYtNjlkMC00MjhjLTk1NzMtMTNlMzYzNjZlMjNiXkEyXkFqcGdeQXVyMTQxNzMzNDI@._V1_SX300.jpg,Internet Movie Database,8.2/10,89,8.1,"342,023",ID-645,movie,,,,,,,,,,,http://www.rottentomatoes.com/m/wall_e/,10 Jun 2003,,United Artists,,True
183,The Maltese Falcon,2009,PG-13,15 Sep 1995,111 min,"Animation, Adventure, Comedy",Martin Scorsese,Paddy Chayefsky,"Ben Affleck, Rosamund Pike, Neil Patrick Harris, Tyler Perry","John McClane, officer of the NYPD, tries to save his wife Holly Gennaro and several others that were taken hostage by German terrorist Hans Gruber during a Christmas party at the Nakatomi Plaza in Los Angeles.","English, Spanish",USA,Nominated for 1 BAFTA Film Award. Another 3 wins & 2 nominations.,https://images-na.ssl-images-amazon.com/images/M/MV5BNTM5OTg2NDY1NF5BMl5BanBnXkFtZTcwNTQ4MTMwNw@@._V1_SX300.jpg,Internet Movie Database,8.5/10,,8.1,"238,561",ID-646,movie,,,,,,,,,,,http://www.rottentomatoes.com/m/dial_m_for_murder/,09 Oct 2001,,Twentieth Century Fox Home Entertainment,http://www.starwars.com/episode-v/,True
126,2001: A Space Odyssey,1945,R,14 Mar 1997,112 min,"Drama, History, Romance",Billy Bob Thornton,"Ted Elliott (screen story), Terry Rossio (screen story), Stuart Beattie (screen story), Jay Wolpert (screen story), Ted Elliott (screenplay), Terry Rossio (screenplay)","Matt Damon, Jessica Chastain, Kristen Wiig, Jeff Daniels",English teacher John Keating inspires his students to look at poetry with a different perspective of authentic knowledge and feelings.,"English, Italian, French",USA,Won 2 Oscars. Another 59 wins & 91 nominations.,https://images-na.ssl-images-amazon.com/images/M/MV5BNGEyYjE3NmItOGY1OS00ZTQ0LWI3YzQtNjZiYmQzMTFiNTk4XkEyXkFqcGdeQXVyNjU0OTQ0OTY@._V1_SX300.jpg,Internet Movie Database,8.3/10,86,8.2,"179,414",ID-647,movie,,,,,,,,,,,http://www.rottentomatoes.com/m/lost_weekend/,04 Jun 2002,,Sony Pictures,http://wip.warnerbros.com/index.html?site=beforesunset,True
157,Catch Me If You Can,1921,NOT RATED,24 Jun 1994,116 min,"Horror, Mystery, Thriller",Jon Watts,"Stanley Kubrick (written for the screen by), William Makepeace Thackeray (novel)","Benicio Del Toro, Dennis Farina, Vinnie Jones, Brad Pitt","Three decades after the Empire's defeat, a new threat arises in the militant First Order. Stormtrooper defector Finn and spare parts scavenger Rey are caught up in the Resistance's search for the missing Luke Skywalker.",English,USA,Nominated for 2 Oscars. Another 13 wins & 41 nominations.,https://images-na.ssl-images-amazon.com/images/M/MV5BYWY1ZWQ5YjMtMDE0MS00NWIzLWE1M2YtODYzYTk2OTNlYWZmXkEyXkFqcGdeQXVyNDUyOTg3Njg@._V1_SX300.jpg,Internet Movie Database,8.5/10,75,8.1,"68,128",ID-648,movie,,,,,,,,,,,http://www.rottentomatoes.com/m/monty_pythons_life_of_brian/,19 May 1998,,Sony Pictures,http://starwars.com/,True
31,Who's Afraid of Virginia Woolf?,2005,R,05 Sep 1941,108 min,"Crime, Drama, Film-Noir",Stanley Kramer,"Richard Linklater, Kim Krizan","Anthony Perkins, Vera Miles, John Gavin, Janet Leigh","Rocky Balboa, a small-time boxer, gets a supremely rare chance to fight heavy-weight champion Apollo Creed in a bout in which he strives to go the distance for his self-respect.",English,USA,Nominated for 1 Oscar. Another 7 wins & 9 nominations.,https://images-na.ssl-images-amazon.com/images/M/MV5BOTgwMzFiMWYtZDhlNS00ODNkLWJiODAtZDVhNzgyNzJhYjQ4L2ltYWdlXkEyXkFqcGdeQXVyNzEzOTYxNTQ@._V1_SX300.jpg,Internet Movie Database,8.5/10,,8.5,"499,344",ID-649,movie,,,,,,,,,,,http://www.rottentomatoes.com/m/blood_diamond/,01 Mar 2016,"$314,000,000",Focus Features,http://sonyclassics.com/whiplash/,True
55,Interstellar,1983,R,15 Dec 1995,113 min,"Comedy, Crime",Mike Nichols,Adam Elliot,"Laurence Olivier, Joan Fontaine, George Sanders, Judith Anderson","A hapless young Viking who aspires to hunt dragons becomes the unlikely friend of a young dragon himself, and learns there may be more to the creatures than he assumed.","English, Arabic, Turkish",USA,Nominated for 3 Oscars. Another 45 wins & 92 nominations.,https://images-na.ssl-images-amazon.com/images/M/MV5BMTU0NTkyNzYwMF5BMl5BanBnXkFtZTgwMDU0NDk5MTI@._V1_SX300.jpg,Internet Movie Database,8.1/10,,8.5,"659,342",ID-650,movie,,,,,,,,,,,http://www.rottentomatoes.com/m/guardians_of_the_galaxy_vol_2/,09 Dec 1997,"$74,223,625",Warner Bros.,,True
37,Fargo,1975,R,31 Aug 1949,118 min,"Crime, Drama, Film-Noir",George Miller,"Thomas Keneally (book), Steven Zaillian (screenplay)","Judy Garland, Frank Morgan, Ray Bolger, Bert Lahr","Due to his insistence that he has an invisible six foot-tall rabbit for a best friend, a whimsical middle-aged man is thought by his family to be insane - but he may be wiser than anyone knows.",English,USA,Nominated for 1 Oscar. Another 7 wins & 9 nominations.,https://images-na.ssl-images-amazon.com/images/M/MV5BMDY0NmI4ZjctN2VhZS00YzExLTkyZGItMTJhOTU5NTg4MDU4XkEyXkFqcGdeQXVyNjU0OTQ0OTY@._V1_SX300.jpg,Internet Movie Database,8.2/10,74,8.3,"881,549",ID-651,movie,,,,,,,,,,,http://www.rottentomatoes.com/m/before_sunrise/,04 Mar 2014,,Sony Pictures Home Entertainment,,True
98,It Happened One Night,2007,R,01 Aug 2014,98 min,"Action, Mystery, Thriller",Rob Reiner,"Jake LaMotta (based on the book by), Joseph Carter (with), Peter Savage (with), Paul Schrader (screenplay), Mardik Martin (screenplay)","Virginia Cherrill, Florence Lee, Harry Myers, Al Ernest Garcia",The drug-induced utopias of four Coney Island people are shattered when their addictions run deep.,"English, Spanish",USA,Won 1 Oscar. Another 9 wins & 13 nominations.,https://images-na.ssl-images-amazon.com/images/M/MV5BZGRjZjQ0NzAtYmZlNS00Zjc1LTk1YWItMDY5YzQxMzA4MTAzXkEyXkFqcGdeQXVyMjI4MjA5MzA@._V1_SX300.jpg,Internet Movie Database,8.7/10,96,8.2,"122,177",ID-652,movie,,,,,,,,,,,http://www.rottentomatoes.com/m/indiana_jones_and_the_last_crusade/,10 Nov 2009,"$32,519,322",Newmarket Films,http://www.inglouriousbasterds-movie.com/,True
73,Unforgiven,2017,PG,10 Oct 1980,112 min,"Biography, Drama",James Cameron,"Richard Condon (based upon a novel by), George Axelrod (screenplay)","William Holden, Alec Guinness, Jack Hawkins, Sessue Hayakawa",Allied prisoners of war plan for several hundred of their number to escape from a German camp during World War II.,"English, German, Russian",USA,Won 5 Oscars. Another 5 wins & 1 nomination.,https://images-na.ssl-images-amazon.com/images/M/MV5BMWQ0ZGU3NDUtYjRkNS00Yzg4LTgxMTItMjExYjg3ZjgyMGRkXkEyXkFqcGdeQXVyNjU0OTQ0OTY@._V1_SX300.jpg,Internet Movie Database,8.0/10,,8.5,"238,561",ID-653,movie,,,,,,,,,,,http://www.rottentomatoes.com/m/baby_driver/,06 Sep 2005,,United Artists,,True
150,Sling Blade,1939,R,03 Jul 1991,154 min,"Drama, Film-Noir, Romance",Billy Wilder,"John Roach, Mary Sweeney","Tim Robbins, Morgan Freeman, Bob Gunton, William Sadler","A religious fanatic marries a gullible widow whose young children are reluctant to tell him where their real daddy hid $10,000 he'd stolen in a robbery.","English, Hindi, French",USA,Won 4 Oscars. Another 22 wins & 22 nominations.,https://images-na.ssl-images-amazon.com/images/M/MV5BOWRiZDIxZjktMTA1NC00MDQ2LWEzMjUtMTliZmY3NjQ3ODJiXkEyXkFqcGdeQXVyNjU0OTQ0OTY@._V1_SX300.jpg,Internet Movie Database,8.9/10,80,8.1,"1,053,569",ID-654,movie,,,,,,,,,,,http://www.rottentomatoes.com/m/princess_bride/,01 Jun 1999,,20th Century Fox Film Corporation,,True
10,The Imitation Game,2017,R,24 May 1995,169 min,"Drama, Horror, Thriller",Brian De Palma,"Tony Gilroy (screenplay), Scott Z. Burns (screenplay), George Nolfi (screenplay), Tony Gilroy (screen story), Robert Ludlum (novel)","Martin Balsam, John Fiedler, Lee J. Cobb, E.G. Marshall",A man refuses to conform to life in a rural prison.,English,"Ireland, Denmark, Belgium, Luxembourg, France",Nominated for 1 Oscar. Another 10 wins & 31 nominations.,https://images-na.ssl-images-amazon.com/images/M/MV5BNGMwNzUwNjYtZWM5NS00YzMyLWI4NjAtNjM0ZDBiMzE1YWExXkEyXkFqcGdeQXVyNDk3NzU2MTQ@._V1_SX300.jpg,Internet Movie Database,8.2/10,,8.5,"77,339",ID-655,movie,,,,,,,,,,,http://www.rottentomatoes.com/m/blade_runner/,01 Jan 2000,,Miramax Films,http://www.indianajones.com/raiders/,True
249,Rocky,2008,R,06 Mar 1998,130 min,"Drama, Film-Noir",Henry Koster,"Dan O'Bannon (story), Ronald Shusett (story), Dan O'Bannon (screenplay)","Thomas Mitchell, Barbara O'Neil, Vivien Leigh, Evelyn Keyes","An astronaut becomes stranded on Mars after his team assume him dead, and must rely on his ingenuity to find a way to signal to Earth that he is alive.",English,USA,Nominated for 2 Oscars. Another 3 wins & 1 nomination.,https://images-na.ssl-images-amazon.com/images/M/MV5BYTViNjMyNmUtNDFkNC00ZDRlLThmMDUtZDU2YWE4NGI2ZjVmXkEyXkFqcGdeQXVyNjU0OTQ0OTY@._V1_SX300.jpg,Internet Movie Database,8.0/10,73,8.0,"798,211",ID-656,movie,,,,,,,,,,,http://www.rottentomatoes.com/m/guardians_of_the_galaxy/,29 Jun 1999,"$70,500,000",Paramount Vantage,,True
131,Catch Me If You Can,1978,APPROVED,08 Sep 1960,95 min,"Adventure, Drama, Thriller",Billy Wilder,"Chuck Palahniuk (novel), Jim Uhls (screenplay)","Paul Newman, Robert Redford, Robert Shaw, Charles Durning","Fred Dobbs and Bob Curtin, two Americans searching for work in Mexico, convince an old prospector to help them mine for gold in the Sierra Madre Mountains.","English, French, German, Italian","USA, Germany",Nominated for 1 Oscar. Another 64 wins & 176 nominations.,https://images-na.ssl-images-amazon.com/images/M/MV5BMTUyMTE0ODcxNF5BMl5BanBnXkFtZTgwODE4NDQzNTE@._V1_SX300.jpg,Internet Movie Database,8.3/10,,8.2,"424,781",ID-657,movie,,,,,,,,,,,http://www.rottentomatoes.com/m/terminator/,21 Oct 2003,,Paramount Vantage,http://www.foxsearchlight.com/slumdogmillionaire/,True
198,The Wolf of Wall Street,2002,APPROVED,24 Oct 1969,138 min,"Adventure, Drama, Fantasy",Charles Chaplin,"Roderick Thorp (novel), Jeb Stuart (screenplay), Steven E. de Souza (screenplay)","Gary Cooper, Thomas Mitchell, Lloyd Bridges, Katy Jurado","Retired Old West gunslinger William Munny reluctantly takes on one last job, with the help of his old partner and a young man.","English, Italian, Latin",USA,Won 4 Oscars. Another 22 wins & 22 nominations.,https://images-na.ssl-images-amazon.com/images/M/MV5BZDRjNGViMjQtOThlMi00MTA3LThkYzQtNzJkYjBkMGE0YzE1XkEyXkFqcGdeQXVyNDYyMDk5MTU@._V1_SX300.jpg,Internet Movie Database,8.5/10,71,8.0,"555,173",ID-658,movie,,,,,,,,,,,http://www.rottentomatoes.com/m/inglourious_basterds/,17 Dec 2002,"$405,000",Sony Pictures,http://www.amctv.com/shows/the-killing,True
216,A Christmas Story,1943,R,19 Feb 2010,120 min,Drama,Joseph L. Mankiewicz,"Julius J. Epstein (screen play), Philip G. Epstein (screen play), Joseph Kesselring (play)","Richard Gere, Joan Allen, Cary-Hiroyuki Tagawa, Sarah Roemer","An astronaut becomes stranded on Mars after his team assume him dead, and must rely on his ingenuity to find a way to signal to Earth that he is alive.","English, Japanese, French","France, Poland, Germany, UK",35 wins & 70 nominations.,https://images-na.ssl-images-amazon.com/images/M/MV5BNjhjODI2NTItMGE1ZS00NThiLWE1MmYtOWE3YzcyNzY1MTJlXkEyXkFqcGdeQXVyNTc1NTQxODI@._V1_SX300.jpg,Internet Movie Database,8.0/10,,8.0,"251,296",ID-659,movie,,,,,,,,,,,http://www.rottentomatoes.com/m/annie_hall/,20 Dec 2011,,Universal Pictures,http://www.foxsearchlight.com/12yearsaslave/,True
174,Barry Lyndon,1933,R,22 Apr 1962,118 min,"Crime, Drama",David Yates,"Vera Caspary (novel), Jay Dratler (screen play), Samuel Hoffenstein (screen play), Elizabeth Reinhardt (screen play)","Russell Crowe, Ed Harris, Jennifer Connelly, Christopher Plummer","An ex-tennis pro carries out a plot to murder his wife. When things go wrong, he improvises a brilliant plan B.",English,USA,Won 7 Oscars. Another 23 wins & 7 nominations.,https://images-na.ssl-images-amazon.com/images/M/MV5BNTM3OTc0MzM2OV5BMl5BanBnXkFtZTYwNzUwMTI3._V1_SX300.jpg,Internet Movie Database,8.1/10,94,8.1,"874,371",ID-660,movie,,,,,,,,,,,http://www.rottentomatoes.com/m/cool_hand_luke/,21 Nov 2000,,WARNER BROTHERS PICTURES,http://www.donniedarko.com,True
171,The Bourne Ultimatum,1967,R,08 Dec 2006,100 min,"Action, Sci-Fi, Thriller",David Fincher,"Mary Chase (from the Pulitzer Prize Play by), Mary Chase (screenplay), Oscar Brodney (screenplay)","Jack Nicholson, Faye Dunaway, John Huston, Perry Lopez",A boy who communicates with spirits that don't know they're dead seeks the help of a disheartened child psychologist.,English,USA,Won 8 Oscars. Another 21 wins & 9 nominations.,https://images-na.ssl-images-amazon.com/images/M/MV5BOWFlNzZhYmYtYTI5YS00MDQyLWIyNTUtNTRjMWUwNTEzNjA0XkEyXkFqcGdeQXVyNjUwNzk3NDc@._V1_SX300.jpg,Internet Movie Database,8.3/10,65,8.1,"56,560",ID-661,movie,,,,,,,,,,,http://www.rottentomatoes.com/m/1001115-apartment/,10 Sep 1997,"$328,674,489",Warner Bros. Pictures,,True
109,Sin City,1938,R,17 Sep 1982,118 min,"Mystery, Thriller",Francis Ford Coppola,"Josh Singer, Tom McCarthy","Robert De Niro, John Cazale, John Savage, Christopher Walken","In Miami in 1980, a determined Cuban immigrant takes over a drug cartel and succumbs to greed.","English, French",USA,Nominated for 3 Oscars. Another 4 wins.,https://images-na.ssl-images-amazon.com/images/M/MV5BNThjMzczMjctZmIwOC00NTQ4LWJhZWItZDdhNTk5ZTdiMWFlXkEyXkFqcGdeQXVyNDYyMDk5MTU@._V1_SX300.jpg,Internet Movie Database,8.7/10,64,8.2,"56,560",ID-662,movie,,,,,,,,,,,http://www.rottentomatoes.com/m/inside_out_2015/,01 Aug 2006,"$30,029,105",Embassy Pictures/Rialto Pictures,http://www.lalaland.movie/,True
175,To Kill a Mockingbird,1989,APPROVED,16 Dec 1988,80 min,"Drama, War",Michel Gondry,George Lucas,"Noel Appleby, Ali Astin, Sean Astin, David Aston","When their relationship turns sour, a couple undergoes a procedure to have each other erased from their memories. But it is only through the process of loss that they discover what they had to begin with.","English, French, Latin","UK, USA",Nominated for 1 Golden Globe. Another 20 wins & 17 nominations.,https://images-na.ssl-images-amazon.com/images/M/MV5BN2YxZDUxYzMtYzQxNy00NTRjLThmZjQtY2Q4Njg2MTUyOTkzL2ltYWdlL2ltYWdlXkEyXkFqcGdeQXVyNjU0OTQ0OTY@._V1_SX300.jpg,Internet Movie Database,8.3/10,66,8.0,"36,301",ID-663,movie,,,,,,,,,,,http://www.rottentomatoes.com/m/exorcist/,09 Dec 2014,,20th Century Fox,http://www.HarryPotter.com/,True
74,Jaws,2017,PG-13,01 Jun 1984,95 min,"Crime, Drama, Mystery",Mike Nichols,Christopher Nolan,"Ellen Burstyn, Max von Sydow, Lee J. Cobb, Kitty Winn","During a preview tour, a theme park suffers a major power breakdown that allows its cloned dinosaur exhibits to run amok.","English, German, Greek, Arabic",USA,Nominated for 1 Oscar. Another 11 wins & 21 nominations.,https://images-na.ssl-images-amazon.com/images/M/MV5BOTAzODEzNDAzMl5BMl5BanBnXkFtZTgwMDU1MTgzNzE@._V1_SX300.jpg,Internet Movie Database,8.1/10,90,8.2,"756,517",ID-664,movie,,,,,,,,,,,http://www.rottentomatoes.com/m/batman_begins/,18 May 1999,,United Artists,,True
131,Django Unchained,1934,R,20 Nov 1998,84 min,"Drama, Thriller, Western",Stanley Kubrick,Damien Chazelle,"Dev Patel, Saurabh Shukla, Anil Kapoor, Raj Zutshi","The lives of guards on Death Row are affected by one of their charges: a black man accused of child murder and rape, yet who has a mysterious gift.",English,USA,Won 4 Oscars. Another 13 wins & 10 nominations.,https://images-na.ssl-images-amazon.com/images/M/MV5BNjUyMTc4MDExMV5BMl5BanBnXkFtZTgwNDg0NDIwMjE@._V1_SX300.jpg,Internet Movie Database,8.1/10,87,8.1,"1,427,451",ID-665,movie,,,,,,,,,,,http://www.rottentomatoes.com/m/taxi_driver/,15 Mar 2005,,See-Saw Films,http://www.FathomEvents.com,True
52,The Treasure of the Sierra Madre,2010,R,19 Mar 2004,170 min,"Adventure, Drama, Fantasy",Christopher Nolan,"Gerry Conlon (autobiographical book ""Proved Innocent""), Terry George (screenplay), Jim Sheridan (screenplay)","Guy Pearce, Carrie-Anne Moss, Joe Pantoliano, Mark Boone Junior",Earth's mightiest heroes must come together and learn to fight as a team if they are to stop the mischievous Loki and his alien army from enslaving humanity.,English,USA,Won 4 Oscars. Another 26 wins & 8 nominations.,https://images-na.ssl-images-amazon.com/images/M/MV5BODg4NzA0MTktOGU5ZS00ODlkLWE3ZmQtYjAzNjNmM2E3NmEzL2ltYWdlL2ltYWdlXkEyXkFqcGdeQXVyNjU0OTQ0OTY@._V1_SX300.jpg,Internet Movie Database,8.6/10,92,8.4,"2,872",ID-666,movie,,,,,,,,,,,http://www.rottentomatoes.com/m/indiana_jones_and_the_last_crusade/,06 Jun 2000,"$151,058,124",20th Century Fox,,True
236,Scarface,1949,R,26 Dec 1973,151 min,"Crime, Drama, History","Terry Gilliam, Terry Jones","Agatha Christie (in Agatha Christie's international stage success), Billy Wilder (screen play), Harry Kurnitz (screen play), Lawrence B. Marcus (adaptation)","Charles Chaplin, Paulette Goddard, Henry Bergman, Tiny Sandford","A religious fanatic marries a gullible widow whose young children are reluctant to tell him where their real daddy hid $10,000 he'd stolen in a robbery.",English,USA,1 win & 2 nominations.,https://images-na.ssl-images-amazon.com/images/M/MV5BZTFjMjBiYzItNzU5YS00MjdiLWJkOTktNDQ3MTE3ZjY2YTY5XkEyXkFqcGdeQXVyNDk3NzU2MTQ@._V1_SX300.jpg,Internet Movie Database,8.1/10,75,8.0,"85,244",ID-667,movie,,,,,,,,,,,http://www.rottentomatoes.com/m/american_beauty/,16 Dec 1997,,Paramount Pictures,,True
91,Patton,1965,PG-13,09 Jan 2004,130 min,"Action, Adventure, Fantasy",David Lynch,"Richard Brooks (screenplay), James Poe (screenplay), Tennessee Williams (play)","Adrien Brody, Emilia Fox, Michal Zebrowski, Ed Stoppard","After refusing to attack an enemy position, a general accuses the soldiers of cowardice and their commanding officer must defend them.","English, Latin, Greek, French, German, Arabic, Kurdish",USA,Won 1 Oscar. Another 20 wins & 24 nominations.,https://images-na.ssl-images-amazon.com/images/M/MV5BNGYyZGM5MGMtYTY2Ni00M2Y1LWIzNjQtYWUzM2VlNGVhMDNhXkEyXkFqcGdeQXVyMTMxODk2OTU@._V1_SX300.jpg,Internet Movie Database,8.2/10,75,8.2,"111,892",ID-668,movie,,,,,,,,,,,http://www.rottentomatoes.com/m/kill_bill_vol_1/,15 Aug 2001,"$2,546,851",Turner Entertainment,http://www.lahabitacion.com.ar/,True
61,Arsenic and Old Lace,2000,R,01 Apr 2005,195 min,"Adventure, Drama, History",Henry Selick,"Larry McMurtry (screenplay), Peter Bogdanovich (screenplay), Larry McMurtry (novel)","Sam Neill, Laura Dern, Jeff Goldblum, Richard Attenborough",An Irish rogue wins the heart of a rich widow and assumes her dead husband's aristocratic position in 18th-century England.,"English, Russian",USA,Won 11 Oscars. Another 16 wins & 13 nominations.,https://images-na.ssl-images-amazon.com/images/M/MV5BNDg1YTFlMDgtNzNhNy00ODhlLWFhMTAtOTE5MjhjNzI0NDljXkEyXkFqcGdeQXVyNjc1NTYyMjg@._V1_SX300.jpg,Internet Movie Database,8.1/10,,8.5,"111,892",ID-669,movie,,,,,,,,,,,http://www.rottentomatoes.com/m/terminator_2_judgment_day/,31 Mar 1998,"$533,316,061",United Artists,,True
216,Annie Hall,1983,UNRATED,15 Sep 1995,114 min,Drama,John McTiernan,Paul Schrader,"Sam Neill, Laura Dern, Jeff Goldblum, Richard Attenborough","A private detective takes on a case that involves him with three eccentric criminals, a gorgeous liar, and their quest for a priceless statuette.",English,USA,12 nominations.,https://images-na.ssl-images-amazon.com/images/M/MV5BNGUxYWM3M2MtMGM3Mi00ZmRiLWE0NGQtZjE5ODI2OTJhNTU0XkEyXkFqcGdeQXVyMTQxNzMzNDI@._V1_SX300.jpg,Internet Movie Database,8.0/10,98,8.0,"622,498",ID-670,movie,,,,,,,,,,,http://www.rottentomatoes.com/m/pirates_of_the_caribbean_the_curse_of_the_black_pearl/,19 Apr 2011,"$32,519,322",Warner Bros. Pictures,,True
21,"Monsters, Inc.",1975,APPROVED,16 Dec 1988,143 min,Comedy,Alfred Hitchcock,"Lawrence Kasdan (screenplay), George Lucas (story by), Philip Kaufman (story by)","Gary Cooper, Thomas Mitchell, Lloyd Bridges, Katy Jurado",An insane general triggers a path to nuclear holocaust that a war room full of politicians and generals frantically try to stop.,English,USA,Nominated for 4 Oscars. Another 6 wins & 2 nominations.,https://images-na.ssl-images-amazon.com/images/M/MV5BMjQwODQwNTg4OV5BMl5BanBnXkFtZTgwMTk4MTAzMjI@._V1_SX300.jpg,Internet Movie Database,8.0/10,91,8.6,"56,560",ID-671,movie,,,,,,,,,,,http://www.rottentomatoes.com/m/citizen_kane/,20 Nov 2001,"$936,658,640",20th Century Fox,http://www.FathomEvents.com,True
221,Shutter Island,1932,R,19 Oct 1939,127 min,"Drama, Western",Paul Thomas Anderson,"Chuck Palahniuk (novel), Jim Uhls (screenplay)","Laurence Olivier, Michael Caine, Alec Cawthorne, John Matthews","Atticus Finch, a lawyer in the Depression-era South, defends a black man against an undeserved rape charge, and his children against prejudice.","English, Spanish","USA, Germany",2 wins.,https://images-na.ssl-images-amazon.com/images/M/MV5BMTc4MDEzOTMwMl5BMl5BanBnXkFtZTgwMTc2NjgyMjE@._V1_SX300.jpg,Internet Movie Database,8.1/10,100,8.0,"272,500",ID-672,movie,,,,,,,,,,,http://www.rottentomatoes.com/m/kind_hearts_and_coronets/,07 Nov 2000,"$381,000,185",IFC Films,https://www.facebook.com/PixarInsideOut,True
198,Rain Man,1921,PG-13,19 Sep 1984,115 min,"Biography, Drama, History",George Roy Hill,"Noel Langley (screenplay), Florence Ryerson (screenplay), Edgar Allan Woolf (screenplay), Noel Langley (adaptation), L. Frank Baum (from the book by)","Robert De Niro, Sharon Stone, Joe Pesci, James Woods","When Union spies steal an engineer's beloved locomotive, he pursues it single-handedly and straight through enemy lines.",English,USA,Won 1 Oscar. Another 41 wins & 142 nominations.,https://images-na.ssl-images-amazon.com/images/M/MV5BZTRmNjQ1ZDYtNDgzMy00OGE0LWE4N2YtNTkzNWQ5ZDhlNGJmL2ltYWdlL2ltYWdlXkEyXkFqcGdeQXVyNjU0OTQ0OTY@._V1_SX300.jpg,Internet Movie Database,8.5/10,76,8.0,"344,326",ID-673,movie,,,,,,,,,,,http://www.rottentomatoes.com/m/raiders_of_the_lost_ark/,25 Aug 1998,,United Artists,http://www.hachithemovie.com/,True
93,Gran Torino,2015,NOT RATED,25 Dec 2016,118 min,"Adventure, Drama, Thriller",Steven Spielberg,"Hampton Fancher (screenplay), David Webb Peoples (screenplay), Philip K. Dick (novel)","Paul Newman, Robert Redford, Katharine Ross, Strother Martin","Rocky Balboa, a small-time boxer, gets a supremely rare chance to fight heavy-weight champion Apollo Creed in a bout in which he strives to go the distance for his self-respect.","English, Hungarian, Spanish, French",USA,Won 1 Oscar. Another 102 wins & 132 nominations.,https://images-na.ssl-images-amazon.com/images/M/MV5BMjNkMzc2N2QtNjVlNS00ZTk5LTg0MTgtODY2MDAwNTMwZjBjXkEyXkFqcGdeQXVyNDk3NzU2MTQ@._V1_SX300.jpg,Internet Movie Database,8.0/10,,8.3,"494,215",ID-674,movie,,,,,,,,,,,http://www.rottentomatoes.com/m/patton/,23 Feb 2016,"$67,115,062",Criterion Collection,http://www.mgm.com/title_title.do?title_star=FARGO,True
3,The Great Escape,1953,PG,01 Apr 1957,103 min,"Action, Thriller","Sam Wood, Edmund Goulding",David S. Ward,"Harry Dean Stanton, Sam Berry, Bernhard Wicki, Dean Stockwell","A woman rebels against a tyrannical ruler in postapocalyptic Australia in search for her home-land with the help of a group of female prisoners, a psychotic worshipper, and a drifter named Max.","English, German, French, Italian","USA, Germany",Nominated for 6 Oscars. Another 32 wins & 70 nominations.,https://images-na.ssl-images-amazon.com/images/M/MV5BMTkyMTM2NDk5Nl5BMl5BanBnXkFtZTgwNzY1NzEyMDE@._V1_SX300.jpg,Internet Movie Database,8.0/10,66,8.8,"56,560",ID-675,movie,,,,,,,,,,,http://www.rottentomatoes.com/m/1212910-warrior/,06 Mar 2001,"$30,029,105",Warner Bros.,http://marvel.com/avengers_movie,True
81,The Prestige,1979,R,25 Jan 2008,85 min,"Action, Adventure, Comedy",David Yates,"Julius J. Epstein (screen play), Philip G. Epstein (screen play), Joseph Kesselring (play)","Kurt Russell, Wilford Brimley, T.K. Carter, David Clennon","A hapless young Viking who aspires to hunt dragons becomes the unlikely friend of a young dragon himself, and learns there may be more to the creatures than he assumed.",English,USA,Won 1 Oscar. Another 90 wins & 90 nominations.,https://images-na.ssl-images-amazon.com/images/M/MV5BY2FmODc2N2QtYmY3MS00YTMwLWI2NGYtZWRmYWVkNjFjZmI0XkEyXkFqcGdeQXVyNTMxMjgxMzA@._V1_SX300.jpg,Internet Movie Database,8.0/10,84,8.2,"1,057,411",ID-676,movie,,,,,,,,,,,http://www.rottentomatoes.com/m/before_sunset/,10 Jun 2003,"$164,400,000",United Artists,http://www.mrsmithmovie.com/,True
189,Beauty and the Beast,1982,R,19 Jan 2001,125 min,"Horror, Sci-Fi",Frank Capra,"Stephen King (novel), Raynold Gideon (screenplay), Bruce A. Evans (screenplay)","Ray Milland, Grace Kelly, Robert Cummings, John Williams","An aspiring author during the civil rights movement of the 1960s decides to write a book detailing the African American maids' point of view on the white families for which they work, and the hardships they go through on a daily basis.",English,USA,7 wins & 27 nominations.,https://images-na.ssl-images-amazon.com/images/M/MV5BODQxMzMyNTY5Nl5BMl5BanBnXkFtZTcwMDMyNTk3OA@@._V1_SX300.jpg,Internet Movie Database,8.6/10,80,8.1,"527,907",ID-677,movie,,,,,,,,,,,http://www.rottentomatoes.com/m/the_help/,12 Apr 2005,,Paramount Pictures,,True
72,Cat on a Hot Tin Roof,2002,G,29 May 1954,130 min,"Action, Adventure, Fantasy",Francis Ford Coppola,"Robert Riskin (screen play), Samuel Hopkins Adams (based on the short story by)","Tom Hardy, Charlize Theron, Nicholas Hoult, Hugh Keays-Byrne","A bitter, aging couple, with the help of alcohol, use a young couple to fuel anguish and emotional pain towards each other.","English, Cantonese, Spanish","USA, Canada",Won 1 Oscar. Another 70 wins & 109 nominations.,https://images-na.ssl-images-amazon.com/images/M/MV5BMjA4NDI0MTIxNF5BMl5BanBnXkFtZTYwNTM0MzY2._V1_SX300.jpg,Internet Movie Database,8.3/10,89,8.4,"129,873",ID-678,movie,,,,,,,,,,,http://www.rottentomatoes.com/m/catch_me_if_you_can/,25 Sep 1997,"$623,279,547",Fox,,True
235,Heat,2010,PG-13,28 Oct 1998,131 min,"Drama, Sport",Alfred Hitchcock,"Ian McLellan Hunter (screenplay), John Dighton (screenplay), Dalton Trumbo (screenplay), Dalton Trumbo (story)","Ben Affleck, Rosamund Pike, Neil Patrick Harris, Tyler Perry","Meeting a stranger in a railway station, a woman is tempted to cheat on her husband.",English,USA,Won 1 Oscar. Another 60 wins & 68 nominations.,https://images-na.ssl-images-amazon.com/images/M/MV5BMjA5NDQyMjc2NF5BMl5BanBnXkFtZTcwMjg5ODcyMw@@._V1_SX300.jpg,Internet Movie Database,8.1/10,,8.0,"442,704",ID-679,movie,,,,,,,,,,,http://www.rottentomatoes.com/m/the_imitation_game/,21 Sep 2004,,Miramax Films,http://www.starwars.com/episode-iv/,True
22,The Lord of the Rings: The Return of the King,1981,PG-13,15 Nov 1935,115 min,"Comedy, Family",James Cameron,"Ted Elliott (screen story), Terry Rossio (screen story), Stuart Beattie (screen story), Jay Wolpert (screen story), Ted Elliott (screenplay), Terry Rossio (screenplay)","Ralph Fiennes, F. Murray Abraham, Mathieu Amalric, Adrien Brody","A young woman whose father has been imprisoned by a terrifying beast offers herself in his place, unaware that her captor is actually a prince, physically altered by a magic spell.",English,USA,Nominated for 1 Oscar. Another 7 wins & 7 nominations.,https://images-na.ssl-images-amazon.com/images/M/MV5BNGQxNDgzZWQtZTNjNi00M2RkLWExZmEtNmE1NjEyZDEwMzA5XkEyXkFqcGdeQXVyMTQxNzMzNDI@._V1_SX300.jpg,Internet Movie Database,8.1/10,83,8.6,"184,127",ID-680,movie,,,,,,,,,,,http://www.rottentomatoes.com/m/interstellar_2014/,08 Feb 2000,,Paramount Pictures,http://www.otnemem.com,True
1,Dogville,2007,G,07 Jul 2017,130 min,"Film-Noir, Mystery",Michael Curtiz,"Larry McMurtry (screenplay), Peter Bogdanovich (screenplay), Larry McMurtry (novel)","Paul Newman, Robert Redford, Katharine Ross, Strother Martin","In Miami in 1980, a determined Cuban immigrant takes over a drug cartel and succumbs to greed.","English, Irish, Scottish Gaelic","UK, Australia, USA",Won 1 Oscar. Another 44 wins & 150 nominations.,https://images-na.ssl-images-amazon.com/images/M/MV5BMjM4NTI5NzYyNV5BMl5BanBnXkFtZTgwNTkxNTYxMTE@._V1_SX300.jpg,Internet Movie Database,8.2/10,,9.0,"1,326,876",ID-681,movie,,,,,,,,,,,http://www.rottentomatoes.com/m/star_wars_episode_vii_the_force_awakens/,08 Feb 2000,,20th Century Fox,http://www.fjtlesoiseaux.fr/cinema.html,True
164,The Godfather: Part II,1963,NOT RATED,14 Dec 1957,101 min,"Crime, Thriller",Guy Ritchie,"Pierre Boulle (novel), Carl Foreman (screenplay), Michael Wilson (screenplay)","Jake Gyllenhaal, Holmes Osborne, Maggie Gyllenhaal, Daveigh Chase",A woman is asked to spy on a group of Nazi friends in South America. How far will she have to go to ingratiate herself with them?,"English, Italian, Spanish, Latin, Sicilian","UK, South Africa, Italy",Won 3 Oscars. Another 23 wins & 27 nominations.,https://images-na.ssl-images-amazon.com/images/M/MV5BMjIxODliZDYtMGMyYy00ZDQzLTgzOTMtMWY5YWEyNTBhNzk5L2ltYWdlL2ltYWdlXkEyXkFqcGdeQXVyMTQxNzMzNDI@._V1_SX300.jpg,Internet Movie Database,8.4/10,75,8.1,"529,034",ID-682,movie,,,,,,,,,,,http://www.rottentomatoes.com/m/clockwork_orange/,15 May 2001,,Warner Bros.,,True
1,Annie Hall,1975,NOT RATED,30 Jul 2004,95 min,"Drama, Romance",Henry Selick,"Billy Wilder (screenplay), I.A.L. Diamond (screenplay), Robert Thoeren (suggested by a story by), Michael Logan (suggested by a story by)","Ralph Fiennes, F. Murray Abraham, Mathieu Amalric, Adrien Brody","The true story of how the Boston Globe uncovered the massive scandal of child molestation and cover-up within the local Catholic Archdiocese, shaking the entire Catholic Church to its core.","English, Spanish, French",USA,Nominated for 5 Oscars. Another 51 wins & 115 nominations.,https://images-na.ssl-images-amazon.com/images/M/MV5BZDhlZTYxOTYtYTk3Ny00ZDljLTk3ZmItZTcxZWU5YTIyYmFkXkEyXkFqcGdeQXVyMTQxNzMzNDI@._V1_SX300.jpg,Internet Movie Database,8.0/10,,9.0,"28,038",ID-683,movie,,,,,,,,,,,http://www.rottentomatoes.com/m/beauty_and_the_beast_1991/,24 Feb 2015,"$204,100,000",New Line Cinema,http://www.babydriver-movie.com/,True
71,Aladdin,1984,R,25 Sep 1948,105 min,"Drama, Mystery",Stanley Kubrick,"Raymond Chandler (screen play), Czenzi Ormonde (screen play), Whitfield Cook (adaptation), Patricia Highsmith (from the novel by)","Clark Gable, Claudette Colbert, Walter Connolly, Roscoe Karns","Nine years after Jesse and Celine first met, they encounter each other again on the French leg of Jesse's book tour.",English,USA,Nominated for 2 Oscars. Another 5 wins & 7 nominations.,https://images-na.ssl-images-amazon.com/images/M/MV5BNDMyNGU0NjUtNTIxMC00ZmU2LWE0ZGItZTdkNGVlODI2ZDcyL2ltYWdlXkEyXkFqcGdeQXVyNjc1NTYyMjg@._V1_SX300.jpg,Internet Movie Database,8.1/10,83,8.3,"83,393",ID-684,movie,,,,,,,,,,,http://www.rottentomatoes.com/m/1013227-manchurian_candidate/,07 Aug 2006,"$129,483,877",20th Century Fox,http://TheMartianMovie.com,True
124,"Lock, Stock and Two Smoking Barrels",1992,PG,24 Jul 1998,129 min,"Drama, Romance, War","Roger Allers, Rob Minkoff","Robert Riskin (screen play), Samuel Hopkins Adams (based on the short story by)","Ralph Fiennes, Michael Gambon, Alan Rickman, Daniel Radcliffe",The Bride wakens from a four-year coma. The child she carried in her womb is gone. Now she must wreak vengeance on the team of assassins who betrayed her - a team she was once part of.,English,USA,Nominated for 1 Oscar. Another 14 wins & 37 nominations.,https://images-na.ssl-images-amazon.com/images/M/MV5BNDNhN2IxZWItNGEwYS00ZDNhLThiM2UtODU3NWJlZjBkYjQxXkEyXkFqcGdeQXVyMTQxNzMzNDI@._V1_SX300.jpg,Internet Movie Database,8.5/10,,8.2,"177,901",ID-685,movie,,,,,,,,,,,http://www.rottentomatoes.com/m/philadelphia_story/,13 Mar 2001,"$381,000,185",United Artists,,True
84,Vertigo,1987,APPROVED,09 Apr 2009,169 min,"Crime, Drama",Jacques Tourneur,Aaron Guzikowski,"Robert De Niro, Sharon Stone, Joe Pesci, James Woods","A former Prohibition-era Jewish gangster returns to the Lower East Side of Manhattan over thirty years later, where he once again must confront the ghosts and regrets of his old life.",English,USA,Nominated for 2 Oscars. Another 8 wins & 4 nominations.,https://images-na.ssl-images-amazon.com/images/M/MV5BZWIxNzM5YzQtY2FmMS00Yjc3LWI1ZjUtNGVjMjMzZTIxZTIxXkEyXkFqcGdeQXVyNjU0OTQ0OTY@._V1_SX300.jpg,Internet Movie Database,8.2/10,87,8.4,"207,765",ID-686,movie,,,,,,,,,,,http://www.rottentomatoes.com/m/1003707-casablanca/,13 Jun 2000,"$14,677,654",TriStar Pictures,http://www.starwars.com/episode-iv/,True
125,Prisoners,1981,APPROVED,11 Dec 1962,98 min,"Adventure, Comedy, Fantasy",Paul Thomas Anderson,"Drew Goddard (screenplay), Andy Weir (based on the novel by)","Cary Grant, Eva Marie Saint, James Mason, Jessie Royce Landis","After graduating from Emory University, top student and athlete Christopher McCandless abandons his possessions, gives his entire $24,000 savings account to charity and hitchhikes to Alaska to live in the wilderness. Along the way, Christopher encounters a series of characters that shape his life.",English,USA,,https://images-na.ssl-images-amazon.com/images/M/MV5BMjQwMTQ0MzgwNl5BMl5BanBnXkFtZTgwNjc4ODE4MzE@._V1_SX300.jpg,Internet Movie Database,8.2/10,91,8.1,"754,842",ID-687,movie,,,,,,,,,,,http://www.rottentomatoes.com/m/1041911-unforgiven/,01 Jan 2000,,Warner Bros.,,True
168,Pirates of the Caribbean: The Curse of the Black Pearl,2017,PG-13,01 Apr 1957,160 min,"Drama, Mystery, Thriller",Alfred Hitchcock,David Seidler (screenplay),"Mark Hamill, Harrison Ford, Carrie Fisher, Billy Dee Williams","Retired Old West gunslinger William Munny reluctantly takes on one last job, with the help of his old partner and a young man.","English, Japanese",USA,Won 2 Oscars. Another 79 wins & 59 nominations.,"https://images-na.ssl-images-amazon.com/images/M/MV5BMTY5MjM1OTAyOV5BMl5BanBnXkFtZTgwMDkwODg4MDE@._V1._CR52,57,915,1388_SX89_AL_.jpg_V1_SX300.jpg",Internet Movie Database,8.1/10,,8.2,"43,479",ID-688,movie,,,,,,,,,,,http://www.rottentomatoes.com/m/the-third-man/,29 Jun 1999,,Warner Bros. Pictures,,True
168,Kill Bill: Vol. 1,2007,R,27 Jan 1995,184 min,"Crime, Drama, Thriller",Ridley Scott,Randall Wallace,"Ben Affleck, Rosamund Pike, Neil Patrick Harris, Tyler Perry","Rocky Balboa, a small-time boxer, gets a supremely rare chance to fight heavy-weight champion Apollo Creed in a bout in which he strives to go the distance for his self-respect.",English,"UK, Germany, USA",Won 1 Oscar. Another 13 wins & 19 nominations.,https://images-na.ssl-images-amazon.com/images/M/MV5BOWMyNjE0MzEtMzVjNy00NjIxLTg0ZjMtMWJhNGI1YmVjYTczL2ltYWdlXkEyXkFqcGdeQXVyNzc5MjA3OA@@._V1_SX300.jpg,Internet Movie Database,8.1/10,53,8.1,"226,372",ID-689,movie,,,,,,,,,,,http://www.rottentomatoes.com/m/psycho/,09 Mar 1999,,Warner Bros. Pictures,,True
141,The Wild Bunch,1951,APPROVED,01 Apr 2005,130 min,"Crime, Drama",Clint Eastwood,"John Michael Hayes (screenplay), Cornell Woolrich (based on the short story by)","David Rawle, Brendan Gleeson, Lisa Hannigan, Fionnula Flanagan",A manipulative woman and a roguish man conduct a turbulent romance during the American Civil War and Reconstruction periods.,"English, Japanese, French","USA, France",Nominated for 4 Oscars. Another 5 wins & 9 nominations.,https://images-na.ssl-images-amazon.com/images/M/MV5BNDM2OTM0MjUtOTQ4Yy00MmY3LThhM2UtOWFlYjkxNTgwZDcyXkEyXkFqcGdeQXVyNjc1NTYyMjg@._V1_SX300.jpg,Internet Movie Database,8.0/10,84,8.2,"1,051,143",ID-690,movie,,,,,,,,,,,http://www.rottentomatoes.com/m/city_lights/,17 Mar 2015,"$141,243,551",MGM,,True
52,Inception,2017,APPROVED,06 Oct 2006,116 min,"Comedy, Drama, Music",Alejandro González Iñárritu,"Herman J. Mankiewicz (original screen play), Orson Welles (original screen play)","Ewan McGregor, Albert Finney, Billy Crudup, Jessica Lange","A woman on the run from the mob is reluctantly accepted in a small Colorado town. In exchange, she agrees to work for them. As a search visits town, she finds out that their support has a price. Yet her dangerous secret is never far away...",English,USA,1 win & 7 nominations.,https://images-na.ssl-images-amazon.com/images/M/MV5BZTcyNjk1MjgtOWI3Mi00YzQwLWI5MTktMzY4ZmI2NDAyNzYzXkEyXkFqcGdeQXVyNjU0OTQ0OTY@._V1_SX300.jpg,Internet Movie Database,8.1/10,,8.5,"756,517",ID-691,movie,,,,,,,,,,,http://www.rottentomatoes.com/m/1068182-heat/,23 Feb 2016,,Warner Bros. Pictures,http://www.criterion.com/films/27871-12-angry-men,True
190,The Thing,2015,R,05 May 2017,123 min,"Crime, Drama",Fred Zinnemann,"Wendell Mayes (screenplay), John D. Voelker (based on the novel by)","Marilyn Monroe, Tony Curtis, Jack Lemmon, George Raft","Three decades after the Empire's defeat, a new threat arises in the militant First Order. Stormtrooper defector Finn and spare parts scavenger Rey are caught up in the Resistance's search for the missing Luke Skywalker.",English,USA,1 nomination.,https://images-na.ssl-images-amazon.com/images/M/MV5BNzQzOTk3OTAtNDQ0Zi00ZTVkLWI0MTEtMDllZjNkYzNjNTc4L2ltYWdlXkEyXkFqcGdeQXVyNjU0OTQ0OTY@._V1_SX300.jpg,Internet Movie Database,8.9/10,81,8.0,"1,458,676",ID-692,movie,,,,,,,,,,,http://www.rottentomatoes.com/m/straight_story/,13 Apr 2004,,Paramount Pictures,,True
153,The Man Who Shot Liberty Valance,2015,PG,01 Dec 1951,133 min,"Crime, Drama",Bob Clark,"John Huston (screenplay), B. Traven (based on the novel by)","Al Pacino, Robert De Niro, Val Kilmer, Jon Voight","In 1951, a group of high schoolers come of age in a bleak, isolated, atrophied West Texas town that is slowly dying, both culturally and economically.","English, Mende, Afrikaans",USA,Won 4 Oscars. Another 103 wins & 194 nominations.,https://images-na.ssl-images-amazon.com/images/M/MV5BMTgxOTY4Mjc0MF5BMl5BanBnXkFtZTcwNTA4MDQyMw@@._V1_SX300.jpg,Internet Movie Database,8.1/10,78,8.1,"529,034",ID-693,movie,,,,,,,,,,,http://www.rottentomatoes.com/m/rush_2013/,08 Jun 2010,,Paramount Studios,,True
218,Sin City,2017,R,17 Sep 1982,101 min,"Comedy, Romance",John G. Avildsen,"Joseph Stefano (screenplay), Robert Bloch (novel)","Kirk Douglas, Ralph Meeker, Adolphe Menjou, George Macready","A former Prohibition-era Jewish gangster returns to the Lower East Side of Manhattan over thirty years later, where he once again must confront the ghosts and regrets of his old life.",English,USA,Won 3 Oscars. Another 23 wins & 27 nominations.,https://images-na.ssl-images-amazon.com/images/M/MV5BNGEyYjE3NmItOGY1OS00ZTQ0LWI3YzQtNjZiYmQzMTFiNTk4XkEyXkFqcGdeQXVyNjU0OTQ0OTY@._V1_SX300.jpg,Internet Movie Database,8.3/10,89,8.0,"174,583",ID-694,movie,,,,,,,,,,,http://www.rottentomatoes.com/m/best_years_of_our_lives/,27 Aug 1997,,Walt Disney Pictures,,True
49,Sunset Boulevard,2006,R,25 May 1983,80 min,"Drama, War",Howard Hawks,"Quentin Tarantino (stories), Roger Avary (stories), Quentin Tarantino","Michael Berryman, Peter Brocco, Dean R. Brooks, Alonzo Brown",A 20-something supervising staff member of a residential treatment facility navigates the troubled waters of that world alongside her co-worker and longtime boyfriend.,English,USA,Won 2 Oscars. Another 3 wins & 5 nominations.,https://images-na.ssl-images-amazon.com/images/M/MV5BMTk2NTI1MTU4N15BMl5BanBnXkFtZTcwODg0OTY0Nw@@._V1_SX300.jpg,Internet Movie Database,8.2/10,87,8.5,"407,892",ID-695,movie,,,,,,,,,,,http://www.rottentomatoes.com/m/hacksaw_ridge/,15 Jun 1999,,Walt Disney Pictures,http://www.HarryPotter.com/,True
123,Dog Day Afternoon,2017,R,25 Sep 1948,188 min,"Adventure, Sci-Fi, Thriller",Lars von Trier,"John Lasseter (story by), Andrew Stanton (story by), Lee Unkrich (story by), Michael Arndt (screenplay)","Bill Murray, Andie MacDowell, Chris Elliott, Stephen Tobolowsky",English teacher John Keating inspires his students to look at poetry with a different perspective of authentic knowledge and feelings.,English,"UK, USA",Won 6 Oscars. Another 197 wins & 243 nominations.,https://images-na.ssl-images-amazon.com/images/M/MV5BMTUxMzQyNjA5MF5BMl5BanBnXkFtZTYwOTU2NTY3._V1_SX300.jpg,Internet Movie Database,8.0/10,89,8.1,"239,391",ID-696,movie,,,,,,,,,,,http://www.rottentomatoes.com/m/the_amazing_spider_man_3/,25 Sep 1997,"$204,100,000",Buena Vista Pictures,http://www.batmanbegins.com/,True
236,Life of Brian,1980,R,12 May 1968,88 min,"Mystery, Thriller",Sam Peckinpah,Andrew Kevin Walker,"James Robinson, Sean Lawlor, Sandy Nelson, James Cosmo","A five-year-old Indian boy gets lost on the streets of Calcutta, thousands of kilometers from home. He survives many challenges before being adopted by a couple in Australia. 25 years later, he sets out to find his lost family.",English,USA,Won 2 Oscars. Another 22 wins & 26 nominations.,https://images-na.ssl-images-amazon.com/images/M/MV5BOTgxMDQwMDk0OF5BMl5BanBnXkFtZTgwNjU5OTg2NDE@._V1_SX300.jpg,Internet Movie Database,8.4/10,,8.0,"80,730",ID-697,movie,,,,,,,,,,,http://www.rottentomatoes.com/m/1013227-manchurian_candidate/,31 Mar 1998,,Newmarket Films,http://www.criterion.com/films/27871-12-angry-men,True
187,Chinatown,1931,PG,10 Oct 2003,133 min,"Drama, Sport",Howard Hawks,Robert Rodat,"Humphrey Bogart, Mary Astor, Gladys George, Peter Lorre","King Arthur and his knights embark on a low-budget search for the Grail, encountering many, very silly obstacles.",English,"USA, France",Won 2 Oscars. Another 25 wins & 18 nominations.,https://images-na.ssl-images-amazon.com/images/M/MV5BMTg5NDkwMTk5N15BMl5BanBnXkFtZTYwODg3MDk2._V1_SX300.jpg,Internet Movie Database,8.3/10,88,8.0,"643,205",ID-698,movie,,,,,,,,,,,http://www.rottentomatoes.com/m/stand_by_me_1986/,06 Mar 2001,,Paramount Pictures,http://disney.go.com/monstersinc/index.html,True
1,The Pianist,2014,PG-13,04 Feb 1994,128 min,"Action, Mystery, Thriller",Sidney Lumet,"Larry McMurtry (screenplay), Peter Bogdanovich (screenplay), Larry McMurtry (novel)","Harrison Ford, Mark Hamill, Carrie Fisher, Adam Driver","A hapless young Viking who aspires to hunt dragons becomes the unlikely friend of a young dragon himself, and learns there may be more to the creatures than he assumed.",English,USA,35 wins & 70 nominations.,https://images-na.ssl-images-amazon.com/images/M/MV5BMTMxNTMwODM0NF5BMl5BanBnXkFtZTcwODAyMTk2Mw@@._V1_SX300.jpg,Internet Movie Database,9.2/10,86,9.1,"528,657",ID-699,movie,,,,,,,,,,,http://www.rottentomatoes.com/m/matrix/,19 Mar 2002,"$656,161",Paramount Pictures,,True
248,The Hustler,1937,PG-13,18 Jul 2008,108 min,"Adventure, Biography, Drama",James Gunn,Charles Chaplin,"Leonardo DiCaprio, Jonah Hill, Margot Robbie, Matthew McConaughey",An undercover cop and a mole in the police attempt to identify each other while infiltrating an Irish gang in South Boston.,"English, German, Russian",USA,Won 4 Oscars. Another 16 wins & 14 nominations.,https://images-na.ssl-images-amazon.com/images/M/MV5BMjA3NjkzNjg2MF5BMl5BanBnXkFtZTgwMDkyMzgzMDI@._V1_SX300.jpg,Internet Movie Database,8.1/10,89,8.0,"494,215",ID-700,movie,,,,,,,,,,,http://www.rottentomatoes.com/m/cool_hand_luke/,04 Mar 2008,"$164,400,000",Paramount Pictures,http://www.grandbudapesthotel.com/,True
72,The Lion King,1985,G,01 Nov 1944,149 min,"Biography, Drama",Charles Chaplin,"J.R.R. Tolkien (novel), Fran Walsh (screenplay), Philippa Boyens (screenplay), Stephen Sinclair (screenplay), Peter Jackson (screenplay)","Robert Downey Jr., Chris Evans, Mark Ruffalo, Chris Hemsworth","A story of family, religion, hatred, oil and madness, focusing on a turn-of-the-century prospector in the early days of the business.","English, Quenya, Old English, Sindarin",USA,Won 2 Oscars. Another 118 wins & 138 nominations.,https://images-na.ssl-images-amazon.com/images/M/MV5BMTg2MzI1MTg3OF5BMl5BanBnXkFtZTgwNTU3NDA2MTI@._V1_SX300.jpg,Internet Movie Database,8.1/10,,8.2,"46,446",ID-701,movie,,,,,,,,,,,http://www.rottentomatoes.com/m/straight_story/,09 Dec 1999,,DreamWorks SKG,http://www.wall-e.com/,True
250,Toy Story,1952,R,03 Mar 2017,140 min,"Crime, Drama, Sci-Fi",Alfred Hitchcock,"Carl Foreman (screenplay), John W. Cunningham (magazine story ""The Tin Star"")","Harrison Ford, Rutger Hauer, Sean Young, Edward James Olmos","A cyborg, identical to the one who failed to kill Sarah Connor, must now protect her ten year old son, John Connor, from a more advanced cyborg.","English, Spanish",USA,Nominated for 1 Oscar. Another 3 wins & 9 nominations.,https://images-na.ssl-images-amazon.com/images/M/MV5BYzVlMWViZGEtYjEyYy00YWZmLThmZGEtYmM4MDZlN2Q5MmRmXkEyXkFqcGdeQXVyMTQxNzMzNDI@._V1_SX300.jpg,Internet Movie Database,8.1/10,,8.0,"113,296",ID-702,movie,,,,,,,,,,,http://www.rottentomatoes.com/m/1068182-heat/,19 Apr 2011,,Twentieth Century Fox Home Entertainment,,True
206,The Sting,1956,R,26 Sep 1959,179 min,"Comedy, Drama, Romance",Tom Hooper,"Carl Foreman (screenplay), John W. Cunningham (magazine story ""The Tin Star"")","Jim Carrey, Kate Winslet, Gerry Robert Byrne, Elijah Wood","Brian is born on the original Christmas, in the stable next door. He spends his life being mistaken for a messiah.",English,"France, Poland, Germany, UK",Nominated for 5 Oscars. Another 38 wins & 165 nominations.,https://images-na.ssl-images-amazon.com/images/M/MV5BZmU0M2Y1OGUtZjIxNi00ZjBkLTg1MjgtOWIyNThiZWIwYjRiXkEyXkFqcGdeQXVyMTQxNzMzNDI@._V1_SX300.jpg,Internet Movie Database,8.1/10,80,8.0,"1,047,465",ID-703,movie,,,,,,,,,,,http://www.rottentomatoes.com/m/hachi_a_dogs_tale/,06 Apr 2004,,Warner Bros. Pictures,http://www.magnoliamovie.com,True
38,A Night at the Opera,2017,G,15 Aug 1979,118 min,"Action, Adventure, Sci-Fi",Joss Whedon,"John Lasseter (story by), Andrew Stanton (story by), Lee Unkrich (story by), Michael Arndt (screenplay)","John Wayne, Dean Martin, Ricky Nelson, Angie Dickinson",A determined woman works with a hardened boxing trainer to become a professional.,"English, French","USA, UK",Nominated for 8 Oscars. Another 10 wins & 14 nominations.,https://images-na.ssl-images-amazon.com/images/M/MV5BMGU2NzRmZjUtOGUxYS00ZjdjLWEwZWItY2NlM2JhNjkxNTFmXkEyXkFqcGdeQXVyNjU0OTQ0OTY@._V1_SX300.jpg,Internet Movie Database,8.0/10,,8.4,"75,931",ID-704,movie,,,,,,,,,,,http://www.rottentomatoes.com/m/american_history_x/,02 Dec 1997,"$339,700,000",20th Century Fox,http://www.requiemforadream.com,True
96,Harry Potter and the Deathly Hallows: Part 2,2017,R,05 Jun 1998,153 min,"Action, Drama, Western",Billy Wilder,"Francis Ford Coppola (screenplay), Mario Puzo (screenplay), Mario Puzo (novel)","Jessica Alba, Devon Aoki, Alexis Bledel, Powers Boothe","John McClane, officer of the NYPD, tries to save his wife Holly Gennaro and several others that were taken hostage by German terrorist Hans Gruber during a Christmas party at the Nakatomi Plaza in Los Angeles.",English,USA,Won 2 Oscars. Another 79 wins & 59 nominations.,https://images-na.ssl-images-amazon.com/images/M/MV5BMjIxMjgxNTk0MF5BMl5BanBnXkFtZTgwNjIyOTg2MDE@._V1_SX300.jpg,Internet Movie Database,8.4/10,85,8.2,"969,927",ID-705,movie,,,,,,,,,,,http://www.rottentomatoes.com/m/whiplash_2014/,08 May 2001,,Paramount Studios,,True
250,Guardians of the Galaxy,2002,UNRATED,14 Oct 1994,101 min,"Drama, Romance, Sci-Fi",Mel Gibson,Aaron Guzikowski,"Russell Crowe, Joaquin Phoenix, Connie Nielsen, Oliver Reed","Disgruntled Korean War veteran Walt Kowalski sets out to reform his neighbor, a Hmong teenager who tried to steal Kowalski's prized possession: a 1972 Gran Torino.","English, French",USA,2 wins.,https://images-na.ssl-images-amazon.com/images/M/MV5BZmExNmEwYWItYmQzOS00YjA5LTk2MjktZjEyZDE1Y2QxNjA1XkEyXkFqcGdeQXVyMTQxNzMzNDI@._V1_SX300.jpg,Internet Movie Database,8.0/10,84,8.0,"110,576",ID-706,movie,,,,,,,,,,,http://www.rottentomatoes.com/m/killing/,16 Apr 2013,,Warner Bros. Pictures,http://www.grandbudapesthotel.com/,True
250,Double Indemnity,1973,G,20 Jun 1975,113 min,"Action, Adventure, Mystery",Woody Allen,Oliver Stone (screenplay),"Al Pacino, Robert Duvall, Diane Keaton, Robert De Niro",Crooks plan and execute a daring race-track robbery.,"English, Russian",USA,Nominated for 3 Oscars. Another 38 wins & 66 nominations.,https://images-na.ssl-images-amazon.com/images/M/MV5BZmViYmM5OTYtNGQ4Ny00YjQyLThiNjEtYTE4MGZhZTNmZjcyL2ltYWdlL2ltYWdlXkEyXkFqcGdeQXVyNjU0OTQ0OTY@._V1_SX300.jpg,Internet Movie Database,8.6/10,95,8.0,"869,710",ID-707,movie,,,,,,,,,,,http://www.rottentomatoes.com/m/full_metal_jacket/,10 Sep 2002,,Paramount Studios,,True
238,The Grapes of Wrath,1978,PG,18 Dec 2002,132 min,"Animation, Drama, Fantasy",Carol Reed,Damien Chazelle,"James Stewart, Donna Reed, Lionel Barrymore, Thomas Mitchell",The Tramp struggles to live in modern industrial society with the help of a young homeless woman.,English,"UK, France, USA",Nominated for 3 Oscars. Another 38 wins & 66 nominations.,https://images-na.ssl-images-amazon.com/images/M/MV5BNGMwNzUwNjYtZWM5NS00YzMyLWI4NjAtNjM0ZDBiMzE1YWExXkEyXkFqcGdeQXVyNDk3NzU2MTQ@._V1_SX300.jpg,Internet Movie Database,8.0/10,56,8.0,"38,576",ID-708,movie,,,,,,,,,,,http://www.rottentomatoes.com/m/baby_driver/,09 Jun 2009,,Inferno Entertainment,,True
192,Rush,1995,UNRATED,15 Aug 1979,120 min,"Drama, Mystery",Damien Chazelle,"Jonathan Nolan, Christopher Nolan","Jim Carrey, Kate Winslet, Gerry Robert Byrne, Elijah Wood","A five-year-old Indian boy gets lost on the streets of Calcutta, thousands of kilometers from home. He survives many challenges before being adopted by a couple in Australia. 25 years later, he sets out to find his lost family.","English, Quenya, Old English, Sindarin","UK, USA",Won 6 Oscars. Another 39 wins & 66 nominations.,https://images-na.ssl-images-amazon.com/images/M/MV5BMjExMTg5OTU0NF5BMl5BanBnXkFtZTcwMjMxMzMzMw@@._V1_SX300.jpg,Internet Movie Database,8.3/10,82,8.0,"537,662",ID-709,movie,,,,,,,,,,,http://www.rottentomatoes.com/m/1068182-heat/,17 Dec 2013,"$40,133,435",Warner Bros. Pictures,http://www.disney.com/ToyStory,True
59,Stalag 17,1988,R,31 Aug 1949,134 min,"Drama, Mystery, Sci-Fi","Dean DeBlois, Chris Sanders","Frances Goodrich (screenplay), Albert Hackett (screenplay), Frank Capra (screenplay), Jo Swerling (additional scenes), Philip Van Doren Stern (story)","Ewan McGregor, Albert Finney, Billy Crudup, Jessica Lange",A man juggles searching for his wife's murderer and keeping his short-term memory loss from being an obstacle.,"English, Russian, Vietnamese, French",USA,Won 2 Oscars. Another 79 wins & 59 nominations.,https://images-na.ssl-images-amazon.com/images/M/MV5BMDE0MjYxYmMtM2VhMC00MjhiLTg5NjItMDkzZGM5MGVlYjMxL2ltYWdlL2ltYWdlXkEyXkFqcGdeQXVyNjc1NTYyMjg@._V1_SX300.jpg,Internet Movie Database,8.1/10,78,8.4,"65,649",ID-710,movie,,,,,,,,,,,http://www.rottentomatoes.com/m/1059489-wild_bunch/,12 Jul 2005,"$4,548,170",20th Century Fox,,True
155,Rope,2007,R,08 Jul 1977,143 min,"Biography, Comedy, Crime",Morten Tyldum,"Lew Wallace (novel), Karl Tunberg (screenplay)","Ben Affleck, Rosamund Pike, Neil Patrick Harris, Tyler Perry",A meek Hobbit from the Shire and eight companions set out on a journey to destroy the powerful One Ring and save Middle Earth from the Dark Lord Sauron.,"English, Hebrew, German, Polish",USA,Won 2 Oscars. Another 79 wins & 59 nominations.,https://images-na.ssl-images-amazon.com/images/M/MV5BZmU0M2Y1OGUtZjIxNi00ZjBkLTg1MjgtOWIyNThiZWIwYjRiXkEyXkFqcGdeQXVyMTQxNzMzNDI@._V1_SX300.jpg,Internet Movie Database,8.1/10,76,8.1,"67,045",ID-711,movie,,,,,,,,,,,http://www.rottentomatoes.com/m/usual_suspects/,27 Jan 1998,,Warner Bros. Pictures,,True
44,The Dark Knight,2009,PG-13,19 Sep 1997,86 min,Drama,Joss Whedon,"Jules Furthman (screenplay), Leigh Brackett (screenplay), B.H. McCampbell (short story)","Joseph Cotten, Alida Valli, Orson Welles, Trevor Howard",An insane general triggers a path to nuclear holocaust that a war room full of politicians and generals frantically try to stop.,English,USA,Won 6 Oscars. Another 231 wins & 208 nominations.,https://images-na.ssl-images-amazon.com/images/M/MV5BMTAwMjU5OTgxNjZeQTJeQWpwZ15BbWU4MDUxNDYxODEx._V1_SX300.jpg,Internet Movie Database,8.4/10,,8.4,"618,222",ID-712,movie,,,,,,,,,,,http://www.rottentomatoes.com/m/pirates_of_the_caribbean_the_curse_of_the_black_pearl/,10 Oct 2000,,Paramount Pictures,,True
44,Harry Potter and the Deathly Hallows: Part 2,1952,R,12 May 1968,140 min,"Adventure, Drama, Fantasy",Milos Forman,"Chris Marker (film La Jetée), David Webb Peoples (screenplay), Janet Peoples (screenplay)","Matt Damon, Jessica Chastain, Kristen Wiig, Jeff Daniels",A weatherman finds himself inexplicably living the same day over and over again.,"English, French",USA,Won 6 Oscars. Another 10 wins & 20 nominations.,https://images-na.ssl-images-amazon.com/images/M/MV5BY2NkNTcxNjAtODhjMS00Mjg2LWI1OGItMjRhMGJlODBkZTVlL2ltYWdlL2ltYWdlXkEyXkFqcGdeQXVyNzAxMjE1NDg@._V1_SX300.jpg,Internet Movie Database,8.1/10,,8.5,"2,872",ID-713,movie,,,,,,,,,,,http://www.rottentomatoes.com/m/good_will_hunting/,06 Sep 2005,,Buena Vista,,True
26,Inception,2004,NOT RATED,07 Aug 1969,100 min,"Crime, Drama, Fantasy",Billy Wilder,"Quentin Tarantino, Quentin Tarantino (character The Bride), Uma Thurman (character The Bride)","Russell Crowe, Ed Harris, Jennifer Connelly, Christopher Plummer","A naive man is appointed to fill a vacancy in the United States Senate. His plans promptly collide with political corruption, but he doesn't back down.","English, Hmong",USA,Nominated for 3 Oscars. Another 16 wins & 45 nominations.,https://images-na.ssl-images-amazon.com/images/M/MV5BNDMyNGU0NjUtNTIxMC00ZmU2LWE0ZGItZTdkNGVlODI2ZDcyL2ltYWdlXkEyXkFqcGdeQXVyNjc1NTYyMjg@._V1_SX300.jpg,Internet Movie Database,8.5/10,,8.6,"638,510",ID-714,movie,,,,,,,,,,,http://www.rottentomatoes.com/m/papillon/,06 May 2003,,Warner Bros. Pictures,http://milliondollarbabymovie.warnerbros.com/,True
203,Gone Girl,1967,R,15 May 2015,112 min,"Adventure, Drama, Sci-Fi","Frank Miller, Robert Rodriguez, Quentin Tarantino","Budd Schulberg (screenplay), Budd Schulberg (based upon an original story by), Malcolm Johnson (suggested by articles by)","Ansel Elgort, Jon Bernthal, Jon Hamm, Eiza González",Crooks plan and execute a daring race-track robbery.,English,USA,Won 1 Oscar. Another 90 wins & 90 nominations.,https://images-na.ssl-images-amazon.com/images/M/MV5BZTRmNjQ1ZDYtNDgzMy00OGE0LWE4N2YtNTkzNWQ5ZDhlNGJmL2ltYWdlL2ltYWdlXkEyXkFqcGdeQXVyNjU0OTQ0OTY@._V1_SX300.jpg,Internet Movie Database,8.2/10,69,8.0,"36,009",ID-715,movie,,,,,,,,,,,http://www.rottentomatoes.com/m/his_girl_friday/,17 Dec 2013,,Warner Bros.,,True
224,Taxi Driver,1959,PG,22 Nov 1995,120 min,"Crime, Drama, Thriller",Christopher Nolan,"Robert E. Sherwood (screen play), MacKinlay Kantor (from a novel by)","Pat Healy, Genevieve Zweig, Mark Flanagan, Neil Flynn","A tale of friendship between two unlikely pen pals: Mary, a lonely, eight-year-old girl living in the suburbs of Melbourne, and Max, a forty-four-year old, severely obese man living in New York.","English, Spanish, French","Lebanon, Libya, Kuwait, Morocco, UK",Nominated for 1 Oscar. Another 3 wins & 9 nominations.,https://images-na.ssl-images-amazon.com/images/M/MV5BMDE0MjYxYmMtM2VhMC00MjhiLTg5NjItMDkzZGM5MGVlYjMxL2ltYWdlL2ltYWdlXkEyXkFqcGdeQXVyNjc1NTYyMjg@._V1_SX300.jpg,Internet Movie Database,8.4/10,98,8.0,"528,657",ID-716,movie,,,,,,,,,,,http://www.rottentomatoes.com/m/indiana_jones_and_the_last_crusade/,10 Jun 2003,"$151,058,124",Miramax Films,,True
173,Baby Driver,1995,PG-13,19 Jun 2015,138 min,"Action, Adventure, Fantasy",Stuart Rosenberg,"Emma Donoghue (screenplay), Emma Donoghue (novel)","Steve McQueen, Dustin Hoffman, Victor Jory, Don Gordon","In German-occupied Poland during World War II, Oskar Schindler gradually becomes concerned for his Jewish workforce after witnessing their persecution by the Nazi Germans.",English,USA,Won 3 Oscars. Another 26 wins & 39 nominations.,https://images-na.ssl-images-amazon.com/images/M/MV5BMjAxMzY3NjcxNF5BMl5BanBnXkFtZTcwNTI5OTM0Mw@@._V1_SX300.jpg,Internet Movie Database,8.3/10,65,8.1,"1,108,627",ID-717,movie,,,,,,,,,,,http://www.rottentomatoes.com/m/pianist/,01 Aug 2000,,GKIDS,,True
56,Some Like It Hot,2017,PG-13,04 May 2012,88 min,"Biography, Drama",Martin Scorsese,"Andrew Stanton (original story by), Pete Docter (original story by), Andrew Stanton (screenplay), Jim Reardon (screenplay)","Robin Williams, Robert Sean Leonard, Ethan Hawke, Josh Charles","A senator, who became famous for killing a notorious outlaw, returns for the funeral of an old friend and tells the truth about his deed.",English,USA,6 wins & 1 nomination.,https://images-na.ssl-images-amazon.com/images/M/MV5BY2FmODc2N2QtYmY3MS00YTMwLWI2NGYtZWRmYWVkNjFjZmI0XkEyXkFqcGdeQXVyNTMxMjgxMzA@._V1_SX300.jpg,Internet Movie Database,8.0/10,61,8.4,"295,852",ID-718,movie,,,,,,,,,,,http://www.rottentomatoes.com/m/terminator_2_judgment_day/,15 Mar 2005,,Walt Disney Pictures,http://movies.disney.com/zootopia,True
250,The Best Years of Our Lives,1932,R,19 Mar 2004,148 min,"Drama, Sport",Damien Chazelle,"L.M. Kit Carson (adaptation), Sam Shepard","Kurt Russell, Wilford Brimley, T.K. Carter, David Clennon",The Tramp struggles to live in modern industrial society with the help of a young homeless woman.,"English, Arabic","Germany, USA",Won 1 Oscar. Another 21 wins & 19 nominations.,https://images-na.ssl-images-amazon.com/images/M/MV5BZDg1OGQ4YzgtM2Y2NS00NjA3LWFjYTctMDRlMDI3NWE1OTUyXkEyXkFqcGdeQXVyMjUzOTY1NTc@._V1_SX300.jpg,Internet Movie Database,8.2/10,86,8.0,"644,281",ID-719,movie,,,,,,,,,,,http://www.rottentomatoes.com/m/whos_afraid_of_virginia_woolf/,26 Jan 1999,,Paramount Pictures,http://www.inglouriousbasterds-movie.com/,True
30,Scarface,1989,R,25 May 1977,170 min,"Film-Noir, Mystery, Thriller",Mel Gibson,"Stanley Kubrick (screenplay), Jim Thompson (dialogue), Lionel White (novel)","Louis Wolheim, Lew Ayres, John Wray, Arnold Lucy","A five-year-old Indian boy gets lost on the streets of Calcutta, thousands of kilometers from home. He survives many challenges before being adopted by a couple in Australia. 25 years later, he sets out to find his lost family.","English, Arabic",USA,Nominated for 2 Oscars. Another 26 wins & 61 nominations.,https://images-na.ssl-images-amazon.com/images/M/MV5BN2YxYmUyZGItZWEzYy00NTA3LThhM2UtZThhNDM5NWYxZGQ1L2ltYWdlL2ltYWdlXkEyXkFqcGdeQXVyNjU0OTQ0OTY@._V1_SX300.jpg,Internet Movie Database,8.1/10,93,8.5,"83,328",ID-720,movie,,,,,,,,,,,http://www.rottentomatoes.com/m/terminator_2_judgment_day/,27 Aug 1997,,United Artists,http://www.kingsspeech.com/,True
179,Cat on a Hot Tin Roof,2013,G,26 Oct 1984,128 min,"Comedy, Fantasy, Romance",Billy Wilder,"John Huston (screenplay), B. Traven (based on the novel by)","Marlon Brando, Martin Sheen, Robert Duvall, Frederic Forrest",A man juggles searching for his wife's murderer and keeping his short-term memory loss from being an obstacle.,"English, American Sign Language",USA,Nominated for 2 Oscars. Another 5 wins & 4 nominations.,https://images-na.ssl-images-amazon.com/images/M/MV5BMTA2NDYxOGYtYjU1Mi00Y2QzLTgxMTQtMWI1MGI0ZGQ5MmU4XkEyXkFqcGdeQXVyNDk3NzU2MTQ@._V1_SX300.jpg,Internet Movie Database,8.0/10,83,8.0,"318,781",ID-721,movie,,,,,,,,,,,http://www.rottentomatoes.com/m/1052609-kid/,03 Dec 2012,"$936,658,640",WARNER BROTHERS PICTURES,,True
50,Mr. Smith Goes to Washington,1983,R,18 Oct 1941,133 min,"Drama, Music","Sam Wood, Edmund Goulding",Tom Schulman,"Alison Crosbie, Daniel Day-Lewis, Philip King, Emma Thompson","Fred Dobbs and Bob Curtin, two Americans searching for work in Mexico, convince an old prospector to help them mine for gold in the Sierra Madre Mountains.","English, Danish",USA,Won 2 Oscars. Another 32 wins & 16 nominations.,https://images-na.ssl-images-amazon.com/images/M/MV5BODZmYjMwNzEtNzVhNC00ZTRmLTk2M2UtNzE1MTQ2ZDAxNjc2XkEyXkFqcGdeQXVyMTQxNzMzNDI@._V1_SX300.jpg,Internet Movie Database,8.1/10,91,8.3,"494,215",ID-722,movie,,,,,,,,,,,http://www.rottentomatoes.com/m/the_dark_knight_rises/,15 Aug 2001,"$623,279,547",Paramount Pictures,http://www.theprincessbride-themovie.com/,True
150,Star Wars: Episode IV - A New Hope,2015,APPROVED,25 Feb 1994,108 min,"Action, Drama, Sci-Fi",Alfred Hitchcock,"Buster Keaton, Clyde Bruckman, Al Boasberg (adapted by), Charles Henry Smith (adapted by)","Ray Milland, Jane Wyman, Phillip Terry, Howard Da Silva","A seemingly indestructible humanoid cyborg is sent from 2029 to 1984 to assassinate a waitress, whose unborn son will lead humanity in a war against the machines, while a soldier from that war is sent to protect her at all costs.",English,USA,Nominated for 1 Oscar. Another 9 wins & 29 nominations.,https://images-na.ssl-images-amazon.com/images/M/MV5BMjA2NzYzMjE3MF5BMl5BanBnXkFtZTgwNDExMDY0MzE@._V1_SX300.jpg,Internet Movie Database,8.0/10,,8.2,"747,275",ID-723,movie,,,,,,,,,,,http://www.rottentomatoes.com/m/some_like_it_hot/,31 Oct 2000,,20th Century Fox,,True
1,All Quiet on the Western Front,1991,PG,17 Dec 2003,87 min,"Mystery, Thriller",Gore Verbinski,"Abby Mann, Abby Mann (based on his original story by)","Gene Kelly, Donald O'Connor, Debbie Reynolds, Jean Hagen","Jack Skellington, king of Halloween Town, discovers Christmas Town, but his attempts to bring Christmas to his home cause confusion.",English,USA,6 wins & 1 nomination.,https://images-na.ssl-images-amazon.com/images/M/MV5BMTc2MTQ3MDA1Nl5BMl5BanBnXkFtZTgwODA3OTI4NjE@._V1_SX300.jpg,Internet Movie Database,8.1/10,73,9.3,"407,892",ID-724,movie,,,,,,,,,,,http://www.rottentomatoes.com/m/seven/,09 Mar 2004,"$14,677,654",Cinedigm,http://www.thegrantorino.com/,True
198,Taxi Driver,2007,APPROVED,23 Jan 1943,143 min,"Drama, Romance",Garth Davis,"J.R.R. Tolkien (novel), Fran Walsh (screenplay), Philippa Boyens (screenplay), Peter Jackson (screenplay)","Robby Benson, Jesse Corti, Rex Everhart, Angela Lansbury","Retired Old West gunslinger William Munny reluctantly takes on one last job, with the help of his old partner and a young man.","English, Japanese, Thai",USA,Won 3 Oscars. Another 26 wins & 39 nominations.,https://images-na.ssl-images-amazon.com/images/M/MV5BOTMyMjEyNzIzMV5BMl5BanBnXkFtZTgwNzIyNjU0NzE@._V1_SX300.jpg,Internet Movie Database,8.7/10,66,8.0,"67,315",ID-725,movie,,,,,,,,,,,http://www.rottentomatoes.com/m/arsenic_and_old_lace/,27 Aug 1997,,Warner Bros. Pictures,http://www.FathomEvents.com,True
174,Blade Runner,2005,APPROVED,24 Aug 1946,169 min,"Drama, Romance",David Lean,Sylvester Stallone,"Laurence Olivier, Joan Fontaine, George Sanders, Judith Anderson","An American grandson of the infamous scientist, struggling to prove that he is not as insane as people believe, is invited to Transylvania, where he discovers the process that reanimates a dead body.",English,"USA, UK",Won 5 Oscars. Another 103 wins & 98 nominations.,https://images-na.ssl-images-amazon.com/images/M/MV5BNGYyZGM5MGMtYTY2Ni00M2Y1LWIzNjQtYWUzM2VlNGVhMDNhXkEyXkFqcGdeQXVyMTMxODk2OTU@._V1_SX300.jpg,Internet Movie Database,8.2/10,79,8.0,"960,639",ID-726,movie,,,,,,,,,,,http://www.rottentomatoes.com/m/sin_city/,20 Dec 2011,,Paramount Pictures,http://www.foxhome.com/diehardcollection/index_frames.html,True
250,The Last Picture Show,1986,R,22 Jun 1979,98 min,"Drama, Romance, War","Victor Fleming, George Cukor, Sam Wood","Byron Howard (story by), Rich Moore (story by), Jared Bush (story by), Jim Reardon (story by), Josie Trinidad (story by), Phil Johnston (story by), Jennifer Lee (story by), Jared Bush (screenplay), Phil Johnston (screenplay)","Liam Neeson, Ben Kingsley, Ralph Fiennes, Caroline Goodall","After refusing to attack an enemy position, a general accuses the soldiers of cowardice and their commanding officer must defend them.","English, Russian",USA,Nominated for 2 Golden Globes. Another 11 wins & 7 nominations.,https://images-na.ssl-images-amazon.com/images/M/MV5BMTI2MzQyNTc1M15BMl5BanBnXkFtZTYwMjExNjc3._V1_SX300.jpg,Internet Movie Database,8.6/10,71,8.0,"291,865",ID-727,movie,,,,,,,,,,,http://www.rottentomatoes.com/m/inside_out_2015/,11 Dec 2007,,ITVS,http://www.thegodfather.com/,True
123,Scarface,1944,PG,09 Jan 2009,124 min,"Crime, Drama",Francis Ford Coppola,"Richard Linklater, Kim Krizan","James Stewart, Lee Remick, Ben Gazzara, Arthur O'Connell","A giant great white shark arrives on the shores of a New England beach resort and wreaks havoc with bloody attacks on swimmers, until a local sheriff teams up with a marine biologist and an old seafarer to hunt the monster down.","English, Spanish",UK,,https://images-na.ssl-images-amazon.com/images/M/MV5BMTkxMTA5OTAzMl5BMl5BanBnXkFtZTgwNjA5MDc3NjE@._V1_SX300.jpg,Internet Movie Database,8.1/10,93,8.2,"110,576",ID-728,movie,,,,,,,,,,,http://www.rottentomatoes.com/m/untitled_boston_globe_project/,03 Nov 1997,"$380,236,369",Warner Bros. Pictures,,True
1,One Flew Over the Cuckoo's Nest,1936,G,19 Oct 2007,160 min,"Adventure, Drama, Thriller",Jim Sheridan,Luc Besson,"Rowan Atkinson, Matthew Broderick, Niketa Calame, Jim Cummings","A stark, perverse story of murder, kidnapping, and police corruption in a Mexican border town.",English,USA,Won 2 Oscars. Another 59 wins & 91 nominations.,https://images-na.ssl-images-amazon.com/images/M/MV5BYTViNjMyNmUtNDFkNC00ZDRlLThmMDUtZDU2YWE4NGI2ZjVmXkEyXkFqcGdeQXVyNjU0OTQ0OTY@._V1_SX300.jpg,Internet Movie Database,8.3/10,,8.7,"720,117",ID-729,movie,,,,,,,,,,,http://www.rottentomatoes.com/m/princess_bride/,06 Apr 1999,"$202,313,768",Warner Bros. Pictures,,True
162,Judgment at Nuremberg,1950,PG,11 Dec 1962,140 min,"Adventure, Drama, War","Lana Wachowski, Lilly Wachowski","Chuck Palahniuk (novel), Jim Uhls (screenplay)","Myrna Loy, Fredric March, Dana Andrews, Teresa Wright","With the help of a German bounty hunter , a freed slave sets out to rescue his wife from a brutal Mississippi plantation owner.",English,UK,1 nomination.,https://images-na.ssl-images-amazon.com/images/M/MV5BMTkxNzA1NDQxOV5BMl5BanBnXkFtZTcwNTkyMTIzMw@@._V1_SX300.jpg,Internet Movie Database,8.0/10,68,8.1,"341,336",ID-730,movie,,,,,,,,,,,http://www.rottentomatoes.com/m/out_of_the_past/,30 Nov 1999,"$53,100,000",Paramount Pictures,http://lionmovie.com/,True
206,Rain Man,2000,PASSED,08 Jan 2016,126 min,"Comedy, Romance",James Cameron,Peter Morgan,"Morgan Freeman, Andrew Kevin Walker, Kevin Spacey, Daniel Zacapa",A pragmatic U.S. Marine observes the dehumanizing effects the Vietnam War has on his fellow recruits from their brutal boot camp training to the bloody street fighting in Hue.,"English, Spanish","USA, UK",Nominated for 1 Golden Globe. Another 27 wins & 99 nominations.,https://images-na.ssl-images-amazon.com/images/M/MV5BMjFiZDg3MDgtOTdiNC00ZGFiLWIyN2ItNDhkNGI5ZThkOTE3XkEyXkFqcGdeQXVyNjc1NTYyMjg@._V1_SX300.jpg,Internet Movie Database,8.0/10,71,8.0,"592,039",ID-731,movie,,,,,,,,,,,http://www.rottentomatoes.com/m/finding_nemo/,04 May 2004,,Criterion Collection,,True
105,The Princess Bride,2017,PG,09 Jun 1989,135 min,"Crime, Thriller",Orson Welles,"Abby Mann, Abby Mann (based on his original story by)","Dustin Hoffman, Tom Cruise, Valeria Golino, Gerald R. Molen",A Polish Jewish musician struggles to survive the destruction of the Warsaw ghetto of World War II.,"English, French, Vietnamese","USA, UK",Won 4 Oscars. Another 150 wins & 203 nominations.,https://images-na.ssl-images-amazon.com/images/M/MV5BMWQ0ZGU3NDUtYjRkNS00Yzg4LTgxMTItMjExYjg3ZjgyMGRkXkEyXkFqcGdeQXVyNjU0OTQ0OTY@._V1_SX300.jpg,Internet Movie Database,8.4/10,83,8.2,"113,851",ID-732,movie,,,,,,,,,,,http://www.rottentomatoes.com/m/it_happened_one_night/,19 Jun 2001,"$100,422,786",Cinedigm,http://www.dogville.dk/,True
96,The Truman Show,1970,R,02 Nov 2001,98 min,"Comedy, Drama, Family",Lenny Abrahamson,"Sidney Buchman (screen play), Lewis R. Foster (story)","Gene Kelly, Donald O'Connor, Debbie Reynolds, Jean Hagen",Allied prisoners of war plan for several hundred of their number to escape from a German camp during World War II.,"English, German, French",USA,Won 5 Oscars. Another 17 wins & 23 nominations.,https://images-na.ssl-images-amazon.com/images/M/MV5BMjQwMTQ0MzgwNl5BMl5BanBnXkFtZTgwNjc4ODE4MzE@._V1_SX300.jpg,Internet Movie Database,8.9/10,86,8.3,"358,261",ID-733,movie,,,,,,,,,,,http://www.rottentomatoes.com/m/12_years_a_slave/,11 Dec 2001,"$18,173,360",Buena Vista Pictures,,True
55,The Grand Budapest Hotel,1975,R,18 Dec 2002,119 min,"Animation, Adventure, Comedy",Lars von Trier,"Walon Green (screenplay), Sam Peckinpah (screenplay), Walon Green (story), Roy N. Sickner (story)","Kevin Spacey, Annette Bening, Thora Birch, Wes Bentley",A veteran British barrister must defend his client in a murder trial that has surprise after surprise.,"English, French","USA, UK",Nominated for 1 Oscar. Another 4 wins & 11 nominations.,https://images-na.ssl-images-amazon.com/images/M/MV5BMTkxNzA1NDQxOV5BMl5BanBnXkFtZTcwNTkyMTIzMw@@._V1_SX300.jpg,Internet Movie Database,8.1/10,,8.4,"107,872",ID-734,movie,,,,,,,,,,,http://www.rottentomatoes.com/m/annie_hall/,19 Mar 2002,,Paramount Pictures,,True
103,The Shining,2012,NOT RATED,14 Feb 1991,114 min,"Comedy, Crime",Martin Scorsese,"Pete Docter (original story by), Jill Culton (original story by), Jeff Pidgeon (original story by), Ralph Eggleston (original story by), Andrew Stanton (screenplay), Daniel Gerson (screenplay)","Tom Hanks, David Morse, Michael Clarke Duncan, Bonnie Hunt","While home sick in bed, a young boy's grandfather reads him a story called The Princess Bride.",English,USA,Won 4 Oscars. Another 13 wins & 10 nominations.,https://images-na.ssl-images-amazon.com/images/M/MV5BODg4NzA0MTktOGU5ZS00ODlkLWE3ZmQtYjAzNjNmM2E3NmEzL2ltYWdlL2ltYWdlXkEyXkFqcGdeQXVyNjU0OTQ0OTY@._V1_SX300.jpg,Internet Movie Database,8.7/10,55,8.3,"527,053",ID-735,movie,,,,,,,,,,,http://www.rottentomatoes.com/m/treasure_of_the_sierra_madre/,27 Apr 2004,"$13,600,000",20th Century Fox,,True
236,The Bridge on the River Kwai,1960,R,09 Aug 1996,87 min,"Adventure, Comedy, Drama",Jonathan Demme,Michael Mann,"Dustin Hoffman, Tom Cruise, Valeria Golino, Gerald R. Molen",An old man makes a long journey by lawn-mover tractor to mend his relationship with an ill brother.,English,"USA, Canada",Nominated for 4 Oscars. Another 5 wins & 7 nominations.,https://images-na.ssl-images-amazon.com/images/M/MV5BMjIxMjgxNTk0MF5BMl5BanBnXkFtZTgwNjIyOTg2MDE@._V1_SX300.jpg,Internet Movie Database,8.3/10,92,8.0,"881,549",ID-736,movie,,,,,,,,,,,http://www.rottentomatoes.com/m/monty_python_and_the_holy_grail/,24 Mar 1998,"$151,058,124",New Line Cinema,,True
33,Out of the Past,1949,G,01 Sep 1954,110 min,"Action, Adventure, Sci-Fi",Francis Ford Coppola,Charles Chaplin,"Woody Allen, Diane Keaton, Tony Roberts, Carol Kane","When the menace known as the Joker emerges from his mysterious past, he wreaks havoc and chaos on the people of Gotham, the Dark Knight must accept one of the greatest psychological and physical tests of his ability to fight injustice.",English,USA,Won 4 Oscars. Another 113 wins & 124 nominations.,https://images-na.ssl-images-amazon.com/images/M/MV5BMjk3YjJmYTctMTAzZC00MzE4LWFlZGMtNDM5OTMyMDEzZWIxXkEyXkFqcGdeQXVyNTI4MjkwNjA@._V1_SX300.jpg,Internet Movie Database,8.7/10,,8.5,"367,328",ID-737,movie,,,,,,,,,,,http://www.rottentomatoes.com/m/amadeus/,31 Aug 1999,,Focus Features,,True
1,Interstellar,1977,G,02 Apr 1970,93 min,"Crime, Drama",Jon Watts,"J.R.R. Tolkien (novel), Fran Walsh (screenplay), Philippa Boyens (screenplay), Peter Jackson (screenplay)","Elizabeth Taylor, Paul Newman, Burl Ives, Jack Carson","After graduating from Emory University, top student and athlete Christopher McCandless abandons his possessions, gives his entire $24,000 savings account to charity and hitchhikes to Alaska to live in the wilderness. Along the way, Christopher encounters a series of characters that shape his life.",English,USA,Won 1 Oscar. Another 129 wins & 165 nominations.,https://images-na.ssl-images-amazon.com/images/M/MV5BMTU0NTkyNzYwMF5BMl5BanBnXkFtZTgwMDU0NDk5MTI@._V1_SX300.jpg,Internet Movie Database,8.2/10,,8.8,"1,053,569",ID-738,movie,,,,,,,,,,,http://www.rottentomatoes.com/m/gone_girl/,26 Jan 1999,"$56,939,515",The Weinstein Company,,True
222,Eternal Sunshine of the Spotless Mind,1987,R,01 Sep 1954,134 min,"Adventure, Drama, Thriller",Christopher Nolan,"Larry McMurtry (screenplay), Peter Bogdanovich (screenplay), Larry McMurtry (novel)","Robert De Niro, John Cazale, John Savage, Christopher Walken",Paul Rusesabagina was a hotel manager who housed over a thousand Tutsi refugees during their struggle against the Hutu militia in Rwanda.,English,USA,Won 3 Oscars. Another 26 wins & 39 nominations.,https://images-na.ssl-images-amazon.com/images/M/MV5BMTk2NTI1MTU4N15BMl5BanBnXkFtZTcwODg0OTY0Nw@@._V1_SX300.jpg,Internet Movie Database,8.7/10,,8.0,"1,458,676",ID-739,movie,,,,,,,,,,,http://www.rottentomatoes.com/m/up/,29 Jun 1999,,Twentieth Century Fox Home Entertainment,,True
113,Eternal Sunshine of the Spotless Mind,2017,R,08 Jul 1977,148 min,"Drama, Thriller, Western",Lenny Abrahamson,Lars von Trier,"Ray Milland, Grace Kelly, Robert Cummings, John Williams",A confined but troubled rock star descends into madness in the midst of his physical and social isolation from everyone.,English,"UK, USA",Won 1 Oscar. Another 6 wins & 20 nominations.,https://images-na.ssl-images-amazon.com/images/M/MV5BMDgzYjQwMDMtNGUzYi00MTRmLWIyMGMtNjE1OGZkNzY2YWIzL2ltYWdlXkEyXkFqcGdeQXVyNjU0OTQ0OTY@._V1_SX300.jpg,Internet Movie Database,8.4/10,,8.2,"166,166",ID-740,movie,,,,,,,,,,,http://www.rottentomatoes.com/m/into_the_wild/,31 Mar 2015,,Touchstone Pictures,http://www.hacksawridge.movie/,True
205,Blade Runner,1951,APPROVED,24 Jan 1948,88 min,"Comedy, Crime",Billy Wilder,Richard Kelly,"Virginia Cherrill, Florence Lee, Harry Myers, Al Ernest Garcia",A research facility in Antarctica comes across an alien force that can become anything it touches with 100% accuracy. The members must now find out who's human and who's not before it's too late.,English,USA,Won 2 Oscars. Another 25 wins & 18 nominations.,https://images-na.ssl-images-amazon.com/images/M/MV5BNjhjODI2NTItMGE1ZS00NThiLWE1MmYtOWE3YzcyNzY1MTJlXkEyXkFqcGdeQXVyNTc1NTQxODI@._V1_SX300.jpg,Internet Movie Database,8.1/10,91,8.0,"670,652",ID-741,movie,,,,,,,,,,,http://www.rottentomatoes.com/m/can_mr_smith_get_to_washington_anymore/,11 Oct 2005,,20th Century Fox,,True
97,The Lost Weekend,2017,R,28 Mar 2014,94 min,"Crime, Drama, History",Sam Mendes,"Paul Brickhill (book), James Clavell (screenplay), W.R. Burnett (screenplay)","Ben Affleck, Rosamund Pike, Neil Patrick Harris, Tyler Perry","After graduating from Emory University, top student and athlete Christopher McCandless abandons his possessions, gives his entire $24,000 savings account to charity and hitchhikes to Alaska to live in the wilderness. Along the way, Christopher encounters a series of characters that shape his life.",English,"USA, Hong Kong, UK",Won 4 Oscars. Another 13 wins & 13 nominations.,https://images-na.ssl-images-amazon.com/images/M/MV5BZjhhMThhNDItNTY2MC00MmU1LTliNDEtNDdhZjdlNTY5ZDQ1XkEyXkFqcGdeQXVyNjc1NTYyMjg@._V1_SX300.jpg,Internet Movie Database,8.0/10,,8.3,"37,689",ID-742,movie,,,,,,,,,,,http://www.rottentomatoes.com/m/dogville/,27 Jan 1998,,Paramount Pictures,,True
204,The Matrix,1997,APPROVED,20 Nov 1998,130 min,"Biography, Drama, Sport",Denis Villeneuve,"J.R.R. Tolkien (novel), Fran Walsh (screenplay), Philippa Boyens (screenplay), Peter Jackson (screenplay)","James Stewart, Kim Novak, Barbara Bel Geddes, Tom Helmore","WWII American Army Medic Desmond T. Doss, who served during the Battle of Okinawa, refuses to kill people, and becomes the first man in American history to receive the Medal of Honor without firing a shot.",English,"USA, India, United Arab Emirates",2 wins.,https://images-na.ssl-images-amazon.com/images/M/MV5BMmExYWJjNTktNGUyZS00ODhmLTkxYzAtNWIzOGEyMGNiMmUwXkEyXkFqcGdeQXVyNjU0OTQ0OTY@._V1_SX300.jpg,Internet Movie Database,8.1/10,,8.0,"1,108,627",ID-743,movie,,,,,,,,,,,http://www.rottentomatoes.com/m/seven/,02 Dec 2003,"$198,116,802",Liongate Films,,True
56,The Sixth Sense,1985,PG,19 Jun 2015,89 min,"Drama, War",Terry Jones,"Walon Green (screenplay), Sam Peckinpah (screenplay), Walon Green (story), Roy N. Sickner (story)","George C. Scott, Karl Malden, Stephen Young, Michael Strong","The incredible story of Wolfgang Amadeus Mozart, told by his peer and secret rival Antonio Salieri - now confined to an insane asylum.","English, French",USA,Won 4 Oscars. Another 13 wins & 15 nominations.,https://images-na.ssl-images-amazon.com/images/M/MV5BODQwOTc5MDM2N15BMl5BanBnXkFtZTcwODQxNTEzNA@@._V1_SX300.jpg,Internet Movie Database,8.2/10,86,8.5,"549,211",ID-744,movie,,,,,,,,,,,http://www.rottentomatoes.com/m/hotel_rwanda/,02 Nov 1999,,United Artists,,True
63,Sunset Boulevard,2014,PG,06 Jul 1944,132 min,"Adventure, Family, Fantasy",Terry Jones,Destin Daniel Cretton,"Sunny Pawar, Abhishek Bharate, Priyanka Bose, Khushi Solanki",A criminal pleads insanity after getting into trouble again and once in the mental institution rebels against the oppressive nurse and rallies up the scared patients.,"English, Spanish",USA,Won 11 Oscars. Another 197 wins & 122 nominations.,https://images-na.ssl-images-amazon.com/images/M/MV5BZjhkMDM4MWItZTVjOC00ZDRhLThmYTAtM2I5NzBmNmNlMzI1XkEyXkFqcGdeQXVyNDYyMDk5MTU@._V1_SX300.jpg,Internet Movie Database,8.5/10,86,8.3,"341,336",ID-745,movie,,,,,,,,,,,http://www.rottentomatoes.com/m/hotel_rwanda/,02 Mar 2004,,Universal Pictures,http://www.maryandmax.com/,True
105,Aladdin,2009,APPROVED,02 Oct 2015,98 min,"Comedy, Romance",Peter Weir,"Quentin Tarantino, Quentin Tarantino (character The Bride), Uma Thurman (character The Bride)","Jean Arthur, James Stewart, Claude Rains, Edward Arnold","When Union spies steal an engineer's beloved locomotive, he pursues it single-handedly and straight through enemy lines.",English,"UK, USA",Won 4 Oscars. Another 34 wins & 45 nominations.,https://images-na.ssl-images-amazon.com/images/M/MV5BMGU2NzRmZjUtOGUxYS00ZjdjLWEwZWItY2NlM2JhNjkxNTFmXkEyXkFqcGdeQXVyNjU0OTQ0OTY@._V1_SX300.jpg,Internet Movie Database,8.5/10,69,8.2,"643,205",ID-746,movie,,,,,,,,,,,http://www.rottentomatoes.com/m/secrets-of-the-great-wall2004/,05 Nov 2002,,New Line Cinema,,True
250,Casablanca,2017,R,18 Jul 2008,153 min,"Biography, Drama, History","Jared Bush, Byron Howard, Rich Moore","Ethan Coen, Joel Coen","Leonardo DiCaprio, Matt Damon, Jack Nicholson, Mark Wahlberg","While Frodo and Sam edge closer to Mordor with the help of the shifty Gollum, the divided fellowship makes a stand against Sauron's new ally, Saruman, and his hordes of Isengard.","English, Irish",USA,Won 8 Oscars. Another 27 wins & 20 nominations.,https://images-na.ssl-images-amazon.com/images/M/MV5BMTMzMzY5NDc4M15BMl5BanBnXkFtZTcwMzc4NjIxNw@@._V1_SX300.jpg,Internet Movie Database,8.3/10,,8.0,"161,564",ID-747,movie,,,,,,,,,,,http://www.rottentomatoes.com/m/room_2015/,26 Oct 1999,,Columbia Pictures,http://rockythemovie.com/,True
26,On the Waterfront,2017,PG,17 Sep 1982,136 min,"Action, Adventure, Comedy","Roger Allers, Rob Minkoff","Paul Thomas Anderson (screenplay), Upton Sinclair (novel)","Robert Mitchum, Shelley Winters, Lillian Gish, James Gleason","With his wife's disappearance having become the focus of an intense media circus, a man sees the spotlight turned on him when it's suspected that he may not be innocent.",English,USA,Won 1 Oscar. Another 1 win & 5 nominations.,https://images-na.ssl-images-amazon.com/images/M/MV5BZDVhMTk1NjUtYjc0OS00OTE1LTk1NTYtYWMzMDI5OTlmYzU2XkEyXkFqcGdeQXVyNjc1NTYyMjg@._V1_SX300.jpg,Internet Movie Database,8.0/10,77,8.5,"592,039",ID-748,movie,,,,,,,,,,,http://www.rottentomatoes.com/m/dog_day_afternoon/,11 Jul 2000,,United Artists,http://www.thewolfofwallstreet.com/,True
195,The Wizard of Oz,2001,R,10 Aug 1953,136 min,"Horror, Mystery, Thriller",Robert Rossen,"William Peter Blatty (written for the screen by), William Peter Blatty (novel)","Charles Chaplin, Paulette Goddard, Henry Bergman, Tiny Sandford","After being coerced into working for a crime boss, a young getaway driver finds himself taking part in a heist doomed to fail.","English, French, Vietnamese","USA, Canada, Australia",Won 8 Oscars. Another 10 wins & 9 nominations.,https://images-na.ssl-images-amazon.com/images/M/MV5BNDM2OTM0MjUtOTQ4Yy00MmY3LThhM2UtOWFlYjkxNTgwZDcyXkEyXkFqcGdeQXVyNjc1NTYyMjg@._V1_SX300.jpg,Internet Movie Database,8.1/10,,8.0,"856,870",ID-749,movie,,,,,,,,,,,http://www.rottentomatoes.com/m/singin_in_the_rain/,11 Apr 2017,,Fine Line Features,,True
223,Prisoners,1999,R,16 Mar 1963,124 min,"Crime, Drama, Thriller",James Gunn,"L.M. Kit Carson (adaptation), Sam Shepard","William Holden, Gloria Swanson, Erich von Stroheim, Nancy Olson","A hapless young Viking who aspires to hunt dragons becomes the unlikely friend of a young dragon himself, and learns there may be more to the creatures than he assumed.",English,Italy,Nominated for 2 Golden Globes. Another 11 wins & 7 nominations.,https://images-na.ssl-images-amazon.com/images/M/MV5BMTY5MTYyNjkwNV5BMl5BanBnXkFtZTcwODE3MTI0MQ@@._V1_SX300.jpg,Internet Movie Database,8.1/10,,8.0,"720,117",ID-750,movie,,,,,,,,,,,http://www.rottentomatoes.com/m/1015002-night_at_the_opera/,24 Feb 2015,"$227,400,000",Paramount Pictures,,True
177,Room,1992,PG,06 Jan 2017,87 min,"Adventure, Sci-Fi, Thriller",John Ford,"Vera Caspary (novel), Jay Dratler (screen play), Samuel Hoffenstein (screen play), Elizabeth Reinhardt (screen play)","Jack Nicholson, Shelley Duvall, Danny Lloyd, Scatman Crothers",A wheelchair-bound photographer spies on his neighbours from his apartment window and becomes convinced one of them has committed murder.,"English, German, Greek, Arabic","USA, UK, Germany",Nominated for 4 Oscars. Another 21 wins & 15 nominations.,https://images-na.ssl-images-amazon.com/images/M/MV5BOTY0ZTA1ZjUtN2MyNi00ZGRmLWExYmMtOTkyNzI1NGQ2Y2RlXkEyXkFqcGdeQXVyNjc1NTYyMjg@._V1_SX300.jpg,Internet Movie Database,8.3/10,84,8.1,"485,079",ID-751,movie,,,,,,,,,,,http://www.rottentomatoes.com/m/rio_bravo/,07 Apr 2009,"$623,279,547",Warner Bros.,http://www.indianajones.com/raiders/,True
202,The Treasure of the Sierra Madre,1992,APPROVED,25 Jun 1982,202 min,"Drama, Music",Frank Capra,"Francis Ford Coppola (screenplay), Mario Puzo (screenplay), Mario Puzo (novel)","Ben Affleck, Rosamund Pike, Neil Patrick Harris, Tyler Perry","Karl Childers, a simple man hospitalized since his childhood murder of his mother and her lover, is released to start a new life in a small town.",English,USA,Won 1 Oscar. Another 70 wins & 109 nominations.,https://images-na.ssl-images-amazon.com/images/M/MV5BNjMxZWIyYzQtNjYzNy00NTk1LTg3ZDEtZDRmZmMxYmY4YmVjXkEyXkFqcGdeQXVyNjU0OTQ0OTY@._V1_SX300.jpg,Internet Movie Database,8.1/10,69,8.1,"709,587",ID-752,movie,,,,,,,,,,,http://www.rottentomatoes.com/m/million_dollar_baby/,20 Dec 2011,,Warner Bros. Pictures,http://starwars.com/,True
66,Chinatown,1954,R,,88 min,"Comedy, Fantasy, Romance",James Gunn,"Winston Groom (novel), Eric Roth (screenplay)","Robert Mitchum, Shelley Winters, Lillian Gish, James Gleason","When a teenage girl is possessed by a mysterious entity, her mother seeks the help of two priests to save her daughter.","English, Arabic",USA,Won 7 Oscars. Another 23 wins & 14 nominations.,https://images-na.ssl-images-amazon.com/images/M/MV5BMjA5Njk3MjM4OV5BMl5BanBnXkFtZTcwMTc5MTE1MQ@@._V1_SX300.jpg,Internet Movie Database,8.1/10,95,8.3,"63,422",ID-753,movie,,,,,,,,,,,http://www.rottentomatoes.com/m/strangers_on_a_train/,30 Nov 1999,"$341,264,012",Turner Entertainment,http://www.bttfmovie.com/,True
250,A Clockwork Orange,1979,PG,30 May 2003,112 min,"Action, Adventure, Sci-Fi",Martin Scorsese,"Lilly Wachowski, Lana Wachowski","Ansel Elgort, Jon Bernthal, Jon Hamm, Eiza González","After refusing to attack an enemy position, a general accuses the soldiers of cowardice and their commanding officer must defend them.",English,USA,Nominated for 2 Oscars. Another 55 wins & 55 nominations.,https://images-na.ssl-images-amazon.com/images/M/MV5BOWRiZDIxZjktMTA1NC00MDQ2LWEzMjUtMTliZmY3NjQ3ODJiXkEyXkFqcGdeQXVyNjU0OTQ0OTY@._V1_SX300.jpg,Internet Movie Database,8.0/10,71,8.0,"251,296",ID-754,movie,,,,,,,,,,,http://www.rottentomatoes.com/m/untitled_boston_globe_project/,23 May 2017,,Paramount Pictures,http://www.disney.com/beautyandthebeast,True
211,The Dark Knight Rises,1941,PG-13,11 Apr 1952,128 min,"Mystery, Sci-Fi, Thriller",Charles Laughton,"Hume Cronyn (adapted by), Patrick Hamilton (from the play by), Arthur Laurents (screenplay)","Morgan Freeman, Andrew Kevin Walker, Kevin Spacey, Daniel Zacapa","Will Hunting, a janitor at M.I.T., has a gift for mathematics, but needs help from a psychologist to find direction in his life.","English, Italian, French",USA,Won 4 Oscars. Another 15 wins & 25 nominations.,https://images-na.ssl-images-amazon.com/images/M/MV5BMTI1MTY2OTIxNV5BMl5BanBnXkFtZTYwNjQ4NjY3._V1_SX300.jpg,Internet Movie Database,8.1/10,84,8.0,"129,873",ID-755,movie,,,,,,,,,,,http://www.rottentomatoes.com/m/1209767-mary_and_max/,03 Jul 2001,,Liberty Films,,True
193,Rebecca,1984,R,09 Jan 1998,108 min,"Adventure, Drama, Fantasy",Michael Mann,"Andrew Stanton (original story by), Andrew Stanton (screenplay), Bob Peterson (screenplay), David Reynolds (screenplay)","Natalie Portman, Hugo Weaving, Stephen Rea, Stephen Fry","The true story of how the Boston Globe uncovered the massive scandal of child molestation and cover-up within the local Catholic Archdiocese, shaking the entire Catholic Church to its core.",English,USA,Nominated for 7 Oscars. Another 34 wins & 180 nominations.,https://images-na.ssl-images-amazon.com/images/M/MV5BNzc5N2ZjNWMtNWVkZi00MzYyLTkxNjYtMzc0NjE0MDFjNGQ0XkEyXkFqcGdeQXVyNjc1NTYyMjg@._V1_SX300.jpg,Internet Movie Database,8.1/10,,8.0,"36,009",ID-756,movie,,,,,,,,,,,http://www.rottentomatoes.com/m/1059489-wild_bunch/,24 Aug 2004,"$125,001,000",Paramount Pictures,http://www.facebook.com/songoftheseamovie,True
181,Amadeus,1997,R,06 Jul 1994,107 min,Drama,Destin Daniel Cretton,"Chris Marker (film La Jetée), David Webb Peoples (screenplay), Janet Peoples (screenplay)","Laurence Olivier, Michael Caine, Alec Cawthorne, John Matthews","Following the Normandy Landings, a group of U.S. soldiers go behind enemy lines to retrieve a paratrooper whose brothers have been killed in action.",English,USA,Nominated for 4 Oscars. Another 20 wins & 16 nominations.,https://images-na.ssl-images-amazon.com/images/M/MV5BNzk2M2Y3MzYtNGMzMi00Y2FjLTkwODQtNmExYWU3ZWY3NzExXkEyXkFqcGdeQXVyNTA4NzY1MzY@._V1_SX300.jpg,Internet Movie Database,8.1/10,,8.1,"910,608",ID-757,movie,,,,,,,,,,,http://www.rottentomatoes.com/m/singin_in_the_rain/,07 Jun 2016,,Warner Bros.,,True
138,Taxi Driver,1953,NOT RATED,18 Jan 1940,149 min,"Action, Adventure, Drama",Christopher Nolan,Christopher Nolan,"Ben Burtt, Elissa Knight, Jeff Garlin, Fred Willard","When two male musicians witness a mob hit, they flee the state in an all-female band disguised as women, but further complications set in.","English, Vietnamese",USA,Won 3 Oscars. Another 5 wins & 8 nominations.,https://images-na.ssl-images-amazon.com/images/M/MV5BMzE5MDM1NDktY2I0OC00YWI5LTk2NzUtYjczNDczOWQxYjM0XkEyXkFqcGdeQXVyMTQxNzMzNDI@._V1_SX300.jpg,Internet Movie Database,8.7/10,84,8.1,"793,897",ID-758,movie,,,,,,,,,,,http://www.rottentomatoes.com/m/gladiator/,27 Jan 1998,,Paramount Vantage,http://www.mgm.com/title_title.do?title_star=FARGO,True
198,Touch of Evil,2013,APPROVED,20 Dec 1974,238 min,"Drama, History",Ridley Scott,"Calder Willingham (screenplay), Buck Henry (screenplay), Charles Webb (based on the novel by)","Christian Bale, Gary Oldman, Tom Hardy, Joseph Gordon-Levitt",An insurance representative lets himself be talked into a murder/insurance fraud scheme that arouses an insurance investigator's suspicions.,English,"UK, USA",Won 3 Oscars. Another 10 wins & 17 nominations.,https://images-na.ssl-images-amazon.com/images/M/MV5BNDMyNGU0NjUtNTIxMC00ZmU2LWE0ZGItZTdkNGVlODI2ZDcyL2ltYWdlXkEyXkFqcGdeQXVyNjc1NTYyMjg@._V1_SX300.jpg,Internet Movie Database,8.1/10,84,8.0,"44,802",ID-759,movie,,,,,,,,,,,http://www.rottentomatoes.com/m/taxi_driver/,15 Feb 2000,,United Artists,http://www.foxsearchlight.com/slumdogmillionaire/,True
27,Aladdin,1995,PG-13,11 Jun 1993,93 min,"Adventure, Drama, Sci-Fi","Gary Trousdale, Kirk Wise","Richard Linklater (screenplay), Julie Delpy (screenplay), Ethan Hawke (screenplay), Richard Linklater (story), Kim Krizan (story), Richard Linklater (characters), Kim Krizan (characters)","Dustin Hoffman, Tom Cruise, Valeria Golino, Gerald R. Molen",A confined but troubled rock star descends into madness in the midst of his physical and social isolation from everyone.,"English, Norwegian","UK, USA",Won 3 Oscars. Another 16 wins & 21 nominations.,https://images-na.ssl-images-amazon.com/images/M/MV5BMTY4NzcwODg3Nl5BMl5BanBnXkFtZTcwNTEwOTMyMw@@._V1_SX300.jpg,Internet Movie Database,8.4/10,92,8.8,"685,825",ID-760,movie,,,,,,,,,,,http://www.rottentomatoes.com/m/untitled_boston_globe_project/,23 Oct 2001,"$623,279,547",Universal Pictures,,True
193,The Maltese Falcon,1989,PG-13,25 Dec 2016,142 min,"Biography, Crime, Drama",Damien Chazelle,"Charles Brackett, Billy Wilder, D.M. Marshman Jr.","Danny Elfman, Chris Sarandon, Catherine O'Hara, William Hickey",Disturbed Blanche DuBois moves in with her sister in New Orleans and is tormented by her brutish brother-in-law while her reality crumbles around her.,English,"USA, Germany",Won 2 Oscars. Another 17 wins & 25 nominations.,https://images-na.ssl-images-amazon.com/images/M/MV5BOWIwODIxYWItZDI4MS00YzhhLWE3MmYtMzlhZDIwOTMzZmE5L2ltYWdlXkEyXkFqcGdeQXVyNjc1NTYyMjg@._V1_SX300.jpg,Internet Movie Database,8.1/10,61,8.1,"49,303",ID-761,movie,,,,,,,,,,,http://www.rottentomatoes.com/m/dr_strangelove/,14 Jan 2014,,WARNER BROTHERS PICTURES,,True
133,It's a Wonderful Life,1957,R,08 Jan 2016,67 min,Drama,David Lynch,"Stanley Kubrick (screenplay), Jim Thompson (dialogue), Lionel White (novel)","Cary Grant, Rosalind Russell, Ralph Bellamy, Gene Lockhart",A young recruit in Vietnam faces a moral crisis when confronted with the horrors of war and the duality of man.,English,USA,Won 5 Oscars. Another 74 wins & 74 nominations.,https://images-na.ssl-images-amazon.com/images/M/MV5BYzllMjJkODAtYjMwMi00YmNhLWFhYzAtZjZjODg5YzEwOGUwXkEyXkFqcGdeQXVyNjU0OTQ0OTY@._V1_SX300.jpg,Internet Movie Database,8.4/10,86,8.1,"49,303",ID-762,movie,,,,,,,,,,,http://www.rottentomatoes.com/m/1002352-big_sleep/,29 Jun 1999,,20th Century Fox,http://www.thegreenmile.com,True
250,Se7en,1985,PG-13,18 Jul 1986,121 min,"Action, Adventure",Harold Ramis,"Herman J. Mankiewicz (original screen play), Orson Welles (original screen play)","Penelope Allen, Sully Boyar, John Cazale, Beulah Garrick","After his son is captured in the Great Barrier Reef and taken to Sydney, a timid clownfish sets out on a journey to bring him home.","English, Mandarin",USA,Won 6 Oscars. Another 50 wins & 28 nominations.,https://images-na.ssl-images-amazon.com/images/M/MV5BNmE1MDk4OWEtYjk1NS00MWU2LTk5ZWItYjZhYmRkODRjMDc0XkEyXkFqcGdeQXVyNjE5MjUyOTM@._V1_SX300.jpg,Internet Movie Database,8.2/10,60,8.0,"58,960",ID-763,movie,,,,,,,,,,,http://www.rottentomatoes.com/m/1008166-general/,27 Oct 1998,,DreamWorks Studios,,True
88,The Revenant,2004,PG,09 Apr 2009,140 min,"Crime, Drama, Film-Noir",Peter Weir,"Irene Mecchi (screenplay), Jonathan Roberts (screenplay), Linda Woolverton (screenplay), Burny Mattinson (story), Barry Johnson (story), Lorna Cook (story), Thom Enriquez (story), Andy Gaskill (story), Gary Trousdale (story), Jim Capobianco (story), Kevin Harkey (story), Jorgen Klubien (story), Chris Sanders (story), Tom Sito (story), Larry Leker (story), Joe Ranft (story), Rick Maki (story), Ed Gombert (story), Francis Glebas (story), Mark Kausler (story), J.T. Allen (additional story material), George Scribner (additional story material), Miguel Tejada-Flores (additional story material), Jenny Tripp (additional story material), Bob Tzudiker (additional story material), Christopher Vogler (additional story material), Kirk Wise (additional story material), Noni White (additional story material), Brenda Chapman (story supervisor)","William Holden, Gloria Swanson, Erich von Stroheim, Nancy Olson",A New Orleans DA discovers there's more to the Kennedy assassination than the official story.,English,UK,Won 2 Oscars. Another 4 wins & 10 nominations.,https://images-na.ssl-images-amazon.com/images/M/MV5BY2FmODc2N2QtYmY3MS00YTMwLWI2NGYtZWRmYWVkNjFjZmI0XkEyXkFqcGdeQXVyNTMxMjgxMzA@._V1_SX300.jpg,Internet Movie Database,8.4/10,95,8.2,"589,975",ID-764,movie,,,,,,,,,,,http://www.rottentomatoes.com/m/papillon/,03 Nov 2015,,20th Century Fox,,True
84,2001: A Space Odyssey,2005,PG,17 Jan 1940,135 min,"Comedy, Drama",Charles Chaplin,"Herman J. Mankiewicz (original screen play), Orson Welles (original screen play)","Jack Nicholson, Shelley Duvall, Danny Lloyd, Scatman Crothers","Karl Childers, a simple man hospitalized since his childhood murder of his mother and her lover, is released to start a new life in a small town.",English,USA,8 wins & 62 nominations.,https://images-na.ssl-images-amazon.com/images/M/MV5BNjI5N2Y4YWEtYThmOC00ODA0LTlhMGYtNmE3MmVmNjNhYWQyXkEyXkFqcGdeQXVyMDI2NDg0NQ@@._V1_SX300.jpg,Internet Movie Database,8.4/10,,8.3,"857,527",ID-765,movie,,,,,,,,,,,http://www.rottentomatoes.com/m/double_indemnity/,25 Mar 2014,,Fox Searchlight,,True
118,Saving Private Ryan,1947,R,20 Sep 2013,170 min,"Comedy, Romance",Gore Verbinski,"William Faulkner (screen play), Leigh Brackett (screen play), Jules Furthman (screen play), Raymond Chandler (from the novel by)","Al Pacino, Steven Bauer, Michelle Pfeiffer, Mary Elizabeth Mastrantonio","When a street urchin vies for the love of a beautiful princess, he uses a genie's magic power to make himself off as a prince in order to marry her.","English, Arabic",USA,Won 1 Oscar. Another 92 wins & 104 nominations.,https://images-na.ssl-images-amazon.com/images/M/MV5BMTI1MTY2OTIxNV5BMl5BanBnXkFtZTYwNjQ4NjY3._V1_SX300.jpg,Internet Movie Database,8.2/10,88,8.1,"207,765",ID-766,movie,,,,,,,,,,,http://www.rottentomatoes.com/m/inglourious_basterds/,26 Nov 2002,,20th Century Fox Film Corporat,http://www.foxsearchlight.com/12yearsaslave/,True
152,Kind Hearts and Coronets,1960,R,06 Jul 1994,106 min,"Comedy, Drama, Fantasy",Alfred Hitchcock,"Roger Waters (album ""The Wall""), Roger Waters (screenplay)","Tom Hanks, Tim Allen, Don Rickles, Jim Varney",Archaeologist and adventurer Indiana Jones is hired by the U.S. government to find the Ark of the Covenant before the Nazis.,"English, Latin, Spanish",USA,Nominated for 2 Oscars. Another 23 wins & 99 nominations.,https://images-na.ssl-images-amazon.com/images/M/MV5BYWY5ZjhjNGYtZmI2Ny00ODM0LWFkNzgtZmI1YzA2N2MxMzA0XkEyXkFqcGdeQXVyNjUwNzk3NDc@._V1_SX300.jpg,Internet Movie Database,8.6/10,69,8.1,"461,331",ID-767,movie,,,,,,,,,,,http://www.rottentomatoes.com/m/one_flew_over_the_cuckoos_nest/,11 Dec 2001,,Columbia Pictures,,True
248,The Best Years of Our Lives,1989,R,25 May 2001,169 min,"Comedy, Drama, Family",Gore Verbinski,"John Lasseter (story by), Andrew Stanton (story by), Lee Unkrich (story by), Michael Arndt (screenplay)","Frank Sinatra, Laurence Harvey, Janet Leigh, Angela Lansbury",Two stage magicians engage in competitive one-upmanship in an attempt to create the ultimate stage illusion.,"English, Norwegian",USA,4 wins & 1 nomination.,https://images-na.ssl-images-amazon.com/images/M/MV5BMTk3NDE2NzI4NF5BMl5BanBnXkFtZTgwNzE1MzEyMTE@._V1_SX300.jpg,Internet Movie Database,8.2/10,84,8.0,"1,188,300",ID-768,movie,,,,,,,,,,,http://www.rottentomatoes.com/m/lawrence_of_arabia/,13 Jun 2000,,Paramount Pictures,,True
146,Million Dollar Baby,1970,NOT RATED,01 Nov 1957,105 min,"Drama, Music",Stanley Kubrick,Aaron Guzikowski,"Louis Wolheim, Lew Ayres, John Wray, Arnold Lucy","Three decades after the Empire's defeat, a new threat arises in the militant First Order. Stormtrooper defector Finn and spare parts scavenger Rey are caught up in the Resistance's search for the missing Luke Skywalker.",English,USA,Won 1 Oscar. Another 92 wins & 104 nominations.,https://images-na.ssl-images-amazon.com/images/M/MV5BMDE5ZjAwY2YtOWM5Yi00ZWNlLWE5ODQtYjA4NzA1NGFkZDU5XkEyXkFqcGdeQXVyNjc1NTYyMjg@._V1_SX300.jpg,Internet Movie Database,8.3/10,93,8.1,"36,301",ID-769,movie,,,,,,,,,,,http://www.rottentomatoes.com/m/deer_hunter/,31 Mar 1998,,Paramount Pictures,http://www.amctv.com/shows/the-killing,True
66,A Clockwork Orange,1975,R,12 Jul 1973,130 min,"Mystery, Sci-Fi, Thriller",Stanley Kramer,"Lawrence Kasdan, J.J. Abrams, Michael Arndt, George Lucas (based on characters created by)","John Wayne, James Stewart, Vera Miles, Lee Marvin","After graduating from Emory University, top student and athlete Christopher McCandless abandons his possessions, gives his entire $24,000 savings account to charity and hitchhikes to Alaska to live in the wilderness. Along the way, Christopher encounters a series of characters that shape his life.","English, Spanish","USA, New Zealand",Won 2 Oscars. Another 115 wins & 134 nominations.,https://images-na.ssl-images-amazon.com/images/M/MV5BZTcyNjk1MjgtOWI3Mi00YzQwLWI5MTktMzY4ZmI2NDAyNzYzXkEyXkFqcGdeQXVyNjU0OTQ0OTY@._V1_SX300.jpg,Internet Movie Database,8.0/10,94,8.3,"38,576",ID-770,movie,,,,,,,,,,,http://www.rottentomatoes.com/m/rain_man/,28 Aug 2001,"$94,240,635",Touchstone Pictures,http://www.mgm.com/title_title.php?title_star=NIGHTHUN,True
205,The Dark Knight,1950,PG,20 Oct 2006,112 min,"Action, Crime, Drama",Christopher Nolan,"Peter Benchley (screenplay), Carl Gottlieb (screenplay), Peter Benchley (based on the novel by)","Charles Chaplin, Jack Oakie, Reginald Gardiner, Henry Daniell",A jury holdout attempts to prevent a miscarriage of justice by forcing his colleagues to reconsider the evidence.,English,"USA, Canada, Australia",Won 1 Oscar. Another 4 wins & 4 nominations.,https://images-na.ssl-images-amazon.com/images/M/MV5BMGFkNWI4MTMtNGQ0OC00MWVmLTk3MTktOGYxN2Y2YWVkZWE2XkEyXkFqcGdeQXVyNjU0OTQ0OTY@._V1_SX300.jpg,Internet Movie Database,8.6/10,78,8.0,"490,860",ID-771,movie,,,,,,,,,,,http://www.rottentomatoes.com/m/die_hard/,15 Feb 2000,"$339,700,000",Paramount Studios,,True
1,The Wild Bunch,1989,R,27 Sep 2013,130 min,Drama,"Victor Fleming, George Cukor, Sam Wood","T.E. Lawrence (writings), Robert Bolt (screenplay), Michael Wilson (screenplay)","Humphrey Bogart, Lauren Bacall, John Ridgely, Martha Vickers","The story of Henry Hill and his life through the teen years into the years of mafia, covering his relationship with wife Karen Hill and his Mob partners Jimmy Conway and Tommy DeVitto in the Italian-American crime syndicate.",English,USA,Won 4 Oscars. Another 127 wins & 217 nominations.,https://images-na.ssl-images-amazon.com/images/M/MV5BMjNkMzc2N2QtNjVlNS00ZTk5LTg0MTgtODY2MDAwNTMwZjBjXkEyXkFqcGdeQXVyNDk3NzU2MTQ@._V1_SX300.jpg,Internet Movie Database,8.5/10,72,9.3,"982,688",ID-772,movie,,,,,,,,,,,http://www.rottentomatoes.com/m/mad_max_fury_road/,18 Oct 2005,,MGM,http://www.eternalsunshine.com/,True
103,Double Indemnity,2010,R,01 Nov 1957,179 min,Drama,Alfred Hitchcock,"Bill Lancaster (screenplay), John W. Campbell Jr. (story)","Benedict Cumberbatch, Keira Knightley, Matthew Goode, Rory Kinnear","An astronaut becomes stranded on Mars after his team assume him dead, and must rely on his ingenuity to find a way to signal to Earth that he is alive.","English, German, French, Italian",USA,Nominated for 1 Oscar. Another 2 wins & 9 nominations.,https://images-na.ssl-images-amazon.com/images/M/MV5BMTQ0ODc4MDk4Nl5BMl5BanBnXkFtZTcwMTEzNzgzNA@@._V1_SX300.jpg,Internet Movie Database,8.1/10,80,8.2,"360,941",ID-773,movie,,,,,,,,,,,http://www.rottentomatoes.com/m/la_la_land/,14 Apr 1997,"$30,093,107",United Artists,,True
37,Star Wars: The Force Awakens,2017,APPROVED,01 Apr 2005,127 min,"Drama, History","Pete Docter, David Silverman, Lee Unkrich",Andrew Niccol,"Michael J. Fox, Christopher Lloyd, Lea Thompson, Crispin Glover",A sly business manager and two wacky friends of two opera singers help them achieve success while humiliating their stuffy and snobbish enemies.,English,"France, USA",Nominated for 4 Oscars. Another 9 wins & 17 nominations.,https://images-na.ssl-images-amazon.com/images/M/MV5BZTFjMjBiYzItNzU5YS00MjdiLWJkOTktNDQ3MTE3ZjY2YTY5XkEyXkFqcGdeQXVyNDk3NzU2MTQ@._V1_SX300.jpg,Internet Movie Database,8.2/10,88,8.5,"622,498",ID-774,movie,,,,,,,,,,,http://www.rottentomatoes.com/m/empire_strikes_back/,23 Oct 2001,"$202,313,768",Warner Bros. Pictures,http://sonyclassics.com/whiplash/,True
98,Prisoners,1955,PG,07 Jan 2000,100 min,"Crime, Drama, Mystery",David Lynch,"Jonathan Nolan (screenplay), Christopher Nolan (screenplay), Christopher Nolan (story), David S. Goyer (story), Bob Kane (characters)","Groucho Marx, Chico Marx, Harpo Marx, Kitty Carlisle","After training with his mentor, Batman begins his fight to free crime-ridden Gotham City from the corruption that Scarecrow and the League of Shadows have cast upon it.",English,USA,Nominated for 2 Oscars. Another 8 wins & 4 nominations.,https://images-na.ssl-images-amazon.com/images/M/MV5BZmI0M2VmNTgtMWVhYS00Zjg1LTk1YTYtNmJmMjRkZmMwYTc2XkEyXkFqcGdeQXVyNTA4NzY1MzY@._V1_SX300.jpg,Internet Movie Database,8.6/10,100,8.2,"729,653",ID-775,movie,,,,,,,,,,,http://www.rottentomatoes.com/m/big_lebowski/,26 Jan 1999,,WARNER BROTHERS PICTURES,,True
39,The Legend of 1900,1982,PG,05 Apr 1996,98 min,"Adventure, Drama, Thriller",Christopher Nolan,"Jeffrey Boam (screenplay), George Lucas (story), Menno Meyjes (story), George Lucas (characters), Philip Kaufman (characters)","Malcolm McDowell, Patrick Magee, Michael Bates, Warren Clarke","An astronaut becomes stranded on Mars after his team assume him dead, and must rely on his ingenuity to find a way to signal to Earth that he is alive.",English,USA,Won 2 Oscars. Another 22 wins & 55 nominations.,https://images-na.ssl-images-amazon.com/images/M/MV5BNGMwNzUwNjYtZWM5NS00YzMyLWI4NjAtNjM0ZDBiMzE1YWExXkEyXkFqcGdeQXVyNDk3NzU2MTQ@._V1_SX300.jpg,Internet Movie Database,8.5/10,88,8.5,"729,653",ID-776,movie,,,,,,,,,,,http://www.rottentomatoes.com/m/matrix/,21 Nov 2000,"$50,628,650",Walt Disney Animation Studios,http://www.zoetrope.com/zoe_films.cgi?page=films&action=show_one&film_id=13,True
183,Inglourious Basterds,1986,R,09 Dec 1983,107 min,"Animation, Adventure, Comedy","Victor Fleming, George Cukor, Sam Wood",Sylvester Stallone,"Mark Hamill, Harrison Ford, Carrie Fisher, Peter Cushing",A college professor's bond with the abandoned dog he takes into his home.,"English, German, French","USA, Hong Kong",2 wins.,https://images-na.ssl-images-amazon.com/images/M/MV5BMDdkYzE5ODYtMmIwZi00MDgzLTk1YWEtZTcwNGRmMzAwNDMzXkEyXkFqcGdeQXVyNDQzMDg4Nzk@._V1_SX300.jpg,Internet Movie Database,8.7/10,93,8.0,"298,035",ID-777,movie,,,,,,,,,,,http://www.rottentomatoes.com/m/1015287-notorious/,09 Dec 1999,,Warner Bros. Pictures,,True
95,Amadeus,2017,APPROVED,27 Jun 2008,136 min,"Crime, Drama, Mystery",Oliver Stone,Alan Ball,"Clint Eastwood, Hilary Swank, Morgan Freeman, Jay Baruchel","A giant great white shark arrives on the shores of a New England beach resort and wreaks havoc with bloody attacks on swimmers, until a local sheriff teams up with a marine biologist and an old seafarer to hunt the monster down.","English, German, Hebrew, Spanish",UK,Won 7 Oscars. Another 13 wins & 2 nominations.,https://images-na.ssl-images-amazon.com/images/M/MV5BYzVlMWViZGEtYjEyYy00YWZmLThmZGEtYmM4MDZlN2Q5MmRmXkEyXkFqcGdeQXVyMTQxNzMzNDI@._V1_SX300.jpg,Internet Movie Database,8.1/10,59,8.2,"1,047,465",ID-778,movie,,,,,,,,,,,http://www.rottentomatoes.com/m/anatomy-of-a-murder/,21 Oct 2003,"$405,000",Paramount Home Video,http://www.disney.com/beautyandthebeast,True
101,Kind Hearts and Coronets,1980,R,04 Feb 1994,106 min,"Action, Sci-Fi",Charles Chaplin,"Richard Condon (based upon a novel by), George Axelrod (screenplay)","Bette Davis, Joan Crawford, Victor Buono, Wesley Addy",A jazz pianist falls for an aspiring actress in Los Angeles.,"English, Italian","Italy, USA",Nominated for 5 Oscars. Another 36 wins & 96 nominations.,https://images-na.ssl-images-amazon.com/images/M/MV5BNmZiYzQ2ZmYtZTViNy00ODRkLWJkN2EtNjgwYWY1OGNmNDcxXkEyXkFqcGdeQXVyNjUwNzk3NDc@._V1_SX300.jpg,Internet Movie Database,8.0/10,84,8.2,"75,931",ID-779,movie,,,,,,,,,,,http://www.rottentomatoes.com/m/raging_bull/,07 Apr 2009,,Paramount Pictures,http://www.sincitythemovie.com/,True
91,The Hustler,1958,R,24 May 1995,178 min,"Crime, Film-Noir, Mystery",Alfred Hitchcock,"J.R.R. Tolkien (novel), Fran Walsh (screenplay), Philippa Boyens (screenplay), Peter Jackson (screenplay)","Jodie Foster, Lawrence A. Bonney, Kasi Lemmons, Lawrence T. Wrentz","In Casablanca in December 1941, a cynical American expatriate encounters a former lover, with unforeseen complications.",English,USA,Nominated for 4 Oscars. Another 21 wins & 15 nominations.,https://images-na.ssl-images-amazon.com/images/M/MV5BYzczOGRlMzQtNDAzMS00MjdlLTk5Y2QtNTM3MDE3NjRkYzQwXkEyXkFqcGdeQXVyMTQxNzMzNDI@._V1_SX300.jpg,Internet Movie Database,8.2/10,66,8.3,"33,478",ID-780,movie,,,,,,,,,,,http://www.rottentomatoes.com/m/princess_bride/,30 Nov 1999,"$70,500,000",The Weinstein Co.,http://www.blooddiamondmovie.com/,True
79,Rain Man,1941,PG,11 Jun 1993,153 min,"Drama, Romance, War",George Roy Hill,"Richard Condon (based upon a novel by), George Axelrod (screenplay)","Tom Hanks, Tim Allen, Don Rickles, Jim Varney",A blade runner must pursue and try to terminate four replicants who stole a ship in space and have returned to Earth to find their creator.,"English, Japanese",USA,Nominated for 1 BAFTA Film Award. Another 3 wins & 2 nominations.,https://images-na.ssl-images-amazon.com/images/M/MV5BOWFlNzZhYmYtYTI5YS00MDQyLWIyNTUtNTRjMWUwNTEzNjA0XkEyXkFqcGdeQXVyNjUwNzk3NDc@._V1_SX300.jpg,Internet Movie Database,8.1/10,,8.4,"549,211",ID-781,movie,,,,,,,,,,,http://www.rottentomatoes.com/m/1003707-casablanca/,01 Jan 1998,"$138,300,000",Columbia Pictures,,True
105,American History X,1995,R,21 Nov 2007,118 min,"Mystery, Sci-Fi, Thriller",Christopher Nolan,"John Milius, Francis Ford Coppola, Michael Herr (narration)","Sissy Spacek, Jane Galloway Heitz, Joseph A. Carpenter, Donald Wiegert","In a future British tyranny, a shadowy freedom fighter, known only by the alias of ""V"", plots to overthrow it with the help of a young woman.","English, German","France, USA",Won 4 Oscars. Another 12 wins & 3 nominations.,https://images-na.ssl-images-amazon.com/images/M/MV5BNTM3OTc0MzM2OV5BMl5BanBnXkFtZTYwNzUwMTI3._V1_SX300.jpg,Internet Movie Database,8.0/10,86,8.2,"436,571",ID-782,movie,,,,,,,,,,,http://www.rottentomatoes.com/m/annie_hall/,31 Mar 1998,,Focus Features,,True
199,Gladiator,1985,R,16 Dec 1988,110 min,"Comedy, Music, Musical",Christopher Nolan,Damien Chazelle,"Jim Carrey, Laura Linney, Noah Emmerich, Natascha McElhone","With his wife's disappearance having become the focus of an intense media circus, a man sees the spotlight turned on him when it's suspected that he may not be innocent.",English,USA,Won 2 Oscars. Another 56 wins & 151 nominations.,https://images-na.ssl-images-amazon.com/images/M/MV5BMmVmODY1MzEtYTMwZC00MzNhLWFkNDMtZjAwM2EwODUxZTA5XkEyXkFqcGdeQXVyNTAyODkwOQ@@._V1_SX300.jpg,Internet Movie Database,8.2/10,91,8.0,"49,303",ID-783,movie,,,,,,,,,,,http://www.rottentomatoes.com/m/before_sunset/,28 Sep 1999,"$204,100,000",Universal City Studios,http://www.terminator1.com/,True
84,Rain Man,1994,PG-13,19 Dec 1980,122 min,"Animation, Adventure, Comedy",Sidney Lumet,"Hubert Selby Jr. (based on the book by), Hubert Selby Jr. (screenplay), Darren Aronofsky (screenplay)","Gene Tierney, Dana Andrews, Clifton Webb, Vincent Price",A former neo-nazi skinhead tries to prevent his younger brother from going down the same wrong path that he did.,English,UK,Won 2 Oscars. Another 118 wins & 138 nominations.,https://images-na.ssl-images-amazon.com/images/M/MV5BMTY2MTk3MDQ1N15BMl5BanBnXkFtZTcwMzI4NzA2NQ@@._V1_SX300.jpg,Internet Movie Database,8.1/10,91,8.3,"342,023",ID-784,movie,,,,,,,,,,,http://www.rottentomatoes.com/m/before_sunset/,19 Feb 2013,"$60,962,878",Buena Vista,,True
117,The Wizard of Oz,2017,PG-13,03 Dec 1976,117 min,"Action, Adventure, Fantasy",Edgar Wright,"Linda Woolverton (animation screenplay by), Brenda Chapman (story), Chris Sanders (story), Burny Mattinson (story), Kevin Harkey (story), Brian Pimental (story), Bruce Woodside (story), Joe Ranft (story), Tom Ellery (story), Kelly Asbury (story), Robert Lence (story)","Tyrone Power, Marlene Dietrich, Charles Laughton, Elsa Lanchester",A newspaper editor uses every trick in the book to keep his ace reporter ex-wife from remarrying.,English,USA,Nominated for 1 Oscar. Another 7 wins & 9 nominations.,https://images-na.ssl-images-amazon.com/images/M/MV5BYThjM2MwZGMtMzg3Ny00NGRkLWE4M2EtYTBiNWMzOTY0YTI4XkEyXkFqcGdeQXVyNDYyMDk5MTU@._V1_SX300.jpg,Internet Movie Database,8.1/10,,8.3,"747,275",ID-785,movie,,,,,,,,,,,http://www.rottentomatoes.com/m/taxi_driver/,24 Jun 1997,,Open Road Films,http://www.starwars.com/episode-v/,True
12,Notorious,1950,APPROVED,12 Apr 1940,119 min,"Drama, Mystery, Sci-Fi",Otto Preminger,"Wendell Mayes (screenplay), John D. Voelker (based on the novel by)","Keanu Reeves, Laurence Fishburne, Carrie-Anne Moss, Hugo Weaving","After a simple jewelry heist goes terribly wrong, the surviving criminals begin to suspect that one of them is a police informant.",English,UK,Won 4 Oscars. Another 13 wins & 13 nominations.,https://images-na.ssl-images-amazon.com/images/M/MV5BMjNkMzc2N2QtNjVlNS00ZTk5LTg0MTgtODY2MDAwNTMwZjBjXkEyXkFqcGdeQXVyNDk3NzU2MTQ@._V1_SX300.jpg,Internet Movie Database,8.1/10,86,8.6,"314,262",ID-786,movie,,,,,,,,,,,http://www.rottentomatoes.com/m/1052609-kid/,15 Aug 2001,,20th Century Fox,,True
161,Witness for the Prosecution,1943,PG,22 Feb 1934,134 min,"Drama, Mystery, Romance",Christopher Nolan,"Jonathan Nolan (screenplay), Christopher Nolan (screenplay), Christopher Priest (novel)","F. Murray Abraham, Tom Hulce, Elizabeth Berridge, Roy Dotrice","A family heads to an isolated hotel for the winter where an evil and spiritual presence influences the father into violence, while his psychic son sees horrific forebodings from the past and of the future.","English, Sindarin",USA,Won 1 Oscar. Another 9 wins & 12 nominations.,https://images-na.ssl-images-amazon.com/images/M/MV5BM2RjMmU3ZWItYzBlMy00ZmJkLWE5YzgtNTVkODdhOWM3NGZhXkEyXkFqcGdeQXVyNDA5Mjg5MjA@._V1_SX300.jpg,Internet Movie Database,8.3/10,88,8.1,"1,592,306",ID-787,movie,,,,,,,,,,,http://www.rottentomatoes.com/m/finding_nemo/,16 May 2000,,Xenon,http://www.starwars.com/episode-iv/,True
153,Ben-Hur,1935,R,24 May 1995,188 min,Comedy,Henry Selick,"Robert Zemeckis, Bob Gale","James Robinson, Sean Lawlor, Sandy Nelson, James Cosmo","A tale of friendship between two unlikely pen pals: Mary, a lonely, eight-year-old girl living in the suburbs of Melbourne, and Max, a forty-four-year old, severely obese man living in New York.",English,USA,Nominated for 6 Oscars. Another 32 wins & 47 nominations.,https://images-na.ssl-images-amazon.com/images/M/MV5BMTI2MzQyNTc1M15BMl5BanBnXkFtZTYwMjExNjc3._V1_SX300.jpg,Internet Movie Database,8.0/10,,8.1,"234,351",ID-788,movie,,,,,,,,,,,http://www.rottentomatoes.com/m/1059489-wild_bunch/,26 Mar 1997,,Loew's Inc.,http://thewizardofoz.warnerbros.com/,True
93,Annie Hall,1981,R,04 Jan 2002,95 min,"Action, Adventure, Western",Terry Gilliam,"Henry Farrell (from the novel by), Lukas Heller (screenplay)","Sigourney Weaver, Carrie Henn, Michael Biehn, Paul Reiser","A story of family, religion, hatred, oil and madness, focusing on a turn-of-the-century prospector in the early days of the business.",English,USA,Won 3 Oscars. Another 12 wins & 5 nominations.,https://images-na.ssl-images-amazon.com/images/M/MV5BMmNhZmJhMmYtNjlkMC00MjhjLTk1NzMtMTNlMzYzNjZlMjNiXkEyXkFqcGdeQXVyMTQxNzMzNDI@._V1_SX300.jpg,Internet Movie Database,8.1/10,72,8.2,"782,275",ID-789,movie,,,,,,,,,,,http://www.rottentomatoes.com/m/1004151-christmas_story/,16 Dec 1997,,Warner Bros. Pictures,,True
175,"Paris, Texas",1998,UNRATED,25 Dec 2013,138 min,Drama,Francis Ford Coppola,"Christopher De Vore (screenplay), Eric Bergren (screenplay), David Lynch (screenplay), Frederick Treves (book), Ashley Montagu (in part on the book ""The Elephant Man: A Study in Human Dignity"")","Tom Skerritt, Sigourney Weaver, Veronica Cartwright, Harry Dean Stanton","A botched card game in London triggers four friends, thugs, weed-growers, hard gangsters, loan sharks and debt collectors to collide with each other in a series of unexpected events, all for the sake of weed, cash and two antique shotguns.","English, Russian, Vietnamese, French","USA, UK",Won 6 Oscars. Another 39 wins & 66 nominations.,https://images-na.ssl-images-amazon.com/images/M/MV5BNjhjODI2NTItMGE1ZS00NThiLWE1MmYtOWE3YzcyNzY1MTJlXkEyXkFqcGdeQXVyNTc1NTQxODI@._V1_SX300.jpg,Internet Movie Database,8.2/10,58,8.0,"70,915",ID-790,movie,,,,,,,,,,,http://www.rottentomatoes.com/m/batman_begins/,22 May 2001,"$305,343,252",Warner Bros.,,True
69,The General,1935,PG-13,26 Oct 2001,138 min,"Action, Adventure, Fantasy",Steven Spielberg,"Chris Marker (film La Jetée), David Webb Peoples (screenplay), Janet Peoples (screenplay)","Alison Crosbie, Daniel Day-Lewis, Philip King, Emma Thompson","An aspiring author during the civil rights movement of the 1960s decides to write a book detailing the African American maids' point of view on the white families for which they work, and the hardships they go through on a daily basis.","English, French, German, Czech",USA,Won 7 Oscars. Another 23 wins & 14 nominations.,https://images-na.ssl-images-amazon.com/images/M/MV5BZjA0OWVhOTAtYWQxNi00YzNhLWI4ZjYtNjFjZTEyYjJlNDVlL2ltYWdlL2ltYWdlXkEyXkFqcGdeQXVyMTQxNzMzNDI@._V1_SX300.jpg,Internet Movie Database,8.1/10,62,8.4,"55,529",ID-791,movie,,,,,,,,,,,http://www.rottentomatoes.com/m/night_of_the_hunter/,04 Jun 2002,,Universal City Studios,http://inceptionmovie.warnerbros.com/,True
250,The Dark Knight,1965,APPROVED,07 Jan 2000,131 min,"Action, Adventure",Alan Parker,"Jonathan Nolan (screenplay), Christopher Nolan (screenplay), Christopher Nolan (story), David S. Goyer (story), Bob Kane (characters)","Jack Lemmon, Shirley MacLaine, Fred MacMurray, Ray Walston",A boy who communicates with spirits that don't know they're dead seeks the help of a disheartened child psychologist.,"English, Italian",USA,Nominated for 1 Golden Globe. Another 16 wins & 9 nominations.,https://images-na.ssl-images-amazon.com/images/M/MV5BMTY1NTI0ODUyOF5BMl5BanBnXkFtZTgwNTEyNjQ0MDE@._V1_SX300.jpg,Internet Movie Database,8.6/10,87,8.0,"535,118",ID-792,movie,,,,,,,,,,,http://www.rottentomatoes.com/m/1004151-christmas_story/,10 Nov 2009,,Warner Bros. Pictures,http://www.thedarkknightrises.com/,True
182,Song of the Sea,1977,R,28 Jun 2017,142 min,"Mystery, Thriller",David Lynch,William Goldman,"Ethan Hawke, Julie Delpy, Vernon Dobtcheff, Louise Lemoine Torrès","A baby boy, discovered in 1900 on an ocean liner, grows into a musical prodigy, never setting foot on land.",English,"USA, UK, Canada, Iceland",Won 4 Oscars. Another 15 wins & 25 nominations.,https://images-na.ssl-images-amazon.com/images/M/MV5BMDQ2YzEyZGItYWRhOS00MjBmLTkzMDUtMTdjYzkyMmQxZTJlXkEyXkFqcGdeQXVyNjU0OTQ0OTY@._V1_SX300.jpg,Internet Movie Database,8.0/10,77,8.0,"592,039",ID-793,movie,,,,,,,,,,,http://www.rottentomatoes.com/m/1052609-kid/,29 Jun 1999,,MGM,,True
176,Requiem for a Dream,2014,PG,18 Jul 2008,146 min,"Crime, Drama",David Lean,"Tony Gilroy (screenplay), Scott Z. Burns (screenplay), George Nolfi (screenplay), Tony Gilroy (screen story), Robert Ludlum (novel)","Guy Pearce, Carrie-Anne Moss, Joe Pantoliano, Mark Boone Junior",A police detective falls in love with the woman whose murder he is investigating.,English,USA,Won 1 Oscar. Another 21 wins & 19 nominations.,https://images-na.ssl-images-amazon.com/images/M/MV5BM2RjMmU3ZWItYzBlMy00ZmJkLWE5YzgtNTVkODdhOWM3NGZhXkEyXkFqcGdeQXVyNDA5Mjg5MjA@._V1_SX300.jpg,Internet Movie Database,8.4/10,95,8.0,"37,689",ID-794,movie,,,,,,,,,,,http://www.rottentomatoes.com/m/young_frankenstein/,06 Aug 2002,,Paramount Studios,http://www.miramax.com/movie/good-will-hunting/,True
2,The Elephant Man,1981,R,23 Feb 1979,110 min,"Adventure, Drama, Fantasy",Oliver Stone,"John Roach, Mary Sweeney","Natalie Portman, Hugo Weaving, Stephen Rea, Stephen Fry",Gandalf and Aragorn lead the World of Men against Sauron's army to draw his gaze from Frodo and Sam as they approach Mount Doom with the One Ring.,English,USA,Won 5 Oscars. Another 74 wins & 74 nominations.,https://images-na.ssl-images-amazon.com/images/M/MV5BYWQ0MGNjOTYtMWJlNi00YWMxLWFmMzktYjAyNTVkY2U1NWNhL2ltYWdlL2ltYWdlXkEyXkFqcGdeQXVyNjc1NTYyMjg@._V1_SX300.jpg,Internet Movie Database,8.2/10,93,8.6,"537,662",ID-795,movie,,,,,,,,,,,http://www.rottentomatoes.com/m/clockwork_orange/,22 May 2001,"$100,422,786",Warner Bros. Pictures,http://www.foxmovies.com/deadpool,True
145,The Manchurian Candidate,1921,PG,19 Oct 2007,138 min,Drama,Robert Hamer,"L.M. Kit Carson (adaptation), Sam Shepard","Chris Pratt, Zoe Saldana, Dave Bautista, Vin Diesel",The merciless 1970s rivalry between Formula One rivals James Hunt and Niki Lauda.,English,USA,Won 11 Oscars. Another 16 wins & 13 nominations.,https://images-na.ssl-images-amazon.com/images/M/MV5BZTFjMjBiYzItNzU5YS00MjdiLWJkOTktNDQ3MTE3ZjY2YTY5XkEyXkFqcGdeQXVyNDk3NzU2MTQ@._V1_SX300.jpg,Internet Movie Database,8.4/10,69,8.2,"729,653",ID-796,movie,,,,,,,,,,,http://www.rottentomatoes.com/m/good_will_hunting/,26 Oct 1999,,Paramount Home Video,,True
197,Chinatown,2015,NOT RATED,15 Oct 2014,156 min,"Drama, Western",Billy Wilder,"Stanley Kubrick (screenplay), Terry Southern (screenplay), Peter George (screenplay), Peter George (based on the book: ""Red Alert"" by)","Thomas Mitchell, Barbara O'Neil, Vivien Leigh, Evelyn Keyes","Due to his insistence that he has an invisible six foot-tall rabbit for a best friend, a whimsical middle-aged man is thought by his family to be insane - but he may be wiser than anyone knows.",English,"USA, Hong Kong, UK",Won 2 Oscars. Another 5 wins & 2 nominations.,https://images-na.ssl-images-amazon.com/images/M/MV5BNzk2M2Y3MzYtNGMzMi00Y2FjLTkwODQtNmExYWU3ZWY3NzExXkEyXkFqcGdeQXVyNTA4NzY1MzY@._V1_SX300.jpg,Internet Movie Database,8.1/10,,8.0,"481,465",ID-797,movie,,,,,,,,,,,http://www.rottentomatoes.com/m/shining/,14 Jan 2014,,Columbia Pictures,,True
106,Dogville,1956,PASSED,26 Oct 1984,238 min,"Drama, Family",Tomm Moore,"Winston Groom (novel), Eric Roth (screenplay)","Alan Howard, Noel Appleby, Sean Astin, Sala Baker",A jury holdout attempts to prevent a miscarriage of justice by forcing his colleagues to reconsider the evidence.,"English, Spanish",USA,Nominated for 2 Oscars. Another 5 wins & 7 nominations.,https://images-na.ssl-images-amazon.com/images/M/MV5BZWQyN2ZkODktMTBkNS00OTBjLWJhOGYtNGU4YWVkNTY0ZDZkXkEyXkFqcGdeQXVyNjU0OTQ0OTY@._V1_SX300.jpg,Internet Movie Database,8.1/10,63,8.1,"421,211",ID-798,movie,,,,,,,,,,,http://www.rottentomatoes.com/m/1021244-thing/,03 Apr 2001,"$135,620",United Artists,http://www.lordoftherings.net/,True
82,Paths of Glory,2016,PG,23 Aug 2013,102 min,"Action, Biography, Drama",Sean Penn,"William Goldman (book), William Goldman (screenplay)","George C. Scott, Karl Malden, Stephen Young, Michael Strong","A naive man is appointed to fill a vacancy in the United States Senate. His plans promptly collide with political corruption, but he doesn't back down.",English,USA,Won 2 Oscars. Another 106 wins & 135 nominations.,https://images-na.ssl-images-amazon.com/images/M/MV5BMTc2MTQ3MDA1Nl5BMl5BanBnXkFtZTgwODA3OTI4NjE@._V1_SX300.jpg,Internet Movie Database,8.4/10,62,8.2,"49,303",ID-799,movie,,,,,,,,,,,http://www.rottentomatoes.com/m/dead_poets_society/,23 Aug 2010,,Twentieth Century Fox Home Entertainment,,True
24,Harry Potter and the Deathly Hallows: Part 2,2009,PG,16 Dec 1988,130 min,"Crime, Film-Noir, Thriller",Mike Nichols,"Andrew Stanton (original story by), Andrew Stanton (screenplay), Bob Peterson (screenplay), David Reynolds (screenplay)","Louis Wolheim, Lew Ayres, John Wray, Arnold Lucy",A disillusioned college graduate finds himself torn between his older lover and her daughter.,English,UK,3 wins.,https://images-na.ssl-images-amazon.com/images/M/MV5BZDRjNGViMjQtOThlMi00MTA3LThkYzQtNzJkYjBkMGE0YzE1XkEyXkFqcGdeQXVyNDYyMDk5MTU@._V1_SX300.jpg,Internet Movie Database,8.1/10,92,8.4,"161,564",ID-800,movie,,,,,,,,,,,http://www.rottentomatoes.com/m/no_country_for_old_men/,09 Mar 2004,,New Line Cinema,,True
203,Patton,1973,NOT RATED,25 May 2001,114 min,"Mystery, Thriller",Tate Taylor,"Jules Furthman (screenplay), Leigh Brackett (screenplay), B.H. McCampbell (short story)","Laurence Olivier, Joan Fontaine, George Sanders, Judith Anderson","When two male musicians witness a mob hit, they flee the state in an all-female band disguised as women, but further complications set in.",English,USA,Won 5 Oscars. Another 26 wins & 29 nominations.,https://images-na.ssl-images-amazon.com/images/M/MV5BMjNkMzc2N2QtNjVlNS00ZTk5LTg0MTgtODY2MDAwNTMwZjBjXkEyXkFqcGdeQXVyNDk3NzU2MTQ@._V1_SX300.jpg,Internet Movie Database,8.3/10,75,8.0,"1,228,378",ID-801,movie,,,,,,,,,,,http://www.rottentomatoes.com/m/psycho/,25 Sep 1997,,Loew's Inc.,http://www.kill-bill.com/,True
56,Interstellar,2017,PG-13,04 May 2012,90 min,"Action, Sci-Fi",Martin Scorsese,"Pete Docter (original story by), Jill Culton (original story by), Jeff Pidgeon (original story by), Ralph Eggleston (original story by), Andrew Stanton (screenplay), Daniel Gerson (screenplay)","Morgan Freeman, Andrew Kevin Walker, Kevin Spacey, Daniel Zacapa","In a future British tyranny, a shadowy freedom fighter, known only by the alias of ""V"", plots to overthrow it with the help of a young woman.","English, French",USA,2 wins.,https://images-na.ssl-images-amazon.com/images/M/MV5BY2RmNTRjYzctODI4Ni00MzQyLWEyNTAtNjU0N2JkMTNhNjJkXkEyXkFqcGdeQXVyNjU0OTQ0OTY@._V1_SX300.jpg,Internet Movie Database,8.0/10,94,8.4,"798,211",ID-802,movie,,,,,,,,,,,http://www.rottentomatoes.com/m/double_indemnity/,28 Aug 2001,,Sony Pictures Home Entertainment,,True
37,The Godfather: Part II,1971,R,20 Sep 2013,106 min,"Drama, War",Andrew Stanton,"Nick Schenk (screenplay), Dave Johannson (story), Nick Schenk (story)","Charlton Heston, Jack Hawkins, Haya Harareet, Stephen Boyd",The desperate life of a chronic alcoholic is followed through a four-day drinking bout.,"English, French",USA,Won 1 Oscar. Another 13 wins & 39 nominations.,https://images-na.ssl-images-amazon.com/images/M/MV5BNGUyYTZmOWItMDJhMi00N2IxLWIyNDMtNjUxM2ZiYmU5YWU1XkEyXkFqcGdeQXVyNjc1NTYyMjg@._V1_SX300.jpg,Internet Movie Database,8.5/10,,8.4,"70,807",ID-803,movie,,,,,,,,,,,http://www.rottentomatoes.com/m/1198124-shutter_island/,01 Jan 2000,,Warner Bros.,,True
53,Blade Runner,1996,PG,04 Jan 2002,125 min,"Biography, Drama",Elia Kazan,"Jake LaMotta (based on the book by), Joseph Carter (with), Peter Savage (with), Paul Schrader (screenplay), Mardik Martin (screenplay)","Robert Mitchum, Jane Greer, Kirk Douglas, Rhonda Fleming","A family heads to an isolated hotel for the winter where an evil and spiritual presence influences the father into violence, while his psychic son sees horrific forebodings from the past and of the future.","English, Spanish","UK, USA",Nominated for 3 Golden Globes. Another 4 nominations.,https://images-na.ssl-images-amazon.com/images/M/MV5BODM3YWY4NmQtN2Y3Ni00OTg0LWFhZGQtZWE3ZWY4MTJlOWU4XkEyXkFqcGdeQXVyNjU0OTQ0OTY@._V1_SX300.jpg,Internet Movie Database,8.6/10,,8.4,"120,061",ID-804,movie,,,,,,,,,,,http://www.rottentomatoes.com/m/song_of_the_sea_2014/,08 Feb 2000,,RKO Radio Pictures,,True
201,Saving Private Ryan,1992,R,25 Jan 2008,111 min,"Crime, Drama, Thriller",Guy Ritchie,"Jake LaMotta (based on the book by), Joseph Carter (with), Peter Savage (with), Paul Schrader (screenplay), Mardik Martin (screenplay)","William Holden, Gloria Swanson, Erich von Stroheim, Nancy Olson",A computer hacker learns from mysterious rebels about the true nature of his reality and his role in the war against its controllers.,English,USA,Won 2 Oscars. Another 5 wins & 2 nominations.,https://images-na.ssl-images-amazon.com/images/M/MV5BZGY5Y2RjMmItNDg5Yy00NjUwLThjMTEtNDc2OGUzNTBiYmM1XkEyXkFqcGdeQXVyNjU0OTQ0OTY@._V1_SX300.jpg,Internet Movie Database,8.9/10,63,8.0,"636,557",ID-805,movie,,,,,,,,,,,http://www.rottentomatoes.com/m/platoon/,26 Jan 1999,,Fox Searchlight,http://www.pythonline.com,True
28,Out of the Past,1939,PG,06 Feb 1974,189 min,"Adventure, Comedy, Fantasy",Francis Ford Coppola,"Dan O'Bannon (story), Ronald Shusett (story), Dan O'Bannon (screenplay)","Leonardo DiCaprio, Mark Ruffalo, Ben Kingsley, Max von Sydow","A drama critic learns on his wedding day that his beloved maiden aunts are homicidal maniacs, and that insanity runs in his family.",English,"USA, Canada",1 win & 7 nominations.,https://images-na.ssl-images-amazon.com/images/M/MV5BMzcwYWFkYzktZjAzNC00OGY1LWI4YTgtNzc5MzVjMDVmNjY0XkEyXkFqcGdeQXVyMTQxNzMzNDI@._V1_SX300.jpg,Internet Movie Database,8.0/10,,8.6,"1,365,937",ID-806,movie,,,,,,,,,,,http://www.rottentomatoes.com/m/1010792-its_a_wonderful_life/,10 May 2016,,DreamWorks SKG,,True
47,Pink Floyd: The Wall,1934,PG,17 Jan 1940,106 min,"Adventure, Sci-Fi, Thriller",Milos Forman,Charles Chaplin,"Ginnifer Goodwin, Jason Bateman, Idris Elba, Jenny Slate",A sly business manager and two wacky friends of two opera singers help them achieve success while humiliating their stuffy and snobbish enemies.,English,France,Nominated for 2 Oscars. Another 50 wins & 96 nominations.,https://images-na.ssl-images-amazon.com/images/M/MV5BMTAwNDEyODU1MjheQTJeQWpwZ15BbWU2MDc3NDQwNw@@._V1_SX300.jpg,Internet Movie Database,8.0/10,62,8.5,"436,571",ID-807,movie,,,,,,,,,,,http://www.rottentomatoes.com/m/anatomy-of-a-murder/,02 Dec 1999,,Orion Pictures Corporation,,True
250,Blade Runner,1997,PG-13,14 Apr 1959,117 min,"Adventure, Biography, Drama",Steven Spielberg,"Keir Pearson, Terry George","Arnold Schwarzenegger, Michael Biehn, Linda Hamilton, Paul Winfield",A manipulative woman and a roguish man conduct a turbulent romance during the American Civil War and Reconstruction periods.,English,USA,Won 5 Oscars. Another 103 wins & 98 nominations.,https://images-na.ssl-images-amazon.com/images/M/MV5BNmZiYzQ2ZmYtZTViNy00ODRkLWJkN2EtNjgwYWY1OGNmNDcxXkEyXkFqcGdeQXVyNjUwNzk3NDc@._V1_SX300.jpg,Internet Movie Database,8.9/10,83,8.0,"190,154",ID-808,movie,,,,,,,,,,,http://www.rottentomatoes.com/m/1002352-big_sleep/,01 Aug 2006,"$1,498,177",New Line Cinema,,True
65,Lawrence of Arabia,2001,R,09 Aug 1996,212 min,"Animation, Family, Fantasy",Francis Ford Coppola,"Jonathan Nolan (screenplay), Christopher Nolan (screenplay), Christopher Priest (novel)","Joseph Melito, Bruce Willis, Jon Seda, Michael Chance",Jerry Lundegaard's inept crime falls apart due to his and his henchmen's bungling and the persistent police work of the quite pregnant Marge Gunderson.,"English, Cantonese, Spanish","UK, USA",Won 3 Oscars. Another 5 wins & 8 nominations.,https://images-na.ssl-images-amazon.com/images/M/MV5BNGNiNmU2YTMtZmU4OS00MjM0LTlmYWUtMjVlYjAzYjE2N2RjXkEyXkFqcGdeQXVyNDk3NzU2MTQ@._V1_SX300.jpg,Internet Movie Database,8.4/10,89,8.3,"721,998",ID-809,movie,,,,,,,,,,,http://www.rottentomatoes.com/m/it_happened_one_night/,29 Jun 1999,,Columbia Pictures,,True
211,Blade Runner,1952,R,04 Feb 2005,123 min,"Crime, Drama",Sidney Lumet,"Irene Mecchi (screenplay), Jonathan Roberts (screenplay), Linda Woolverton (screenplay), Burny Mattinson (story), Barry Johnson (story), Lorna Cook (story), Thom Enriquez (story), Andy Gaskill (story), Gary Trousdale (story), Jim Capobianco (story), Kevin Harkey (story), Jorgen Klubien (story), Chris Sanders (story), Tom Sito (story), Larry Leker (story), Joe Ranft (story), Rick Maki (story), Ed Gombert (story), Francis Glebas (story), Mark Kausler (story), J.T. Allen (additional story material), George Scribner (additional story material), Miguel Tejada-Flores (additional story material), Jenny Tripp (additional story material), Bob Tzudiker (additional story material), Christopher Vogler (additional story material), Kirk Wise (additional story material), Noni White (additional story material), Brenda Chapman (story supervisor)","Robert Downey Jr., Chris Evans, Mark Ruffalo, Chris Hemsworth","When two escaping American World War II prisoners are killed, the German POW camp barracks black marketeer, J.J. Sefton, is suspected of being an informer.","English, Latin, Greek, French, German, Arabic, Kurdish",USA,Won 2 Oscars. Another 25 wins & 18 nominations.,https://images-na.ssl-images-amazon.com/images/M/MV5BNGUyYTZmOWItMDJhMi00N2IxLWIyNDMtNjUxM2ZiYmU5YWU1XkEyXkFqcGdeQXVyNjc1NTYyMjg@._V1_SX300.jpg,Internet Movie Database,8.1/10,81,8.1,"89,890",ID-810,movie,,,,,,,,,,,http://www.rottentomatoes.com/m/man_who_shot_liberty_valance/,13 Sep 2005,,IFC Films,http://www.lordoftherings.net/,True
161,Laura,1995,PG,20 Oct 2006,165 min,"Comedy, Drama, Family",Stuart Rosenberg,"Lilly Wachowski, Lana Wachowski","Leonardo DiCaprio, Djimon Hounsou, Jennifer Connelly, Kagiso Kuypers",Dorothy Gale is swept away from a farm in Kansas to a magical land of Oz in a tornado and embarks on a quest with her new friends to see the Wizard who can help her return home in Kansas and help her friends as well.,"English, German",USA,Nominated for 3 Oscars. Another 45 wins & 92 nominations.,https://images-na.ssl-images-amazon.com/images/M/MV5BNTM5OTg2NDY1NF5BMl5BanBnXkFtZTcwNTQ4MTMwNw@@._V1_SX300.jpg,Internet Movie Database,8.2/10,77,8.1,"33,877",ID-811,movie,,,,,,,,,,,http://www.rottentomatoes.com/m/pink_floyd_the_wall/,18 May 1999,,The Weinstein Co.,http://www.indianajones.com/,True
31,The Godfather: Part II,1950,G,17 Jan 1941,165 min,"Drama, History",Stanley Kubrick,"William Monahan (screenplay), Alan Mak, Felix Chong","Jack Nicholson, Faye Dunaway, John Huston, Perry Lopez","In future Britain, Alex DeLarge, a charismatic and psycopath delinquent, who likes to practice crimes and ultra-violence with his gang, is jailed and volunteers for an experimental aversion therapy developed by the government in an effort to solve society's crime problem - but not all goes according to plan.","English, German, Hebrew, Spanish",USA,Won 1 Oscar. Another 13 wins & 19 nominations.,https://images-na.ssl-images-amazon.com/images/M/MV5BMTZkZTBhYmUtMTIzNy00YTViLTg1OWItNGUwMmVlN2FjZTVkXkEyXkFqcGdeQXVyNDYyMDk5MTU@._V1_SX300.jpg,Internet Movie Database,8.1/10,,8.6,"869,710",ID-812,movie,,,,,,,,,,,http://www.rottentomatoes.com/m/princess_bride/,07 Dec 2010,,Warner Bros. Pictures,http://www.requiemforadream.com,True
151,Stand by Me,1986,PG-13,15 Jul 2011,120 min,"Comedy, Drama, Romance",Curtis Hanson,"J.R.R. Tolkien (novel), Fran Walsh (screenplay), Philippa Boyens (screenplay), Peter Jackson (screenplay)","Leonardo DiCaprio, Mark Ruffalo, Ben Kingsley, Max von Sydow",A jury holdout attempts to prevent a miscarriage of justice by forcing his colleagues to reconsider the evidence.,"English, German","Italy, USA",2 wins.,https://images-na.ssl-images-amazon.com/images/M/MV5BMGM4M2Q5N2MtNThkZS00NTc1LTk1NTItNWEyZjJjNDRmNDk5XkEyXkFqcGdeQXVyMjA0MDQ0Mjc@._V1_SX300.jpg,Internet Movie Database,9.3/10,65,8.1,"292,157",ID-813,movie,,,,,,,,,,,http://www.rottentomatoes.com/m/harry_potter_and_the_deathly_hallows_part_2_2011/,21 Sep 2004,,Twentieth Century Fox,,True
105,Spotlight,1998,R,08 Nov 2013,80 min,"Biography, Drama, History",Frank Capra,"Steve Kloves (screenplay), J.K. Rowling (novel)","Louis Wolheim, Lew Ayres, John Wray, Arnold Lucy","In the 7th century, Mohammed, Peace Be Upon Him, is visited by Angel Gabriel who urges him to lead the people of Mecca and worship God. But they're exiled in Medina before returning to ...",English,USA,Nominated for 4 Oscars. Another 21 wins & 15 nominations.,https://images-na.ssl-images-amazon.com/images/M/MV5BMTY2MTk3MDQ1N15BMl5BanBnXkFtZTcwMzI4NzA2NQ@@._V1_SX300.jpg,Internet Movie Database,8.1/10,75,8.2,"119,156",ID-814,movie,,,,,,,,,,,http://www.rottentomatoes.com/m/1012007-laura/,28 Sep 2004,,New Line Cinema,http://www.thegodfather.com/,True
24,Mad Max: Fury Road,1966,NOT RATED,22 Sep 1995,133 min,"Animation, Action, Adventure",Christopher Nolan,"Abby Mann, Abby Mann (based on his original story by)","Ben Kingsley, Candice Bergen, Edward Fox, John Gielgud","A drama critic learns on his wedding day that his beloved maiden aunts are homicidal maniacs, and that insanity runs in his family.","English, Hindi, French",USA,Won 3 Oscars. Another 16 wins & 21 nominations.,https://images-na.ssl-images-amazon.com/images/M/MV5BMTU2NTA5NzI0N15BMl5BanBnXkFtZTcwMjUxMjYxMg@@._V1_SX300.jpg,Internet Movie Database,8.2/10,93,8.5,"680,986",ID-815,movie,,,,,,,,,,,http://www.rottentomatoes.com/m/1052609-kid/,17 Mar 2015,,Warner Bros. Pictures,http://movies.disney.com/zootopia,True
98,Braveheart,1998,NOT RATED,14 Jun 1950,177 min,"Horror, Mystery, Thriller",James Cameron,Paddy Chayefsky,"Sissy Spacek, Jane Galloway Heitz, Joseph A. Carpenter, Donald Wiegert","When a teenage girl is possessed by a mysterious entity, her mother seeks the help of two priests to save her daughter.",English,USA,Won 3 Oscars. Another 23 wins & 27 nominations.,https://images-na.ssl-images-amazon.com/images/M/MV5BMTI1MTY2OTIxNV5BMl5BanBnXkFtZTYwNjQ4NjY3._V1_SX300.jpg,Internet Movie Database,8.3/10,,8.1,"709,587",ID-816,movie,,,,,,,,,,,http://www.rottentomatoes.com/m/song_of_the_sea_2014/,19 Jun 2001,"$57,300,000",Sony Pictures,http://www.hacksawridge.movie/,True
203,Catch Me If You Can,1999,R,24 Jul 1998,98 min,"Film-Noir, Mystery",Frank Capra,"George Miller, Brendan McCarthy, Nick Lathouris","Chris Pratt, Zoe Saldana, Dave Bautista, Vin Diesel",A former prisoner of war is brainwashed as an unwitting assassin for an international Communist conspiracy.,"English, Russian",USA,Won 5 Oscars. Another 5 wins & 1 nomination.,https://images-na.ssl-images-amazon.com/images/M/MV5BMDdkYzE5ODYtMmIwZi00MDgzLTk1YWEtZTcwNGRmMzAwNDMzXkEyXkFqcGdeQXVyNDQzMDg4Nzk@._V1_SX300.jpg,Internet Movie Database,8.8/10,,8.0,"75,931",ID-817,movie,,,,,,,,,,,http://www.rottentomatoes.com/m/dead_poets_society/,02 Dec 1999,"$381,000,185",20th Century Fox,http://vforvendetta.warnerbros.com/,True
176,Léon: The Professional,1944,R,18 Dec 2002,152 min,"Action, Crime, Music",Franklin J. Schaffner,"Daniel Wallace (novel), John August (screenplay)","Humphrey Bogart, Walter Huston, Tim Holt, Bruce Bennett",Earth's mightiest heroes must come together and learn to fight as a team if they are to stop the mischievous Loki and his alien army from enslaving humanity.,English,USA,Won 2 Oscars. Another 74 wins & 82 nominations.,https://images-na.ssl-images-amazon.com/images/M/MV5BMDliMmNhNDEtODUyOS00MjNlLTgxODEtN2U3NzIxMGVkZTA1L2ltYWdlXkEyXkFqcGdeQXVyNjU0OTQ0OTY@._V1_SX300.jpg,Internet Movie Database,8.4/10,,8.1,"638,510",ID-818,movie,,,,,,,,,,,http://www.rottentomatoes.com/m/1000085-2001_a_space_odyssey/,31 Mar 2015,"$8,616,662",Orion Pictures Corporation,http://disney.go.com/lionking/,True
153,The Shining,1951,APPROVED,30 May 2003,133 min,"Drama, Thriller",Frank Darabont,Guy Ritchie,"Gregory Peck, John Megna, Frank Overton, Rosemary Murphy","Ben, a young Irish boy, and his little sister Saoirse, a girl who can turn into a seal, go on an adventure to free the fairies and save the spirit world.",English,USA,2 wins.,https://images-na.ssl-images-amazon.com/images/M/MV5BMjIxODliZDYtMGMyYy00ZDQzLTgzOTMtMWY5YWEyNTBhNzk5L2ltYWdlL2ltYWdlXkEyXkFqcGdeQXVyMTQxNzMzNDI@._V1_SX300.jpg,Internet Movie Database,8.1/10,,8.1,"1,304,569",ID-819,movie,,,,,,,,,,,http://www.rottentomatoes.com/m/rio_bravo/,28 Aug 2001,,United Artists,,True
250,The Avengers,1993,APPROVED,04 Jul 1963,110 min,"Crime, Drama, Thriller",Alejandro González Iñárritu,Robert Towne,"Ellen Burstyn, Jared Leto, Jennifer Connelly, Marlon Wayans","After John Nash, a brilliant but asocial mathematician, accepts secret work in cryptography, his life takes a turn for the nightmarish.","English, German",USA,Nominated for 2 Oscars. Another 5 wins & 36 nominations.,https://images-na.ssl-images-amazon.com/images/M/MV5BNGUxYWM3M2MtMGM3Mi00ZmRiLWE0NGQtZjE5ODI2OTJhNTU0XkEyXkFqcGdeQXVyMTQxNzMzNDI@._V1_SX300.jpg,Internet Movie Database,8.2/10,85,8.0,"64,044",ID-820,movie,,,,,,,,,,,http://www.rottentomatoes.com/m/best_years_of_our_lives/,25 Mar 2014,,Paramount Pictures,,True
48,The Wizard of Oz,1991,PASSED,29 Jan 1960,130 min,"Crime, Drama",Barry Levinson,"Andrew Stanton (original story by), Pete Docter (original story by), Andrew Stanton (screenplay), Jim Reardon (screenplay)","Ben Burtt, Elissa Knight, Jeff Garlin, Fred Willard",A psychotic socialite confronts a pro tennis star with a theory on how two complete strangers can get away with murder - a theory that he plans to implement.,English,USA,,https://images-na.ssl-images-amazon.com/images/M/MV5BMDFkMDEwM2MtOWY4MS00YWNhLTg5ZWItYzAxZTJlN2Y1NjBmXkEyXkFqcGdeQXVyNjc1NTYyMjg@._V1_SX300.jpg,Internet Movie Database,8.7/10,65,8.5,"667,901",ID-821,movie,,,,,,,,,,,http://www.rottentomatoes.com/m/room_2015/,06 Jul 2004,,Warner Bros. Pictures,,True
1,The Dark Knight,1945,G,31 Mar 1999,142 min,"Biography, Drama",John Huston,"Frederick Knott (screen play), Frederick Knott (adapted from his play)","Woody Allen, Diane Keaton, Tony Roberts, Carol Kane",Dorothy Gale is swept away from a farm in Kansas to a magical land of Oz in a tornado and embarks on a quest with her new friends to see the Wizard who can help her return home in Kansas and help her friends as well.,English,USA,Won 4 Oscars. Another 113 wins & 124 nominations.,https://images-na.ssl-images-amazon.com/images/M/MV5BNmZiYzQ2ZmYtZTViNy00ODRkLWJkN2EtNjgwYWY1OGNmNDcxXkEyXkFqcGdeQXVyNjUwNzk3NDc@._V1_SX300.jpg,Internet Movie Database,8.3/10,76,9.2,"364,938",ID-822,movie,,,,,,,,,,,http://www.rottentomatoes.com/m/best_years_of_our_lives/,20 Mar 2007,,Walt Disney Pictures,,True
157,Double Indemnity,2010,PG-13,19 Jun 2015,114 min,"Crime, Drama",George Miller,"Jean Shepherd (based on the novel ""In God We Trust,  All Others Pay Cash"" by), Jean Shepherd (screenplay), Leigh Brown (screenplay), Bob Clark (screenplay)","Morgan Freeman, Andrew Kevin Walker, Kevin Spacey, Daniel Zacapa","A story of family, religion, hatred, oil and madness, focusing on a turn-of-the-century prospector in the early days of the business.",English,USA,Won 4 Oscars. Another 19 wins & 14 nominations.,https://images-na.ssl-images-amazon.com/images/M/MV5BNzQzMzJhZTEtOWM4NS00MTdhLTg0YjgtMjM4MDRkZjUwZDBlXkEyXkFqcGdeQXVyNjU0OTQ0OTY@._V1_SX300.jpg,Internet Movie Database,8.3/10,,8.1,"869,710",ID-823,movie,,,,,,,,,,,http://www.rottentomatoes.com/m/on_the_waterfront/,06 Apr 2004,,20th Century Fox,http://www.dreamworks.com/catchthem/jump2.html,True
4,American Beauty,1992,PG,03 Jul 1985,109 min,Comedy,Alfred Hitchcock,"Pete Docter (original story by), Jill Culton (original story by), Jeff Pidgeon (original story by), Ralph Eggleston (original story by), Andrew Stanton (screenplay), Daniel Gerson (screenplay)","Elizabeth Taylor, Paul Newman, Burl Ives, Jack Carson","A sole survivor tells of the twisty events leading up to a horrific gun battle on a boat, which began when five criminals met at a seemingly random police lineup.",English,"Australia, USA",Nominated for 2 Oscars. Another 55 wins & 55 nominations.,https://images-na.ssl-images-amazon.com/images/M/MV5BY2NkNTcxNjAtODhjMS00Mjg2LWI1OGItMjRhMGJlODBkZTVlL2ltYWdlL2ltYWdlXkEyXkFqcGdeQXVyNzAxMjE1NDg@._V1_SX300.jpg,Internet Movie Database,8.5/10,,8.6,"909,341",ID-824,movie,,,,,,,,,,,http://www.rottentomatoes.com/m/dogville/,21 Oct 2003,,Element Pictures,http://https://www.facebook.com/SavingPrivateRyanMovie,True
72,Amadeus,2002,R,23 Aug 2013,110 min,"Drama, Film-Noir",James Gunn,"Jonathan Goldstein (screenplay), John Francis Daley (screenplay), Jon Watts (screenplay), Christopher Ford (screenplay), Chris McKenna (screenplay), Erik Sommers (screenplay), Jonathan Goldstein (screen story by), John Francis Daley (screen story by), Stan Lee (based on the Marvel comic book by), Steve Ditko (based on the Marvel comic book by), Joe Simon (character created by: Captain America), Jack Kirby (character created by: Captain America)","Timothy Bottoms, Jeff Bridges, Cybill Shepherd, Ben Johnson",A disillusioned college graduate finds himself torn between his older lover and her daughter.,"English, French, German, Latin",Italy,,https://images-na.ssl-images-amazon.com/images/M/MV5BZDhlZTYxOTYtYTk3Ny00ZDljLTk3ZmItZTcxZWU5YTIyYmFkXkEyXkFqcGdeQXVyMTQxNzMzNDI@._V1_SX300.jpg,Internet Movie Database,8.0/10,,8.4,"33,877",ID-825,movie,,,,,,,,,,,http://www.rottentomatoes.com/m/1017293-rebecca/,05 Oct 2004,,Warner Bros. Pictures,,True
190,Reservoir Dogs,1966,R,27 Nov 1976,136 min,"Adventure, Drama, Thriller","Ethan Coen, Joel Coen","Pierre Boulle (novel), Carl Foreman (screenplay), Michael Wilson (screenplay)","James Robinson, Sean Lawlor, Sandy Nelson, James Cosmo","The youngest son of an alcoholic former boxer returns home, where he's trained by his father for competition in a mixed martial arts tournament - a path that puts the fighter on a collision course with his estranged, older brother.","English, Latin",USA,Nominated for 7 Oscars. Another 34 wins & 180 nominations.,https://images-na.ssl-images-amazon.com/images/M/MV5BOWEwODJmZDItYTNmZC00OGM4LThlNDktOTQzZjIzMGQxODA4XkEyXkFqcGdeQXVyNjU0OTQ0OTY@._V1_SX300.jpg,Internet Movie Database,8.3/10,88,8.0,"517,568",ID-826,movie,,,,,,,,,,,http://www.rottentomatoes.com/m/philadelphia_story/,12 Jan 2016,"$34,126,138",ITVS,http://www.findamazingamy.com/,True
7,Goodfellas,1995,PG,25 Feb 1983,183 min,"Biography, Drama, History",Frank Capra,"Steve Kloves (screenplay), J.K. Rowling (novel)","Harvey Keitel, Tim Roth, Michael Madsen, Chris Penn","Seventy-eight year old Carl Fredricksen travels to Paradise Falls in his home equipped with balloons, inadvertently taking a young stowaway.",English,USA,Won 8 Oscars. Another 21 wins & 9 nominations.,https://images-na.ssl-images-amazon.com/images/M/MV5BMjExMTg5OTU0NF5BMl5BanBnXkFtZTcwMjMxMzMzMw@@._V1_SX300.jpg,Internet Movie Database,8.1/10,74,8.8,"367,328",ID-827,movie,,,,,,,,,,,http://www.rottentomatoes.com/m/it_happened_one_night/,21 Sep 2004,,Miramax Films,,True
117,V for Vendetta,1991,PG-13,10 Jul 1987,189 min,"Drama, Horror, Thriller",Stanley Kubrick,"J.R.R. Tolkien (novel), Fran Walsh (screenplay), Philippa Boyens (screenplay), Peter Jackson (screenplay)","Myrna Loy, Fredric March, Dana Andrews, Teresa Wright","In the antebellum United States, Solomon Northup, a free black man from upstate New York, is abducted and sold into slavery.",English,"UK, USA, Ireland",Won 6 Oscars. Another 17 wins & 17 nominations.,https://images-na.ssl-images-amazon.com/images/M/MV5BOTI0MzcxMTYtZDVkMy00NjY1LTgyMTYtZmUxN2M3NmQ2NWJhXkEyXkFqcGdeQXVyMTQxNzMzNDI@._V1_SX300.jpg,Internet Movie Database,8.0/10,92,8.3,"407,892",ID-828,movie,,,,,,,,,,,http://www.rottentomatoes.com/m/the_amazing_spider_man_3/,07 Sep 1999,,Open Road Films,,True
52,Cat on a Hot Tin Roof,1993,PG,25 May 1977,99 min,Drama,Billy Wilder,"Will Collins, Tomm Moore (story by)","James Stewart, Lee Remick, Ben Gazzara, Arthur O'Connell","Harry, Ron and Hermione search for Voldemort's remaining Horcruxes in their effort to destroy the Dark Lord as the final battle rages on at Hogwarts.","English, Italian, Spanish, Latin, Sicilian","USA, UK",Nominated for 1 Golden Globe. Another 16 wins & 9 nominations.,https://images-na.ssl-images-amazon.com/images/M/MV5BMjA5Njk3MjM4OV5BMl5BanBnXkFtZTcwMTc5MTE1MQ@@._V1_SX300.jpg,Internet Movie Database,8.4/10,,8.3,"791,579",ID-829,movie,,,,,,,,,,,http://www.rottentomatoes.com/m/slumdog_millionaire/,05 Oct 1999,,20th Century Fox,http://www.therewillbeblood.com,True
36,Butch Cassidy and the Sundance Kid,2016,APPROVED,02 Apr 1970,105 min,"Biography, Drama",John Huston,"Gillian Flynn (screenplay), Gillian Flynn (novel)","Robert Downey Jr., Chris Evans, Mark Ruffalo, Chris Hemsworth","In the distant future, a small waste-collecting robot inadvertently embarks on a space journey that will ultimately decide the fate of mankind.",English,USA,Won 1 Golden Globe. Another 1 win & 4 nominations.,https://images-na.ssl-images-amazon.com/images/M/MV5BMDliMmNhNDEtODUyOS00MjNlLTgxODEtN2U3NzIxMGVkZTA1L2ltYWdlXkEyXkFqcGdeQXVyNjU0OTQ0OTY@._V1_SX300.jpg,Internet Movie Database,8.1/10,,8.4,"1,427,451",ID-830,movie,,,,,,,,,,,http://www.rottentomatoes.com/m/terminator_2_judgment_day/,24 Feb 2015,,Warner Bros. Pictures,http://www.thedarkknightrises.com/,True
193,Harry Potter and the Deathly Hallows: Part 2,2011,R,11 Dec 1962,99 min,"Action, Drama, Western",John Ford,"Billy Wilder, I.A.L. Diamond","Vivien Leigh, Marlon Brando, Kim Hunter, Karl Malden","A woman on the run from the mob is reluctantly accepted in a small Colorado town. In exchange, she agrees to work for them. As a search visits town, she finds out that their support has a price. Yet her dangerous secret is never far away...",English,USA,Nominated for 5 Oscars. Another 6 wins & 1 nomination.,https://images-na.ssl-images-amazon.com/images/M/MV5BMjIyOTM5OTIzNV5BMl5BanBnXkFtZTgwMDkzODE2NjE@._V1_SX300.jpg,Internet Movie Database,8.0/10,64,8.1,"37,689",ID-831,movie,,,,,,,,,,,http://www.rottentomatoes.com/m/the_wizard_of_oz_1939/,14 Jan 2014,,Buena Vista,http://www.miramax.com/movie/good-will-hunting/,True
99,The Silence of the Lambs,1969,PG,24 Feb 1927,126 min,"Animation, Adventure, Drama",Roman Polanski,"David Franzoni (story), David Franzoni (screenplay), John Logan (screenplay), William Nicholson (screenplay)","William Holden, Ernest Borgnine, Robert Ryan, Edmond O'Brien","In Chicago in September 1936, a young con man seeking revenge for his murdered partner teams up with a master of the big con to win a fortune from a criminal banker.",English,USA,Won 2 Oscars. Another 22 wins & 26 nominations.,https://images-na.ssl-images-amazon.com/images/M/MV5BMTU2NTA5NzI0N15BMl5BanBnXkFtZTcwMjUxMjYxMg@@._V1_SX300.jpg,Internet Movie Database,8.1/10,86,8.3,"537,323",ID-832,movie,,,,,,,,,,,http://www.rottentomatoes.com/m/departed/,27 Aug 1997,,Orion Pictures Corporation,http://www.bttfmovie.com/,True
57,The Revenant,2017,R,28 Jan 2005,151 min,"Crime, Drama, Film-Noir",John Huston,"Byron Howard (story by), Rich Moore (story by), Jared Bush (story by), Jim Reardon (story by), Josie Trinidad (story by), Phil Johnston (story by), Jennifer Lee (story by), Jared Bush (screenplay), Phil Johnston (screenplay)","Don Cheadle, Xolani Mali, Desmond Dube, Hakeem Kae-Kazim",An insane general triggers a path to nuclear holocaust that a war room full of politicians and generals frantically try to stop.,"English, German, Greek, Arabic",USA,Won 4 Oscars. Another 15 wins & 25 nominations.,https://images-na.ssl-images-amazon.com/images/M/MV5BMjM2MDgxMDg0Nl5BMl5BanBnXkFtZTgwNTM2OTM5NDE@._V1_SX300.jpg,Internet Movie Database,8.1/10,54,8.5,"798,971",ID-833,movie,,,,,,,,,,,http://www.rottentomatoes.com/m/dogville/,,"$3,840,702",Columbia Pictures,,True
137,Dogville,2016,R,25 Jun 1982,94 min,Drama,"Joel Coen, Ethan Coen",Quentin Tarantino,"Humphrey Bogart, Lauren Bacall, John Ridgely, Martha Vickers","A naive man is appointed to fill a vacancy in the United States Senate. His plans promptly collide with political corruption, but he doesn't back down.",English,USA,Nominated for 7 Oscars. Another 2 wins & 2 nominations.,https://images-na.ssl-images-amazon.com/images/M/MV5BNDc2ODQ5NTE2MV5BMl5BanBnXkFtZTcwODExMjUyNA@@._V1_SX300.jpg,Internet Movie Database,8.5/10,63,8.2,"555,173",ID-834,movie,,,,,,,,,,,http://www.rottentomatoes.com/m/kind_hearts_and_coronets/,21 Oct 2003,,Warner Bros. Pictures,http://www.foxsearchlight.com/slumdogmillionaire/,True
185,Jaws,1961,APPROVED,04 Mar 2016,202 min,"Drama, Romance, War",Lasse Hallström,"Ethan Coen, Joel Coen","Roy Scheider, Robert Shaw, Richard Dreyfuss, Lorraine Gary",Jason Bourne dodges a ruthless CIA official and his agents from a new assassination program while searching for the origins of his life as a trained killer.,English,"France, Poland, Germany, UK",Won 3 Oscars. Another 26 wins & 39 nominations.,https://images-na.ssl-images-amazon.com/images/M/MV5BNmNmZjViNTQtNDQ5Mi00MDYzLWI5YWMtNDUyZGNmMGZhNDg4XkEyXkFqcGdeQXVyNTA4NzY1MzY@._V1_SX300.jpg,Internet Movie Database,8.3/10,,8.1,"175,529",ID-835,movie,,,,,,,,,,,http://www.rottentomatoes.com/m/blood_diamond/,26 Aug 1997,,Warner Bros.,,True
112,Before Sunset,1990,PG-13,26 Mar 2010,100 min,Drama,Steven Spielberg,"Pierre Boulle (novel), Carl Foreman (screenplay), Michael Wilson (screenplay)","Ellen Burstyn, Max von Sydow, Lee J. Cobb, Kitty Winn","An aging group of outlaws look for one last big score as the ""traditional"" American West is disappearing around them.",English,USA,Won 2 Oscars. Another 25 wins & 18 nominations.,https://images-na.ssl-images-amazon.com/images/M/MV5BYjYyODExMDctZjgwYy00ZjQwLWI4OWYtOGFlYjA4ZjEzNmY1XkEyXkFqcGdeQXVyNTAyODkwOQ@@._V1_SX300.jpg,Internet Movie Database,8.1/10,90,8.2,"943,314",ID-836,movie,,,,,,,,,,,http://www.rottentomatoes.com/m/hustler/,01 Sep 2015,"$381,000,185",20th Century Fox,http://www.madmaxmovie.com/,True
166,Sling Blade,1939,UNRATED,06 Jul 1944,136 min,"Crime, Drama",Lasse Hallström,Alan Ball,"Chris Pratt, Zoe Saldana, Dave Bautista, Vin Diesel","In a city of anthropomorphic animals, a rookie bunny cop and a cynical con artist fox must work together to uncover a conspiracy.",English,"USA, UK",Nominated for 3 Oscars. Another 28 wins & 51 nominations.,https://images-na.ssl-images-amazon.com/images/M/MV5BMTYyNjgwMDg4NF5BMl5BanBnXkFtZTgwNTQ5MTM4MTE@._V1_SX300.jpg,Internet Movie Database,8.2/10,,8.2,"82,622",ID-837,movie,,,,,,,,,,,http://www.rottentomatoes.com/m/seven/,22 May 2001,,Universal Pictures,http://www.foxsearchlight.com/12yearsaslave/,True
232,Kill Bill: Vol. 1,1999,R,19 Dec 2001,122 min,"Action, Thriller",Lenny Abrahamson,"Ian McLellan Hunter (screenplay), John Dighton (screenplay), Dalton Trumbo (screenplay), Dalton Trumbo (story)","William Holden, Ernest Borgnine, Robert Ryan, Edmond O'Brien","An epic mosaic of interrelated characters in search of love, forgiveness, and meaning in the San Fernando Valley.","English, Spanish","USA, Germany",3 wins & 5 nominations.,https://images-na.ssl-images-amazon.com/images/M/MV5BYWQwOWVkMGItMDU2Yy00YjIzLWJkMjEtNmVkZjE3MjMwYzEzXkEyXkFqcGdeQXVyNjU0OTQ0OTY@._V1_SX300.jpg,Internet Movie Database,8.0/10,57,8.0,"1,304,569",ID-838,movie,,,,,,,,,,,http://www.rottentomatoes.com/m/departed/,21 Sep 1999,,Miramax Films,http://lionmovie.com/,True
72,Witness for the Prosecution,2017,PG,06 Oct 2006,136 min,"Action, Adventure, Sci-Fi","Ethan Coen, Joel Coen","Stefan Zweig (inspired by the writings of), Wes Anderson (screenplay), Wes Anderson (story), Hugo Guinness (story)","Ray Milland, Grace Kelly, Robert Cummings, John Williams",A promising young drummer enrolls at a cut-throat music conservatory where his dreams of greatness are mentored by an instructor who will stop at nothing to realize a student's potential.,English,UK,Won 5 Oscars. Another 53 wins & 101 nominations.,https://images-na.ssl-images-amazon.com/images/M/MV5BNzAyOGIxYjAtMGY2NC00ZTgyLWIwMWEtYzY0OWQ4NDFjOTc5XkEyXkFqcGdeQXVyNjU0OTQ0OTY@._V1_SX300.jpg,Internet Movie Database,8.1/10,53,8.4,"1,057,411",ID-839,movie,,,,,,,,,,,http://www.rottentomatoes.com/m/1013139-maltese_falcon/,01 Jan 1998,,Twentieth Century Fox,http://prisonersmovie.warnerbros.com/,True
205,Brief Encounter,1944,R,26 Dec 1973,130 min,"Biography, Drama","Andrew Stanton, Lee Unkrich","Raymond Chandler (screen play), Czenzi Ormonde (screen play), Whitfield Cook (adaptation), Patricia Highsmith (from the novel by)","Sunny Pawar, Abhishek Bharate, Priyanka Bose, Khushi Solanki","Luke Skywalker joins forces with a Jedi Knight, a cocky pilot, a wookiee and two droids to save the galaxy from the Empire's world-destroying battle-station, while also attempting to rescue Princess Leia from the evil Darth Vader.",English,"Germany, USA",Nominated for 1 Oscar. Another 7 wins & 7 nominations.,https://images-na.ssl-images-amazon.com/images/M/MV5BZWQyN2ZkODktMTBkNS00OTBjLWJhOGYtNGU4YWVkNTY0ZDZkXkEyXkFqcGdeQXVyNjU0OTQ0OTY@._V1_SX300.jpg,Internet Movie Database,8.5/10,65,8.1,"857,527",ID-840,movie,,,,,,,,,,,http://www.rottentomatoes.com/m/sixth_sense/,30 Oct 1997,"$328,674,489",Warner Independent Pictures,http://www.lordoftherings.net/,True
63,Sleuth,1993,PG,25 Feb 1983,170 min,"Comedy, Crime","Joel Coen, Ethan Coen",David S. Ward,"Humphrey Bogart, Ingrid Bergman, Paul Henreid, Claude Rains",A television network cynically exploits a deranged former anchor's ravings and revelations about the news media for its own profit.,English,"UK, India, USA",Nominated for 4 Oscars. Another 6 wins & 2 nominations.,https://images-na.ssl-images-amazon.com/images/M/MV5BOTJiNDEzOWYtMTVjOC00ZjlmLWE0NGMtZmE1OWVmZDQ2OWJhXkEyXkFqcGdeQXVyNTIzOTk5ODM@._V1_SX300.jpg,Internet Movie Database,8.0/10,87,8.4,"666,081",ID-841,movie,,,,,,,,,,,http://www.rottentomatoes.com/m/memento/,18 Oct 2005,,Paramount Pictures,,True
125,The Wizard of Oz,2005,G,18 Jul 1986,179 min,"Animation, Drama, Fantasy",Quentin Tarantino,"Anthony Shaffer (play), Anthony Shaffer (screenplay)","Al Pacino, Robert De Niro, Val Kilmer, Jon Voight","In Chicago in September 1936, a young con man seeking revenge for his murdered partner teams up with a master of the big con to win a fortune from a criminal banker.",English,USA,Won 4 Oscars. Another 92 wins & 134 nominations.,https://images-na.ssl-images-amazon.com/images/M/MV5BMTUxMzQyNjA5MF5BMl5BanBnXkFtZTYwOTU2NTY3._V1_SX300.jpg,Internet Movie Database,8.5/10,,8.1,"43,479",ID-842,movie,,,,,,,,,,,http://www.rottentomatoes.com/m/pianist/,26 Nov 2002,,Sony Pictures Home Entertainment,,True
54,Finding Nemo,2003,PG-13,06 Jul 1994,107 min,"Comedy, Drama, Fantasy",Mike Nichols,Frank Miller (graphic novels),"Carl Miller, Edna Purviance, Jackie Coogan, Charles Chaplin","An American grandson of the infamous scientist, struggling to prove that he is not as insane as people believe, is invited to Transylvania, where he discovers the process that reanimates a dead body.","English, Spanish, French","Ireland, Denmark, Belgium, Luxembourg, France",1 win & 7 nominations.,https://images-na.ssl-images-amazon.com/images/M/MV5BMDU2ZWJlMjktMTRhMy00ZTA5LWEzNDgtYmNmZTEwZTViZWJkXkEyXkFqcGdeQXVyNDQ2OTk4MzI@._V1_SX300.jpg,Internet Movie Database,8.1/10,72,8.5,"109,591",ID-843,movie,,,,,,,,,,,http://www.rottentomatoes.com/m/1198124-shutter_island/,23 Aug 2010,,20th Century Fox,,True
75,Star Wars: Episode IV - A New Hope,1957,G,18 Dec 1975,126 min,"Crime, Drama, Film-Noir",Edward Zwick,"John Lasseter (original story by), Pete Docter (original story by), Andrew Stanton (original story by), Joe Ranft (original story by), Joss Whedon (screenplay), Andrew Stanton (screenplay), Joel Cohen (screenplay), Alec Sokolow (screenplay)","Gene Kelly, Donald O'Connor, Debbie Reynolds, Jean Hagen",An insurance salesman/adjuster discovers his entire life is actually a television show.,"English, Urdu, Mandarin","UK, USA",Won 5 Oscars. Another 103 wins & 98 nominations.,https://images-na.ssl-images-amazon.com/images/M/MV5BNzQzMzJhZTEtOWM4NS00MTdhLTg0YjgtMjM4MDRkZjUwZDBlXkEyXkFqcGdeQXVyNjU0OTQ0OTY@._V1_SX300.jpg,Internet Movie Database,8.0/10,83,8.3,"190,154",ID-844,movie,,,,,,,,,,,http://www.rottentomatoes.com/m/inception/,17 Jun 2014,"$164,400,000",20th Century Fox,,True
222,Unforgiven,1995,R,25 Feb 1994,186 min,"Crime, Drama, Mystery","Roger Allers, Rob Minkoff",Edgar Wright,"Charles Chaplin, Paulette Goddard, Henry Bergman, Tiny Sandford","When a street urchin vies for the love of a beautiful princess, he uses a genie's magic power to make himself off as a prince in order to marry her.",English,USA,3 wins & 5 nominations.,https://images-na.ssl-images-amazon.com/images/M/MV5BOTdiNzJlOWUtNWMwNS00NmFlLWI0YTEtZmI3YjIzZWUyY2Y3XkEyXkFqcGdeQXVyNjU0OTQ0OTY@._V1_SX300.jpg,Internet Movie Database,8.1/10,64,8.0,"304,299",ID-845,movie,,,,,,,,,,,http://www.rottentomatoes.com/m/killing/,06 May 2003,,Warner Home Video,http://www.wall-e.com/,True
202,A Christmas Story,2017,G,15 Dec 1995,123 min,"Action, Adventure, Fantasy",Alfred Hitchcock,"Donald Ogden Stewart (screen play), Philip Barry (based on the play by)","Penelope Allen, Sully Boyar, John Cazale, Beulah Garrick",The drug-induced utopias of four Coney Island people are shattered when their addictions run deep.,English,"USA, UK",Won 4 Oscars. Another 13 wins & 15 nominations.,https://images-na.ssl-images-amazon.com/images/M/MV5BMGFkNWI4MTMtNGQ0OC00MWVmLTk3MTktOGYxN2Y2YWVkZWE2XkEyXkFqcGdeQXVyNjU0OTQ0OTY@._V1_SX300.jpg,Internet Movie Database,8.1/10,81,8.0,"982,688",ID-846,movie,,,,,,,,,,,http://www.rottentomatoes.com/m/jaws/,22 May 2001,,Liberty Films,http://www.amazon.com/exec/obidos/subst/video/misc/dreamworks/american-beauty/ab-home.html/002-3821383-4244813,True
43,Ben-Hur,2017,R,24 Jan 1948,110 min,"Crime, Drama, Mystery",Stanley Kubrick,Damien Chazelle,"Chris Pratt, Zoe Saldana, Dave Bautista, Vin Diesel","Renton, deeply immersed in the Edinburgh drug scene, tries to clean up and get out, despite the allure of the drugs and influence of friends.",English,"USA, UK",5 wins & 11 nominations.,https://images-na.ssl-images-amazon.com/images/M/MV5BZTRmNjQ1ZDYtNDgzMy00OGE0LWE4N2YtNTkzNWQ5ZDhlNGJmL2ltYWdlL2ltYWdlXkEyXkFqcGdeQXVyNjU0OTQ0OTY@._V1_SX300.jpg,Internet Movie Database,8.4/10,91,8.4,"166,166",ID-847,movie,,,,,,,,,,,http://www.rottentomatoes.com/m/beauty_and_the_beast_1991/,24 Mar 1998,,Xenon,,True
46,There Will Be Blood,2007,G,01 Nov 1957,140 min,"Adventure, Biography, Drama",Destin Daniel Cretton,Joseph L. Mankiewicz (written for the screen by),"Ansel Elgort, Jon Bernthal, Jon Hamm, Eiza González","""The Dude"" Lebowski, mistaken for a millionaire Lebowski, seeks restitution for his ruined rug and enlists his bowling buddies to help get it.","English, French","USA, Hong Kong",1 nomination.,https://images-na.ssl-images-amazon.com/images/M/MV5BMjExMTEzODkyN15BMl5BanBnXkFtZTcwNTU4NTc4OQ@@._V1_SX300.jpg,Internet Movie Database,8.1/10,61,8.4,"1,326,876",ID-848,movie,,,,,,,,,,,http://www.rottentomatoes.com/m/the_dark_knight/,31 Mar 1998,,Warner Bros. Pictures/Legendary,,True
158,Amadeus,2002,R,05 Jun 1998,110 min,"Comedy, Drama, Family",Christopher Nolan,"J.R.R. Tolkien (novel), Fran Walsh (screenplay), Philippa Boyens (screenplay), Stephen Sinclair (screenplay), Peter Jackson (screenplay)","Hugh Jackman, Christian Bale, Michael Caine, Piper Perabo","After a daring mission to rescue Han Solo from Jabba the Hutt, the rebels dispatch to Endor to destroy a more powerful Death Star. Meanwhile, Luke struggles to help Vader back from the dark side without falling into the Emperor's trap.","English, German, French",USA,3 wins & 5 nominations.,https://images-na.ssl-images-amazon.com/images/M/MV5BMjIyOTM5OTIzNV5BMl5BanBnXkFtZTgwMDkzODE2NjE@._V1_SX300.jpg,Internet Movie Database,8.1/10,79,8.1,"1,802,351",ID-849,movie,,,,,,,,,,,http://www.rottentomatoes.com/m/empire_strikes_back/,29 Jun 1999,"$34,034,168",Paramount Pictures,,True
64,Unforgiven,1993,R,25 Nov 1992,108 min,"Biography, Crime, Drama",Stanley Kubrick,"J.R.R. Tolkien (novel), Fran Walsh (screenplay), Philippa Boyens (screenplay), Peter Jackson (screenplay)","David Rawle, Brendan Gleeson, Lisa Hannigan, Fionnula Flanagan","After the death of a friend, a writer recounts a boyhood journey to find the body of a missing boy.",English,USA,Nominated for 1 Oscar. Another 64 wins & 176 nominations.,https://images-na.ssl-images-amazon.com/images/M/MV5BMDdkYzE5ODYtMmIwZi00MDgzLTk1YWEtZTcwNGRmMzAwNDMzXkEyXkFqcGdeQXVyNDQzMDg4Nzk@._V1_SX300.jpg,Internet Movie Database,8.8/10,88,8.4,"189,098",ID-850,movie,,,,,,,,,,,http://www.rottentomatoes.com/m/gone_girl/,15 Dec 2009,,20th Century Fox,http://www.batmanbegins.com/,True
85,The Exorcist,1998,PG,03 Jul 1985,107 min,"Crime, Drama, Film-Noir",Howard Hawks,Christopher Nolan,"Harvey Keitel, Tim Roth, Michael Madsen, Chris Penn","Greed, deception, money, power, and murder occur between two best friends: a mafia underboss and a casino owner, for a trophy wife over a gambling empire.","English, Russian",USA,Won 4 Oscars. Another 150 wins & 203 nominations.,https://images-na.ssl-images-amazon.com/images/M/MV5BZmFhMzE1NDUtNGFmOC00M2E2LWI3ODItNzJjZmRlMTY0NDc0XkEyXkFqcGdeQXVyMTQxNzMzNDI@._V1_SX300.jpg,Internet Movie Database,8.3/10,74,8.2,"1,047,465",ID-851,movie,,,,,,,,,,,http://www.rottentomatoes.com/m/straight_story/,11 Dec 2001,,Buena Vista Distribution Compa,,True
210,Before Sunrise,1956,NOT RATED,12 Mar 2010,120 min,"Animation, Adventure, Comedy",Henry Selick,"Buster Keaton, Clyde Bruckman, Al Boasberg (adapted by), Charles Henry Smith (adapted by)","Fred MacMurray, Barbara Stanwyck, Edward G. Robinson, Porter Hall","After John Nash, a brilliant but asocial mathematician, accepts secret work in cryptography, his life takes a turn for the nightmarish.","English, German, French",USA,Won 1 Oscar. Another 4 wins & 11 nominations.,https://images-na.ssl-images-amazon.com/images/M/MV5BODQxMzMyNTY5Nl5BMl5BanBnXkFtZTcwMDMyNTk3OA@@._V1_SX300.jpg,Internet Movie Database,8.1/10,81,8.0,"293,394",ID-852,movie,,,,,,,,,,,http://www.rottentomatoes.com/m/good_will_hunting/,15 Feb 2000,"$381,000,185",Miramax Films,,True
54,Beauty and the Beast,1988,R,24 Feb 1927,125 min,"Comedy, Crime",David Lean,John Briley,"Laurence Olivier, Joan Fontaine, George Sanders, Judith Anderson","Seventy-eight year old Carl Fredricksen travels to Paradise Falls in his home equipped with balloons, inadvertently taking a young stowaway.","English, German, Italian, French, Spanish",USA,Nominated for 3 Oscars. Another 16 wins & 45 nominations.,https://images-na.ssl-images-amazon.com/images/M/MV5BYWY1ZWQ5YjMtMDE0MS00NWIzLWE1M2YtODYzYTk2OTNlYWZmXkEyXkFqcGdeQXVyNDUyOTg3Njg@._V1_SX300.jpg,Internet Movie Database,8.9/10,,8.4,"179,650",ID-853,movie,,,,,,,,,,,http://www.rottentomatoes.com/m/treasure_of_the_sierra_madre/,07 Jul 1998,,United Artists,,True
50,Warrior,1980,R,03 Mar 2017,177 min,"Biography, Drama",Mel Gibson,"Hubert Selby Jr. (based on the book by), Hubert Selby Jr. (screenplay), Darren Aronofsky (screenplay)","Bette Davis, Joan Crawford, Victor Buono, Wesley Addy",A jury holdout attempts to prevent a miscarriage of justice by forcing his colleagues to reconsider the evidence.,English,USA,Nominated for 5 Oscars. Another 36 wins & 96 nominations.,https://images-na.ssl-images-amazon.com/images/M/MV5BMGFkNWI4MTMtNGQ0OC00MWVmLTk3MTktOGYxN2Y2YWVkZWE2XkEyXkFqcGdeQXVyNjU0OTQ0OTY@._V1_SX300.jpg,Internet Movie Database,8.1/10,80,8.5,"922,672",ID-854,movie,,,,,,,,,,,http://www.rottentomatoes.com/m/1017289-rear_window/,10 Jun 2003,,Walt Disney Pictures,,True
55,12 Years a Slave,2017,G,26 Sep 1959,105 min,"Adventure, Drama, History",John Lasseter,"Dalton Trumbo (screenplay), Lorenzo Semple Jr. (screenplay), Henri Charrière (book)","Charles Chaplin, Paulette Goddard, Henry Bergman, Tiny Sandford","After his son is captured in the Great Barrier Reef and taken to Sydney, a timid clownfish sets out on a journey to bring him home.",English,"USA, Germany",Won 2 Oscars. Another 33 wins & 30 nominations.,https://images-na.ssl-images-amazon.com/images/M/MV5BNmY0MWY2NDctZDdmMi00MjA1LTk0ZTQtZDMyZTQ1NTNlYzVjXkEyXkFqcGdeQXVyMjUzOTY1NTc@._V1_SX300.jpg,Internet Movie Database,8.5/10,81,8.5,"49,038",ID-855,movie,,,,,,,,,,,http://www.rottentomatoes.com/m/harry_potter_and_the_deathly_hallows_part_2_2011/,11 Nov 2011,,Ealing Studios,http://www.paramount.com/movies/forrest-gump/,True
66,Double Indemnity,1996,R,25 Dec 2014,138 min,"Adventure, Comedy, Drama",Alfred Hitchcock,"Pete Docter (original story by), Ronnie Del Carmen (original story by), Pete Docter (screenplay), Meg LeFauve (screenplay), Josh Cooley (screenplay), Michael Arndt (additional story material by), Bill Hader (additional dialogue by), Amy Poehler (additional dialogue by), Simon Rich (additional story material by)","Hugh Jackman, Christian Bale, Michael Caine, Piper Perabo","In Miami in 1980, a determined Cuban immigrant takes over a drug cartel and succumbs to greed.",English,USA,Won 2 Oscars. Another 24 wins & 22 nominations.,https://images-na.ssl-images-amazon.com/images/M/MV5BMTc0MjgyNTUyNF5BMl5BanBnXkFtZTcwNDQzMDg0Nw@@._V1_SX300.jpg,Internet Movie Database,8.1/10,72,8.3,"594,362",ID-856,movie,,,,,,,,,,,http://www.rottentomatoes.com/m/what-ever-happened-to-baby-jane/,24 Mar 1998,,Paramount Home Video,,True
1,Prisoners,1935,R,08 Jul 1977,146 min,"Drama, Film-Noir",Morten Tyldum,"Ron Clements (screenplay), John Musker (screenplay), Ted Elliott (screenplay), Terry Rossio (screenplay), Burny Mattinson (story), Roger Allers (story), Daan Jippes (story), Kevin Harkey (story), Sue C. Nichols (story), Francis Glebas (story), Darrell Rooney (story), Larry Leker (story), James Fujii (story), Kirk Hanson (story), Kevin Lima (story), Rebecca Rees (story), David S. Smith (story), Chris Sanders (story), Brian Pimental (story), Patrick A. Ventura (story)","James Stewart, Kim Novak, Barbara Bel Geddes, Tom Helmore","Two imprisoned men bond over a number of years, finding solace and eventual redemption through acts of common decency.","English, French, Latin, Scottish Gaelic",USA,Nominated for 2 Oscars. Another 5 wins & 36 nominations.,https://images-na.ssl-images-amazon.com/images/M/MV5BMDY0NmI4ZjctN2VhZS00YzExLTkyZGItMTJhOTU5NTg4MDU4XkEyXkFqcGdeQXVyNjU0OTQ0OTY@._V1_SX300.jpg,Internet Movie Database,8.3/10,98,9.3,"89,890",ID-857,movie,,,,,,,,,,,http://www.rottentomatoes.com/m/interstellar_2014/,07 Jul 1998,"$223,749,872",MGM,http://www.thebourneultimatum.com/,True
156,La La Land,2013,PG,25 Jan 2008,133 min,"Mystery, Thriller",Peter Weir,"Tim Burton (based on: a story and characters by), Michael McDowell (adaptation), Caroline Thompson (screenplay)","Ewan McGregor, Albert Finney, Billy Crudup, Jessica Lange","After being coerced into working for a crime boss, a young getaway driver finds himself taking part in a heist doomed to fail.","English, American Sign Language",USA,Won 3 Oscars. Another 235 wins & 326 nominations.,https://images-na.ssl-images-amazon.com/images/M/MV5BYWQ0MGNjOTYtMWJlNi00YWMxLWFmMzktYjAyNTVkY2U1NWNhL2ltYWdlL2ltYWdlXkEyXkFqcGdeQXVyNjc1NTYyMjg@._V1_SX300.jpg,Internet Movie Database,8.2/10,,8.1,"791,579",ID-858,movie,,,,,,,,,,,http://www.rottentomatoes.com/m/dial_m_for_murder/,04 Jun 2002,,Embassy Pictures/Rialto Pictures,http://www.criterion.com/films/27871-12-angry-men,True
177,Casino,2011,R,11 Apr 1952,189 min,"Comedy, Drama",David Lynch,"Raymond Chandler (screen play), Czenzi Ormonde (screen play), Whitfield Cook (adaptation), Patricia Highsmith (from the novel by)","Bruce Willis, Bonnie Bedelia, Reginald VelJohnson, Paul Gleason","When their relationship turns sour, a couple undergoes a procedure to have each other erased from their memories. But it is only through the process of loss that they discover what they had to begin with.","English, Spanish",USA,Won 2 Oscars. Another 74 wins & 82 nominations.,https://images-na.ssl-images-amazon.com/images/M/MV5BMWM4NTFhYjctNzUyNi00NGMwLTk3NTYtMDIyNTZmMzRlYmQyXkEyXkFqcGdeQXVyMTAwMzUyOTc@._V1_SX300.jpg,Internet Movie Database,8.1/10,64,8.1,"667,901",ID-859,movie,,,,,,,,,,,http://www.rottentomatoes.com/m/before_sunrise/,06 Sep 2005,,The Weinstein Co.,,True
103,Million Dollar Baby,1968,NOT RATED,24 Jun 1994,100 min,"Crime, Drama, Mystery",Harold Ramis,"Billy Bob Thornton (play), Billy Bob Thornton (screenplay)","Wil Wheaton, River Phoenix, Corey Feldman, Jerry O'Connell",A prospector goes to the Klondike in search of gold and finds it and more.,English,USA,Won 6 Oscars. Another 39 wins & 66 nominations.,https://images-na.ssl-images-amazon.com/images/M/MV5BODE1MDczNTUxOV5BMl5BanBnXkFtZTcwMTA0NDQyNA@@._V1_SX300.jpg,Internet Movie Database,8.3/10,,8.4,"547,383",ID-860,movie,,,,,,,,,,,http://www.rottentomatoes.com/m/cool_hand_luke/,21 Aug 2007,,Warner Bros. Pictures,http://disney.go.com/disneyvideos/liveaction/pirates/main_site/main.html,True
40,Blood Diamond,2003,APPROVED,21 Sep 1990,178 min,Drama,Billy Bob Thornton,Richard Kelly,"Cary Grant, Eva Marie Saint, James Mason, Jessie Royce Landis",A Polish Jewish musician struggles to survive the destruction of the Warsaw ghetto of World War II.,English,USA,Nominated for 3 Oscars. Another 38 wins & 66 nominations.,https://images-na.ssl-images-amazon.com/images/M/MV5BNzc5N2ZjNWMtNWVkZi00MzYyLTkxNjYtMzc0NjE0MDFjNGQ0XkEyXkFqcGdeQXVyNjc1NTYyMjg@._V1_SX300.jpg,Internet Movie Database,8.2/10,69,8.5,"102,340",ID-861,movie,,,,,,,,,,,http://www.rottentomatoes.com/m/harry_potter_and_the_deathly_hallows_part_2_2011/,21 Oct 2003,,Paramount Pictures,http://www.thedarkknightrises.com/,True
223,The Matrix,2009,PG,22 Apr 1962,136 min,"Action, Adventure",Guy Ritchie,"Jules Furthman (screenplay), Leigh Brackett (screenplay), B.H. McCampbell (short story)","Laurence Olivier, Joan Fontaine, George Sanders, Judith Anderson",A research facility in Antarctica comes across an alien force that can become anything it touches with 100% accuracy. The members must now find out who's human and who's not before it's too late.,English,USA,Won 4 Oscars. Another 24 wins & 24 nominations.,https://images-na.ssl-images-amazon.com/images/M/MV5BOTY0ZTA1ZjUtN2MyNi00ZGRmLWExYmMtOTkyNzI1NGQ2Y2RlXkEyXkFqcGdeQXVyNjc1NTYyMjg@._V1_SX300.jpg,Internet Movie Database,8.5/10,,8.0,"341,336",ID-862,movie,,,,,,,,,,,http://www.rottentomatoes.com/m/pirates_of_the_caribbean_the_curse_of_the_black_pearl/,19 Mar 2002,,Sony Pictures,,True
227,The Imitation Game,1954,UNRATED,25 May 2001,94 min,"Biography, Drama, History",Billy Wilder,"Stanley Kubrick (screenplay), Calder Willingham (screenplay), Jim Thompson (screenplay), Humphrey Cobb (based on the novel ""Paths of Glory"" by)","Robert De Niro, Ray Liotta, Joe Pesci, Lorraine Bracco",An Irish rogue wins the heart of a rich widow and assumes her dead husband's aristocratic position in 18th-century England.,"English, Spanish",USA,Nominated for 1 Oscar. Another 4 wins & 13 nominations.,https://images-na.ssl-images-amazon.com/images/M/MV5BZjA0OWVhOTAtYWQxNi00YzNhLWI4ZjYtNjFjZTEyYjJlNDVlL2ltYWdlL2ltYWdlXkEyXkFqcGdeQXVyMTQxNzMzNDI@._V1_SX300.jpg,Internet Movie Database,8.4/10,84,8.0,"77,339",ID-863,movie,,,,,,,,,,,http://www.rottentomatoes.com/m/last_picture_show/,28 Sep 2004,,Universal Pictures,http://TheMartianMovie.com,True
20,Toy Story 3,1955,PG,18 Dec 1975,153 min,"Adventure, Comedy, Drama",Wim Wenders,"Billy Wilder, I.A.L. Diamond","Martin Balsam, John Fiedler, Lee J. Cobb, E.G. Marshall","In the antebellum United States, Solomon Northup, a free black man from upstate New York, is abducted and sold into slavery.",English,USA,Won 7 Oscars. Another 10 wins & 6 nominations.,https://images-na.ssl-images-amazon.com/images/M/MV5BN2EyZjM3NzUtNWUzMi00MTgxLWI0NTctMzY4M2VlOTdjZWRiXkEyXkFqcGdeQXVyNDUzOTQ5MjY@._V1_SX300.jpg,Internet Movie Database,8.2/10,71,8.5,"179,650",ID-864,movie,,,,,,,,,,,http://www.rottentomatoes.com/m/1003094-brief_encounter/,11 Dec 2001,,First National Pictures Inc.,http://www.madmaxmovie.com/,True
1,Casino,2000,R,07 Aug 1992,128 min,"Biography, Drama, Music",Orson Welles,"Wendell Mayes (screenplay), John D. Voelker (based on the novel by)","Leonardo DiCaprio, Jonah Hill, Margot Robbie, Matthew McConaughey",A man robs a bank to pay for his lover's operation; it turns into a hostage situation and a media circus.,English,USA,Won 1 Golden Globe. Another 21 wins & 8 nominations.,https://images-na.ssl-images-amazon.com/images/M/MV5BMTEwNjE2OTM4NDZeQTJeQWpwZ15BbWU3MDE2MTE4OTk@._V1_SX300.jpg,Internet Movie Database,8.2/10,83,9.2,"301,614",ID-865,movie,,,,,,,,,,,http://www.rottentomatoes.com/m/1020333-streetcar_named_desire/,31 Aug 1999,"$292,568,851",Paramount/DWA,,True
201,Schindler's List,1926,R,22 Jun 1954,134 min,"Adventure, Sci-Fi, Thriller",William Friedkin,"Budd Schulberg (screenplay), Budd Schulberg (based upon an original story by), Malcolm Johnson (suggested by articles by)","Bruce Willis, Bonnie Bedelia, Reginald VelJohnson, Paul Gleason","The youngest son of an alcoholic former boxer returns home, where he's trained by his father for competition in a mixed martial arts tournament - a path that puts the fighter on a collision course with his estranged, older brother.","English, Japanese, French",USA,,https://images-na.ssl-images-amazon.com/images/M/MV5BZmI0M2VmNTgtMWVhYS00Zjg1LTk1YTYtNmJmMjRkZmMwYTc2XkEyXkFqcGdeQXVyNTA4NzY1MzY@._V1_SX300.jpg,Internet Movie Database,8.3/10,,8.0,"1,228,378",ID-866,movie,,,,,,,,,,,http://www.rottentomatoes.com/m/philadelphia_story/,28 Sep 1999,,United Artists,,True
164,Full Metal Jacket,1970,PG,25 Dec 2013,88 min,"Comedy, Music, Musical",Bob Clark,Lars von Trier,"Harrison Ford, Karen Allen, Paul Freeman, Ronald Lacey",A boy who communicates with spirits that don't know they're dead seeks the help of a disheartened child psychologist.,English,USA,4 wins & 1 nomination.,https://images-na.ssl-images-amazon.com/images/M/MV5BMTY5MzYzNjc5NV5BMl5BanBnXkFtZTYwNTUyNTc2._V1_SX300.jpg,Internet Movie Database,8.3/10,,8.1,"798,971",ID-867,movie,,,,,,,,,,,http://www.rottentomatoes.com/m/die_hard/,15 Feb 2000,,Buena Vista Distribution Compa,http://www.foxsearchlight.com/slumdogmillionaire/,True
54,The Big Lebowski,1948,R,24 May 1989,124 min,Drama,Steven Spielberg,"Joss Whedon (screenplay), Zak Penn (story), Joss Whedon (story)","Harrison Ford, Mark Hamill, Carrie Fisher, Adam Driver","In a city of anthropomorphic animals, a rookie bunny cop and a cynical con artist fox must work together to uncover a conspiracy.",English,USA,1 win.,https://images-na.ssl-images-amazon.com/images/M/MV5BZDRjMmI3ZjgtMGE3Mi00NjY5LTg0NWMtMmU3YzgyMjhmMjIzL2ltYWdlXkEyXkFqcGdeQXVyNTAyODkwOQ@@._V1_SX300.jpg,Internet Movie Database,8.0/10,58,8.5,"121,147",ID-868,movie,,,,,,,,,,,http://www.rottentomatoes.com/m/great_dictator/,15 May 2001,,New Line Cinema,http://https://www.facebook.com/SavingPrivateRyanMovie,True
125,One Flew Over the Cuckoo's Nest,1998,NOT RATED,22 Sep 1995,128 min,"Drama, Thriller",Edward Zwick,"Stanley Kubrick (screenplay), Anthony Burgess (novel)","Sissy Spacek, Jane Galloway Heitz, Joseph A. Carpenter, Donald Wiegert",A jazz pianist falls for an aspiring actress in Los Angeles.,English,"France, USA",Won 1 Oscar. Another 4 wins & 11 nominations.,https://images-na.ssl-images-amazon.com/images/M/MV5BYzQ2OTk4N2QtOGQwNy00MmI3LWEwNmEtOTk0OTY3NDk2MGJkL2ltYWdlL2ltYWdlXkEyXkFqcGdeQXVyNjc1NTYyMjg@._V1_SX300.jpg,Internet Movie Database,8.2/10,72,8.1,"685,825",ID-869,movie,,,,,,,,,,,http://www.rottentomatoes.com/m/pirates_of_the_caribbean_the_curse_of_the_black_pearl/,19 Oct 1999,,Columbia Pictures,,True
10,The Deer Hunter,1970,APPROVED,,138 min,"Drama, Mystery, Thriller",Robert Zemeckis,"Graham Moore, Andrew Hodges (book)","Al Pacino, Robert De Niro, Val Kilmer, Jon Voight",Neurotic New York comedian Alvy Singer falls in love with the ditzy Annie Hall.,"English, Latin","UK, USA",Won 2 Oscars. Another 74 wins & 82 nominations.,https://images-na.ssl-images-amazon.com/images/M/MV5BMjA4NDI0MTIxNF5BMl5BanBnXkFtZTYwNTM0MzY2._V1_SX300.jpg,Internet Movie Database,8.2/10,92,8.8,"129,873",ID-870,movie,,,,,,,,,,,http://www.rottentomatoes.com/m/american_beauty/,15 May 2001,,Dreamworks Distribution LLC,,True
179,The Graduate,2011,R,07 Jul 2017,155 min,"Drama, Western",Brian De Palma,Robert Rodat,"Celia Johnson, Trevor Howard, Stanley Holloway, Joyce Carey",A blade runner must pursue and try to terminate four replicants who stole a ship in space and have returned to Earth to find their creator.,"English, Spanish",USA,Nominated for 2 Oscars. Another 5 wins & 36 nominations.,https://images-na.ssl-images-amazon.com/images/M/MV5BMzUzNDM2NzM2MV5BMl5BanBnXkFtZTgwNTM3NTg4OTE@._V1_SX300.jpg,Internet Movie Database,9.0/10,68,8.1,"843,128",ID-871,movie,,,,,,,,,,,http://www.rottentomatoes.com/m/1037756-jfk/,29 Aug 2000,,Sony Pictures,,True
39,American History X,2016,PG-13,27 Jan 1995,191 min,Drama,Alfred Hitchcock,"Gustav Hasford (novel), Stanley Kubrick (screenplay), Michael Herr (screenplay), Gustav Hasford (screenplay)","Ryan Reynolds, Karan Soni, Ed Skrein, Michael Benyaer","After settling his differences with a Japanese PoW camp commander, a British colonel co-operates to oversee his men's construction of a railway bridge for their captors - while oblivious to a plan by the Allies to destroy it.","English, Japanese, Thai",USA,3 nominations.,https://images-na.ssl-images-amazon.com/images/M/MV5BYjJiZjMzYzktNjU0NS00OTkxLWEwYzItYzdhYWJjN2QzMTRlL2ltYWdlL2ltYWdlXkEyXkFqcGdeQXVyNjU0OTQ0OTY@._V1_SX300.jpg,Internet Movie Database,8.2/10,,8.3,"342,023",ID-872,movie,,,,,,,,,,,http://www.rottentomatoes.com/m/schindlers_list/,06 Feb 2001,"$94,240,635",Warner Home Video,http://www.pythonline.com,True
216,Groundhog Day,1947,APPROVED,11 Dec 1962,216 min,"Drama, History, Romance","Jared Bush, Byron Howard, Rich Moore","Robert Riskin (screen play), Samuel Hopkins Adams (based on the short story by)","Gene Wilder, Peter Boyle, Marty Feldman, Madeline Kahn","A seemingly indestructible humanoid cyborg is sent from 2029 to 1984 to assassinate a waitress, whose unborn son will lead humanity in a war against the machines, while a soldier from that war is sent to protect her at all costs.",English,"USA, UK",Won 2 Oscars. Another 74 wins & 82 nominations.,https://images-na.ssl-images-amazon.com/images/M/MV5BMzcwYWFkYzktZjAzNC00OGY1LWI4YTgtNzc5MzVjMDVmNjY0XkEyXkFqcGdeQXVyMTQxNzMzNDI@._V1_SX300.jpg,Internet Movie Database,8.1/10,74,8.0,"175,272",ID-873,movie,,,,,,,,,,,http://www.rottentomatoes.com/m/1004151-christmas_story/,10 May 2010,"$656,161",Warner Bros. Pictures,,True
163,The General,1965,NOT RATED,09 Sep 2011,109 min,"Drama, War","Terry Gilliam, Terry Jones","Dan O'Bannon (story), Ronald Shusett (story), Dan O'Bannon (screenplay)","Joel Edgerton, Tom Hardy, Nick Nolte, Jennifer Morrison",Dictator Adenoid Hynkel tries to expand his empire while a poor Jewish barber tries to avoid persecution from Hynkel's regime.,"English, Irish",USA,,https://images-na.ssl-images-amazon.com/images/M/MV5BY2NkNTcxNjAtODhjMS00Mjg2LWI1OGItMjRhMGJlODBkZTVlL2ltYWdlL2ltYWdlXkEyXkFqcGdeQXVyNzAxMjE1NDg@._V1_SX300.jpg,Internet Movie Database,8.2/10,71,8.2,"120,061",ID-874,movie,,,,,,,,,,,http://www.rottentomatoes.com/m/stand_by_me_1986/,08 Dec 1998,,Twentieth Century Fox Home Entertainment,http://movies.warnerbros.com/amadeus,True
118,Jurassic Park,2009,G,15 Aug 1979,103 min,"Comedy, Drama, Music","Terry Gilliam, Terry Jones",Oliver Stone,"Matt Damon, Julia Stiles, David Strathairn, Scott Glenn","As corruption grows in 1950s LA, three policemen - one strait-laced, one brutal, and one sleazy - investigate a series of murders with their own brand of justice.","English, German, French, Russian, Spanish","USA, Canada",Nominated for 3 Oscars. Another 45 wins & 92 nominations.,https://images-na.ssl-images-amazon.com/images/M/MV5BODU4MjU4NjIwNl5BMl5BanBnXkFtZTgwMDU2MjEyMDE@._V1_SX300.jpg,Internet Movie Database,8.5/10,90,8.2,"664,418",ID-875,movie,,,,,,,,,,,http://www.rottentomatoes.com/m/strangers_on_a_train/,12 Sep 2006,,Universal Pictures,,True
1,The Kid,1941,PG,29 Jan 1964,87 min,Drama,Mel Brooks,Oliver Stone,"Tom Hanks, David Morse, Michael Clarke Duncan, Bonnie Hunt","Following the death of a publishing tycoon, news reporters scramble to discover the meaning of his final utterance.","English, French","USA, Hong Kong",Nominated for 2 Oscars. Another 11 wins & 5 nominations.,https://images-na.ssl-images-amazon.com/images/M/MV5BY2IzZGY2YmEtYzljNS00NTM5LTgwMzUtMzM1NjQ4NGI0OTk0XkEyXkFqcGdeQXVyNDYyMDk5MTU@._V1_SX300.jpg,Internet Movie Database,8.4/10,96,8.9,"856,870",ID-876,movie,,,,,,,,,,,http://www.rottentomatoes.com/m/chinatown/,15 Aug 2001,,Walt Disney Pictures,http://www2.warnerbros.com/achristmasstory/,True
184,The Lion King,1992,APPROVED,22 Nov 1995,158 min,"Action, Thriller",Richard Linklater,"Irene Mecchi (screenplay), Jonathan Roberts (screenplay), Linda Woolverton (screenplay), Burny Mattinson (story), Barry Johnson (story), Lorna Cook (story), Thom Enriquez (story), Andy Gaskill (story), Gary Trousdale (story), Jim Capobianco (story), Kevin Harkey (story), Jorgen Klubien (story), Chris Sanders (story), Tom Sito (story), Larry Leker (story), Joe Ranft (story), Rick Maki (story), Ed Gombert (story), Francis Glebas (story), Mark Kausler (story), J.T. Allen (additional story material), George Scribner (additional story material), Miguel Tejada-Flores (additional story material), Jenny Tripp (additional story material), Bob Tzudiker (additional story material), Christopher Vogler (additional story material), Kirk Wise (additional story material), Noni White (additional story material), Brenda Chapman (story supervisor)","Kurt Russell, Wilford Brimley, T.K. Carter, David Clennon","After training with his mentor, Batman begins his fight to free crime-ridden Gotham City from the corruption that Scarecrow and the League of Shadows have cast upon it.","English, German, Italian, French, Spanish","USA, Canada",1 win.,https://images-na.ssl-images-amazon.com/images/M/MV5BNDc2ODQ5NTE2MV5BMl5BanBnXkFtZTcwODExMjUyNA@@._V1_SX300.jpg,Internet Movie Database,8.5/10,,8.1,"408,671",ID-877,movie,,,,,,,,,,,http://www.rottentomatoes.com/m/his_girl_friday/,06 Apr 2004,"$8,616,662",20th Century Fox,http://thedarkknight.warnerbros.com/,True
41,The Prestige,1945,PG,04 Apr 1959,124 min,"Comedy, Romance",Mel Gibson,"James Gunn, Nicole Perlman, Dan Abnett (based on the Marvel comics by), Andy Lanning (based on the Marvel comics by), Bill Mantlo (character created by: Rocket Raccoon), Keith Giffen (character created by: Rocket Raccoon), Jim Starlin (characters created by: Drax the Destroyer,  Gamora,  Thanos), Steve Englehart (character created by: Star-Lord), Steve Gan (character created by: Star-Lord), Steve Gerber (character created by: Howard the Duck), Val Mayerik (character created by: Howard the Duck)","F. Murray Abraham, Tom Hulce, Elizabeth Berridge, Roy Dotrice","A hapless New York advertising executive is mistaken for a government agent by a group of foreign spies, and is pursued across the country while he looks for a way to survive.",English,"USA, Germany",Nominated for 2 Golden Globes. Another 23 wins & 63 nominations.,https://images-na.ssl-images-amazon.com/images/M/MV5BMDY0NmI4ZjctN2VhZS00YzExLTkyZGItMTJhOTU5NTg4MDU4XkEyXkFqcGdeQXVyNjU0OTQ0OTY@._V1_SX300.jpg,Internet Movie Database,8.4/10,,8.4,"1,427,451",ID-878,movie,,,,,,,,,,,http://www.rottentomatoes.com/m/citizen_kane/,14 Jan 2014,,Gramercy Pictures,,True
179,Star Wars: Episode IV - A New Hope,2002,PG,29 Jan 1964,112 min,"Animation, Adventure, Comedy",Tate Taylor,"Stefan Zweig (inspired by the writings of), Wes Anderson (screenplay), Wes Anderson (story), Hugo Guinness (story)","Michael J. Fox, Christopher Lloyd, Lea Thompson, Crispin Glover",A young recruit in Vietnam faces a moral crisis when confronted with the horrors of war and the duality of man.,English,"UK, USA",Won 3 Oscars. Another 10 wins & 16 nominations.,https://images-na.ssl-images-amazon.com/images/M/MV5BNGUxYWM3M2MtMGM3Mi00ZmRiLWE0NGQtZjE5ODI2OTJhNTU0XkEyXkFqcGdeQXVyMTQxNzMzNDI@._V1_SX300.jpg,Internet Movie Database,8.0/10,68,8.0,"535,118",ID-879,movie,,,,,,,,,,,http://www.rottentomatoes.com/m/clockwork_orange/,02 Nov 2004,,Paramount Pictures,http://www.dreamworks.com/catchthem/jump2.html,True
136,Dr. Strangelove or: How I Learned to Stop Worrying and Love the Bomb,1936,R,06 Feb 1958,87 min,"Crime, Drama","Ethan Coen, Joel Coen",Paul Schrader,"William Holden, Alec Guinness, Jack Hawkins, Sessue Hayakawa",A group of intergalactic criminals are forced to work together to stop a fanatical warrior from taking control of the universe.,English,USA,35 wins & 70 nominations.,https://images-na.ssl-images-amazon.com/images/M/MV5BMjQwMTQ0MzgwNl5BMl5BanBnXkFtZTgwNjc4ODE4MzE@._V1_SX300.jpg,Internet Movie Database,8.2/10,88,8.1,"249,067",ID-880,movie,,,,,,,,,,,http://www.rottentomatoes.com/m/inception/,15 Feb 2000,"$94,240,635",Paramount Pictures,http://www.thehelpmovie.com,True
192,Before Sunrise,1958,R,15 Dec 2000,148 min,"Comedy, Drama, Romance",Bob Clark,"Stanley Kubrick (screenplay), Terry Southern (screenplay), Peter George (screenplay), Peter George (based on the book: ""Red Alert"" by)","Tom Hanks, David Morse, Michael Clarke Duncan, Bonnie Hunt","A young woman whose father has been imprisoned by a terrifying beast offers herself in his place, unaware that her captor is actually a prince, physically altered by a magic spell.","English, French","USA, UK",Won 1 Oscar. Another 16 wins & 19 nominations.,https://images-na.ssl-images-amazon.com/images/M/MV5BMjQwODQwNTg4OV5BMl5BanBnXkFtZTgwMTk4MTAzMjI@._V1_SX300.jpg,Internet Movie Database,8.5/10,83,8.0,"314,262",ID-881,movie,,,,,,,,,,,http://www.rottentomatoes.com/m/magnolia/,25 Jul 2000,"$305,343,252",20th Century Fox,http://thedarkknight.warnerbros.com/,True
189,Notorious,1989,PG,07 Nov 2014,124 min,"Crime, Drama",Alan Parker,"Joss Whedon (screenplay), Zak Penn (story), Joss Whedon (story)","Ben Kingsley, Candice Bergen, Edward Fox, John Gielgud","Pulp novelist Holly Martins travels to shadowy, postwar Vienna, only to find himself investigating the mysterious death of an old friend, Harry Lime.","English, Mandarin",UK,Won 1 Oscar. Another 4 wins & 11 nominations.,https://images-na.ssl-images-amazon.com/images/M/MV5BMTY5MzYzNjc5NV5BMl5BanBnXkFtZTYwNTUyNTc2._V1_SX300.jpg,Internet Movie Database,8.1/10,81,8.1,"58,327",ID-882,movie,,,,,,,,,,,http://www.rottentomatoes.com/m/v_for_vendetta/,06 Mar 2001,"$135,620",Universal International Pictur,,True
29,Guardians of the Galaxy Vol. 2,2017,R,28 Mar 2014,103 min,"Comedy, Crime",Roman Polanski,Lars von Trier,"Anthony Hopkins, John Hurt, Anne Bancroft, John Gielgud",A newspaper editor uses every trick in the book to keep his ace reporter ex-wife from remarrying.,"English, Japanese","USA, UK",Nominated for 4 Oscars. Another 21 wins & 15 nominations.,https://images-na.ssl-images-amazon.com/images/M/MV5BNGUxYWM3M2MtMGM3Mi00ZmRiLWE0NGQtZjE5ODI2OTJhNTU0XkEyXkFqcGdeQXVyMTQxNzMzNDI@._V1_SX300.jpg,Internet Movie Database,8.0/10,83,8.7,"85,244",ID-883,movie,,,,,,,,,,,http://www.rottentomatoes.com/m/harry_potter_and_the_deathly_hallows_part_2_2011/,17 Jun 2014,,Warner Bros. Pictures,,True
89,The Last Picture Show,1994,R,16 Jul 2010,105 min,"Action, Adventure",Elia Kazan,"Stanley Kubrick (screenplay), Terry Southern (screenplay), Peter George (screenplay), Peter George (based on the book: ""Red Alert"" by)","Albert Brooks, Ellen DeGeneres, Alexander Gould, Willem Dafoe",A college professor's bond with the abandoned dog he takes into his home.,English,USA,Won 7 Oscars. Another 10 wins & 6 nominations.,https://images-na.ssl-images-amazon.com/images/M/MV5BNjUyMTc4MDExMV5BMl5BanBnXkFtZTgwNDg0NDIwMjE@._V1_SX300.jpg,Internet Movie Database,8.5/10,,8.3,"529,034",ID-884,movie,,,,,,,,,,,http://www.rottentomatoes.com/m/last_picture_show/,29 Jun 1999,,Paramount Vantage,,True
1,Modern Times,1966,APPROVED,25 Feb 1936,92 min,"Adventure, Drama, Western",Francis Ford Coppola,"J.R.R. Tolkien (novel), Fran Walsh (screenplay), Philippa Boyens (screenplay), Peter Jackson (screenplay)","James Stewart, Grace Kelly, Wendell Corey, Thelma Ritter","A private detective hired to expose an adulterer finds himself caught up in a web of deceit, corruption, and murder.",English,USA,Won 1 Oscar. Another 36 wins & 58 nominations.,https://images-na.ssl-images-amazon.com/images/M/MV5BNzk2M2Y3MzYtNGMzMi00Y2FjLTkwODQtNmExYWU3ZWY3NzExXkEyXkFqcGdeQXVyNTA4NzY1MzY@._V1_SX300.jpg,Internet Movie Database,8.5/10,78,9.0,"344,326",ID-885,movie,,,,,,,,,,,http://www.rottentomatoes.com/m/killing/,30 Oct 1997,,Warner Bros. Pictures,http://SpotlightTheFilm.com,True
25,The Sting,1932,R,15 May 2015,105 min,"Drama, Mystery, Thriller",Carol Reed,"Peter Benchley (screenplay), Carl Gottlieb (screenplay), Peter Benchley (based on the novel by)","Harrison Ford, Karen Allen, Paul Freeman, Ronald Lacey","When two escaping American World War II prisoners are killed, the German POW camp barracks black marketeer, J.J. Sefton, is suspected of being an informer.",English,"USA, UK, Canada, Iceland",Won 4 Oscars. Another 26 wins & 8 nominations.,https://images-na.ssl-images-amazon.com/images/M/MV5BMTkxNzA1NDQxOV5BMl5BanBnXkFtZTcwNTkyMTIzMw@@._V1_SX300.jpg,Internet Movie Database,8.9/10,83,8.7,"110,576",ID-886,movie,,,,,,,,,,,http://www.rottentomatoes.com/m/before_sunrise/,02 Dec 1999,"$2,925,880",Buena Vista Pictures,http://www.disney.com/beautyandthebeast,True
100,Toy Story,2015,PG-13,16 Sep 1960,125 min,Drama,Robert Zemeckis,"Josh Singer, Tom McCarthy","Don Cheadle, Xolani Mali, Desmond Dube, Hakeem Kae-Kazim",Jason Bourne dodges a ruthless CIA official and his agents from a new assassination program while searching for the origins of his life as a trained killer.,"English, Italian",USA,Nominated for 1 Oscar. Another 14 wins & 37 nominations.,https://images-na.ssl-images-amazon.com/images/M/MV5BYThjM2MwZGMtMzg3Ny00NGRkLWE4M2EtYTBiNWMzOTY0YTI4XkEyXkFqcGdeQXVyNDYyMDk5MTU@._V1_SX300.jpg,Internet Movie Database,9.3/10,74,8.1,"727,405",ID-887,movie,,,,,,,,,,,http://www.rottentomatoes.com/m/1198124-shutter_island/,26 Aug 2003,,Liberty Films,http://touchstone.movies.go.com/index.html?dlink=prestige,True
206,Double Indemnity,1976,PG,26 Oct 2001,158 min,"Action, Adventure, Fantasy",Steve McQueen,"Chuck Palahniuk (novel), Jim Uhls (screenplay)","Brie Larson, John Gallagher Jr., Stephanie Beatriz, Rami Malek","A private eye escapes his past to run a gas station in a small town, but his past catches up with him. Now he must return to the big city world of danger, corruption, double crosses and duplicitous dames.",English,"USA, UK",8 wins & 62 nominations.,https://images-na.ssl-images-amazon.com/images/M/MV5BMTcxOWYzNDYtYmM4YS00N2NkLTk0NTAtNjg1ODgwZjAxYzI3XkEyXkFqcGdeQXVyNTA4NzY1MzY@._V1_SX300.jpg,Internet Movie Database,8.1/10,81,8.0,"119,156",ID-888,movie,,,,,,,,,,,http://www.rottentomatoes.com/m/donnie_darko/,22 May 2001,,20th Century Fox,http://starwars.com/,True
178,Fargo,2016,PASSED,17 Aug 1979,112 min,"Crime, Drama, Mystery",Steven Spielberg,"Lew Wallace (novel), Karl Tunberg (screenplay)","Stephen Baldwin, Gabriel Byrne, Benicio Del Toro, Kevin Pollak","A family heads to an isolated hotel for the winter where an evil and spiritual presence influences the father into violence, while his psychic son sees horrific forebodings from the past and of the future.","English, German, Cantonese, Japanese, Hungarian",Italy,Won 1 Oscar. Another 20 wins & 24 nominations.,https://images-na.ssl-images-amazon.com/images/M/MV5BNTk4ODQ1MzgzNl5BMl5BanBnXkFtZTgwMTMyMzM4MTI@._V1_SX300.jpg,Internet Movie Database,8.6/10,63,8.1,"1,825,626",ID-889,movie,,,,,,,,,,,http://www.rottentomatoes.com/m/out_of_the_past/,11 Dec 2001,"$292,979,556",20th Century Fox,http://thedarkknight.warnerbros.com/,True
204,How to Train Your Dragon,1972,PG,26 Sep 1959,103 min,"Adventure, Sci-Fi, Thriller",Steven Spielberg,"Hampton Fancher (screenplay), David Webb Peoples (screenplay), Philip K. Dick (novel)","Jim Carrey, Kate Winslet, Gerry Robert Byrne, Elijah Wood","WWII American Army Medic Desmond T. Doss, who served during the Battle of Okinawa, refuses to kill people, and becomes the first man in American history to receive the Medal of Honor without firing a shot.",English,"USA, UK",Nominated for 3 Oscars. Another 16 wins & 8 nominations.,https://images-na.ssl-images-amazon.com/images/M/MV5BMmNhZmJhMmYtNjlkMC00MjhjLTk1NzMtMTNlMzYzNjZlMjNiXkEyXkFqcGdeQXVyMTQxNzMzNDI@._V1_SX300.jpg,Internet Movie Database,8.1/10,63,8.0,"787,997",ID-890,movie,,,,,,,,,,,http://www.rottentomatoes.com/m/dr_strangelove/,02 Jan 2002,"$47,611,331",United Artists,http://www.theofficialjohncarpenter.com/pages/themovies/th/th.html,True
228,Batman Begins,1963,R,28 Jan 2005,136 min,"Drama, Mystery, Romance",Quentin Tarantino,"Raymond Chandler (screen play), Czenzi Ormonde (screen play), Whitfield Cook (adaptation), Patricia Highsmith (from the novel by)","Groucho Marx, Chico Marx, Harpo Marx, Kitty Carlisle","A film that explores the dark and miserable town, Basin City, and tells the story of three different people, all caught up in violent corruption.",English,"France, UK, USA",Won 8 Oscars. Another 144 wins & 126 nominations.,https://images-na.ssl-images-amazon.com/images/M/MV5BY2FmODc2N2QtYmY3MS00YTMwLWI2NGYtZWRmYWVkNjFjZmI0XkEyXkFqcGdeQXVyNTMxMjgxMzA@._V1_SX300.jpg,Internet Movie Database,8.3/10,,8.0,"43,479",ID-891,movie,,,,,,,,,,,http://www.rottentomatoes.com/m/modern_times/,09 Dec 1997,,Twentieth Century Fox,http://www.inglouriousbasterds-movie.com/,True
166,Some Like It Hot,1938,PG,18 Nov 1994,108 min,"Adventure, Drama, Fantasy",Christopher Nolan,"Jonathan Nolan (screenplay), Christopher Nolan (screenplay), Christopher Priest (novel)","Robert De Niro, Ray Liotta, Joe Pesci, Lorraine Bracco",A research facility in Antarctica comes across an alien force that can become anything it touches with 100% accuracy. The members must now find out who's human and who's not before it's too late.,"English, Swahili, Xhosa, Zulu","USA, UK",Won 1 Oscar. Another 3 wins & 9 nominations.,https://images-na.ssl-images-amazon.com/images/M/MV5BZjEyOTE4MzMtNmMzMy00Mzc3LWJlOTQtOGJiNDE0ZmJiOTU4L2ltYWdlXkEyXkFqcGdeQXVyNTAyODkwOQ@@._V1_SX300.jpg,Internet Movie Database,8.1/10,82,8.1,"490,860",ID-892,movie,,,,,,,,,,,http://www.rottentomatoes.com/m/seven/,27 Oct 1998,"$53,100,000",United Artists,,True
148,Young Frankenstein,1940,G,26 Mar 2010,134 min,Drama,"Stanley Donen, Gene Kelly","Hampton Fancher (screenplay), David Webb Peoples (screenplay), Philip K. Dick (novel)","Sterling Hayden, Coleen Gray, Vince Edwards, Jay C. Flippen","Travis Henderson, an aimless drifter who has been missing for four years, wanders out of the desert and must reconnect with society, himself, his life, and his family.",English,USA,Won 3 Oscars. Another 28 wins & 17 nominations.,https://images-na.ssl-images-amazon.com/images/M/MV5BMjIyOTM5OTIzNV5BMl5BanBnXkFtZTgwMDkzODE2NjE@._V1_SX300.jpg,Internet Movie Database,8.0/10,,8.1,"499,344",ID-893,movie,,,,,,,,,,,http://www.rottentomatoes.com/m/judgment_at_nuremburg/,09 Mar 2004,"$125,001,000",Miramax Films,,True
185,Lion,1925,GP,22 Jan 2016,131 min,"Drama, Family",Martin Scorsese,Robert Rodat,"Bruce Willis, Haley Joel Osment, Toni Collette, Olivia Williams","When a Jewish prince is betrayed and sent into slavery by a Roman friend, he regains his freedom and comes back for revenge.",English,"USA, Germany",Won 2 Oscars. Another 85 wins & 77 nominations.,https://images-na.ssl-images-amazon.com/images/M/MV5BMTc2MTQ3MDA1Nl5BMl5BanBnXkFtZTgwODA3OTI4NjE@._V1_SX300.jpg,Internet Movie Database,8.8/10,74,8.1,"535,118",ID-894,movie,,,,,,,,,,,http://www.rottentomatoes.com/m/gran_torino/,11 Jul 2000,,Paramount Pictures,,True
164,Baby Driver,2005,PG,24 May 1995,127 min,"Adventure, Drama",Billy Wilder,"Richard Condon (based upon a novel by), George Axelrod (screenplay)","Marlon Brando, Karl Malden, Lee J. Cobb, Rod Steiger",English teacher John Keating inspires his students to look at poetry with a different perspective of authentic knowledge and feelings.,English,USA,Won 5 Oscars. Another 17 wins & 26 nominations.,https://images-na.ssl-images-amazon.com/images/M/MV5BMTEwNjg2MjM2ODFeQTJeQWpwZ15BbWU4MDQ1MDU5OTEx._V1_SX300.jpg,Internet Movie Database,8.1/10,85,8.1,"580,796",ID-895,movie,,,,,,,,,,,http://www.rottentomatoes.com/m/untitled_boston_globe_project/,20 Nov 2001,,MGM,http://www.WarriorFilm.com,True
207,Pink Floyd: The Wall,1988,R,14 Jun 1950,129 min,"Action, Drama, Thriller",Alfred Hitchcock,"James Agee (screenplay), Davis Grubb (based on the novel by)","Matthew Modine, Adam Baldwin, Vincent D'Onofrio, R. Lee Ermey","A mentally unstable Vietnam War veteran works as a night-time taxi driver in New York City where the perceived decadence and sleaze feeds his urge for violent action, while attempting to save a preadolescent prostitute in the process.",English,USA,Nominated for 5 Oscars. Another 8 wins & 26 nominations.,https://images-na.ssl-images-amazon.com/images/M/MV5BMjk3YjJmYTctMTAzZC00MzE4LWFlZGMtNDM5OTMyMDEzZWIxXkEyXkFqcGdeQXVyNTI4MjkwNjA@._V1_SX300.jpg,Internet Movie Database,8.3/10,,8.0,"461,331",ID-896,movie,,,,,,,,,,,http://www.rottentomatoes.com/m/1013227-manchurian_candidate/,20 Mar 2001,,Buena Vista,,True
250,The Nightmare Before Christmas,1967,NOT RATED,06 Jun 1956,114 min,"Sci-Fi, Thriller",Tom McCarthy,"Noel Langley (screenplay), Florence Ryerson (screenplay), Edgar Allan Woolf (screenplay), Noel Langley (adaptation), L. Frank Baum (from the book by)","Paul Newman, Robert Redford, Robert Shaw, Charles Durning",Paul Rusesabagina was a hotel manager who housed over a thousand Tutsi refugees during their struggle against the Hutu militia in Rwanda.,"English, Pawnee, French",USA,Won 5 Oscars. Another 74 wins & 74 nominations.,https://images-na.ssl-images-amazon.com/images/M/MV5BZjhhMThhNDItNTY2MC00MmU1LTliNDEtNDdhZjdlNTY5ZDQ1XkEyXkFqcGdeQXVyNjc1NTYyMjg@._V1_SX300.jpg,Internet Movie Database,8.1/10,93,8.0,"922,672",ID-897,movie,,,,,,,,,,,http://www.rottentomatoes.com/m/monty_python_and_the_holy_grail/,16 May 2000,,Warner Bros. Pictures,http://www.babydriver-movie.com/,True
219,All About Eve,2012,R,25 Dec 2008,132 min,"Comedy, Crime",Wim Wenders,John Briley,"Keir Dullea, Gary Lockwood, William Sylvester, Daniel Richter","A Phoenix secretary embezzles $40,000 from her employer's client, goes on the run, and checks into a remote motel run by a young man under the domination of his mother.","English, French",USA,Won 2 Oscars. Another 18 wins & 22 nominations.,https://images-na.ssl-images-amazon.com/images/M/MV5BMTI1MTY2OTIxNV5BMl5BanBnXkFtZTYwNjQ4NjY3._V1_SX300.jpg,Internet Movie Database,8.1/10,76,8.0,"179,650",ID-898,movie,,,,,,,,,,,http://www.rottentomatoes.com/m/terminator/,08 Apr 2008,"$32,519,322",First National Pictures Inc.,http://warnervideo.com/gonewiththewind/,True
250,Some Like It Hot,1982,PG-13,18 Oct 1941,120 min,"Crime, Drama, Thriller",Billy Wilder,"Budd Schulberg (screenplay), Budd Schulberg (based upon an original story by), Malcolm Johnson (suggested by articles by)","Wallace Ford, William H. Lynn, Victoria Horne, Jesse White","Gandhi's character is fully explained as a man of nonviolence. Through his patience, he is able to drive the British out of the subcontinent. And the stubborn nature of Jinnah and his commitment towards Pakistan is portrayed.",English,USA,Won 5 Oscars. Another 49 wins & 37 nominations.,https://images-na.ssl-images-amazon.com/images/M/MV5BMzA5Zjc3ZTMtMmU5YS00YTMwLWI4MWUtYTU0YTVmNjVmODZhXkEyXkFqcGdeQXVyNjU0OTQ0OTY@._V1_SX300.jpg,Internet Movie Database,8.0/10,70,8.0,"311,879",ID-899,movie,,,,,,,,,,,http://www.rottentomatoes.com/m/no_country_for_old_men/,02 Dec 2003,,DreamWorks SKG,http://TheMartianMovie.com,True
77,The Thing,2010,R,15 Dec 1995,134 min,"Comedy, Crime",Adam Elliot,"Jean Shepherd (based on the novel ""In God We Trust,  All Others Pay Cash"" by), Jean Shepherd (screenplay), Leigh Brown (screenplay), Bob Clark (screenplay)","Leonardo DiCaprio, Tom Hanks, Christopher Walken, Martin Sheen",Jason Bourne dodges a ruthless CIA official and his agents from a new assassination program while searching for the origins of his life as a trained killer.,"English, Spanish",USA,Nominated for 7 Oscars. Another 9 wins & 11 nominations.,https://images-na.ssl-images-amazon.com/images/M/MV5BYWQ0MmRiMjMtM2Y1MC00MTYwLWI4YzktOGI0MjdiNzJlZDc3L2ltYWdlL2ltYWdlXkEyXkFqcGdeQXVyNjc1NTYyMjg@._V1_SX300.jpg,Internet Movie Database,8.3/10,,8.3,"960,639",ID-900,movie,,,,,,,,,,,http://www.rottentomatoes.com/m/1000617-aliens/,19 Jun 2001,,20th Century Fox,http://www.sonypictures.com/movies/bigfish/index.html,True
92,Magnolia,1994,R,13 Jun 1980,141 min,"Biography, Crime, Drama",Joseph L. Mankiewicz,"Ethan Coen, Joel Coen","Tom Holland, Michael Keaton, Robert Downey Jr., Marisa Tomei","While not intelligent, Forrest Gump has accidentally been present at many historic moments, but his true love, Jenny Curran, eludes him.",English,USA,1 nomination.,https://images-na.ssl-images-amazon.com/images/M/MV5BNTI4ODQ1MzAzNV5BMl5BanBnXkFtZTgwMzU4NzMxMDE@._V1_SX300.jpg,Internet Movie Database,8.1/10,,8.4,"519,405",ID-901,movie,,,,,,,,,,,http://www.rottentomatoes.com/m/untitled_boston_globe_project/,26 Mar 1997,"$1,498,177",Paramount Home Video,,True
134,The Avengers,2011,R,26 Sep 1959,134 min,"Biography, Crime, Drama",Ridley Scott,"Peter Benchley (screenplay), Carl Gottlieb (screenplay), Peter Benchley (based on the novel by)","Sunny Pawar, Abhishek Bharate, Priyanka Bose, Khushi Solanki","Harry, Ron and Hermione search for Voldemort's remaining Horcruxes in their effort to destroy the Dark Lord as the final battle rages on at Hogwarts.","English, Latin","USA, Germany",Won 3 Oscars. Another 23 wins & 27 nominations.,https://images-na.ssl-images-amazon.com/images/M/MV5BODZmYjMwNzEtNzVhNC00ZTRmLTk2M2UtNzE1MTQ2ZDAxNjc2XkEyXkFqcGdeQXVyMTQxNzMzNDI@._V1_SX300.jpg,Internet Movie Database,8.0/10,,8.2,"272,059",ID-902,movie,,,,,,,,,,,http://www.rottentomatoes.com/m/1059489-wild_bunch/,23 Feb 2016,,Universal Pictures,http://disney.go.com/monstersinc/index.html,True
250,Interstellar,1993,R,04 Nov 2016,102 min,"Adventure, Biography, Drama","Stanley Donen, Gene Kelly","John Milius, Francis Ford Coppola, Michael Herr (narration)","Fred MacMurray, Barbara Stanwyck, Edward G. Robinson, Porter Hall","After young Riley is uprooted from her Midwest life and moved to San Francisco, her emotions - Joy, Fear, Anger, Disgust and Sadness - conflict on how best to navigate a new city, house, and school.","English, Yiddish",USA,,https://images-na.ssl-images-amazon.com/images/M/MV5BMTk4ODQzNDY3Ml5BMl5BanBnXkFtZTcwODA0NTM4Nw@@._V1_SX300.jpg,Internet Movie Database,8.3/10,86,8.0,"304,299",ID-903,movie,,,,,,,,,,,http://www.rottentomatoes.com/m/raiders_of_the_lost_ark/,02 Nov 1999,,Sony Pictures Home Entertainment,http://www.facebook.com/songoftheseamovie,True
1,The Gold Rush,1965,PG-13,24 May 1989,142 min,"Biography, Drama, History",Billy Wilder,David S. Ward,"Tim Roth, Pruitt Taylor Vince, Bill Nunn, Clarence Williams III",Archaeologist and adventurer Indiana Jones is hired by the U.S. government to find the Ark of the Covenant before the Nazis.,"English, Italian, Latin, German",USA,Won 4 Oscars. Another 33 wins & 65 nominations.,https://images-na.ssl-images-amazon.com/images/M/MV5BMGEyNzhkYzktMGMyZS00YzRiLWJlYjktZjJkOTU5ZDY0ZGI4XkEyXkFqcGdeQXVyNjUwNzk3NDc@._V1_SX300.jpg,Internet Movie Database,8.1/10,,8.9,"537,662",ID-904,movie,,,,,,,,,,,http://www.rottentomatoes.com/m/1021244-thing/,29 Aug 2000,,Universal Pictures,http://www.foxsearchlight.com/slumdogmillionaire/,True
250,Life of Brian,1933,NOT RATED,17 Sep 1982,101 min,"Adventure, Drama, Fantasy",Jim Sheridan,M. Night Shyamalan,"Joel Edgerton, Tom Hardy, Nick Nolte, Jennifer Morrison","After settling his differences with a Japanese PoW camp commander, a British colonel co-operates to oversee his men's construction of a railway bridge for their captors - while oblivious to a plan by the Allies to destroy it.",English,"USA, UK",Won 2 Oscars. Another 85 wins & 77 nominations.,"https://images-na.ssl-images-amazon.com/images/M/MV5BMTY5MjM1OTAyOV5BMl5BanBnXkFtZTgwMDkwODg4MDE@._V1._CR52,57,915,1388_SX89_AL_.jpg_V1_SX300.jpg",Internet Movie Database,8.0/10,90,8.0,"122,177",ID-905,movie,,,,,,,,,,,http://www.rottentomatoes.com/m/inception/,25 Apr 2017,,Paramount,http://www.foxmovies.com/fightclub/,True
29,The Big Lebowski,1980,R,24 May 1989,116 min,"Comedy, Romance",Stanley Kubrick,"Erich Maria Remarque (by), Maxwell Anderson (adaptation), George Abbott (screen play), Del Andrews (adaptation), C. Gardner Sullivan (supervising story chief)","Farley Granger, Ruth Roman, Robert Walker, Leo G. Carroll","With the help of a German bounty hunter , a freed slave sets out to rescue his wife from a brutal Mississippi plantation owner.",English,"USA, UK",Nominated for 1 BAFTA Film Award. Another 3 wins & 2 nominations.,https://images-na.ssl-images-amazon.com/images/M/MV5BM2RjMmU3ZWItYzBlMy00ZmJkLWE5YzgtNTVkODdhOWM3NGZhXkEyXkFqcGdeQXVyNDA5Mjg5MjA@._V1_SX300.jpg,Internet Movie Database,8.8/10,74,8.6,"527,907",ID-906,movie,,,,,,,,,,,http://www.rottentomatoes.com/m/1001115-apartment/,22 May 2001,,Universal Pictures,,True
227,Django Unchained,1929,APPROVED,14 Apr 1959,178 min,"Crime, Drama",Edward Zwick,Lars von Trier,"Matthew Modine, Adam Baldwin, Vincent D'Onofrio, R. Lee Ermey","After young Riley is uprooted from her Midwest life and moved to San Francisco, her emotions - Joy, Fear, Anger, Disgust and Sadness - conflict on how best to navigate a new city, house, and school.",English,"France, Poland, Germany, UK",Nominated for 1 Oscar. Another 7 wins & 7 nominations.,https://images-na.ssl-images-amazon.com/images/M/MV5BZDdiZTAwYzAtMDI3Ni00OTRjLTkzN2UtMGE3MDMyZmU4NTU4XkEyXkFqcGdeQXVyNjU0OTQ0OTY@._V1_SX300.jpg,Internet Movie Database,8.0/10,,8.0,"729,653",ID-907,movie,,,,,,,,,,,http://www.rottentomatoes.com/m/best_years_of_our_lives/,09 Dec 1997,,Disney/Pixar,http://www.foxmovies.com/movies/the-revenant,True
76,Arsenic and Old Lace,1964,R,31 Aug 1949,88 min,"Comedy, Drama, Romance",Christopher Nolan,"Will Collins, Tomm Moore (story by)","Ralph Fiennes, F. Murray Abraham, Mathieu Amalric, Adrien Brody","A group of professional bank robbers start to feel the heat from police when they unknowingly leave a clue at their latest heist, while both sides attempt to find balance between their personal lives with their professional lives.","English, German",USA,Won 3 Oscars. Another 82 wins & 177 nominations.,https://images-na.ssl-images-amazon.com/images/M/MV5BN2YxZDUxYzMtYzQxNy00NTRjLThmZjQtY2Q4Njg2MTUyOTkzL2ltYWdlL2ltYWdlXkEyXkFqcGdeQXVyNjU0OTQ0OTY@._V1_SX300.jpg,Internet Movie Database,8.0/10,,8.2,"862,078",ID-908,movie,,,,,,,,,,,http://www.rottentomatoes.com/m/dead_poets_society/,27 Apr 2004,,Buena Vista Distribution Compa,http://www.rialtopictures.com/thegraduate.html,True
1,Star Wars: The Force Awakens,1968,PG,23 Apr 2004,130 min,"Comedy, Crime, Drama",Luc Besson,"Jake LaMotta (based on the book by), Joseph Carter (with), Peter Savage (with), Paul Schrader (screenplay), Mardik Martin (screenplay)","Cary Grant, Ingrid Bergman, Claude Rains, Louis Calhern",Dorothy Gale is swept away from a farm in Kansas to a magical land of Oz in a tornado and embarks on a quest with her new friends to see the Wizard who can help her return home in Kansas and help her friends as well.,"English, Spanish","USA, Canada",Won 1 Oscar. Another 90 wins & 90 nominations.,https://images-na.ssl-images-amazon.com/images/M/MV5BYTE4ODEwZDUtNDFjOC00NjAxLWEzYTQtYTI1NGVmZmFlNjdiL2ltYWdlL2ltYWdlXkEyXkFqcGdeQXVyNjc1NTYyMjg@._V1_SX300.jpg,Internet Movie Database,8.3/10,88,9.3,"48,842",ID-909,movie,,,,,,,,,,,http://www.rottentomatoes.com/m/bourne_ultimatum/,23 Oct 2001,"$22,442,876",20th Century Fox,http://www.intothewild.com/,True
137,Dogville,1995,R,28 Jan 2005,183 min,"Film-Noir, Mystery, Thriller",Mel Brooks,"Barry Morrow (story), Ronald Bass (screenplay), Barry Morrow (screenplay)","Charles Chaplin, Mack Swain, Tom Murray, Henry Bergman",A psychotic socialite confronts a pro tennis star with a theory on how two complete strangers can get away with murder - a theory that he plans to implement.,English,USA,Won 8 Oscars. Another 27 wins & 20 nominations.,https://images-na.ssl-images-amazon.com/images/M/MV5BMjIxNTU4MzY4MF5BMl5BanBnXkFtZTgwMzM4ODI3MjE@._V1_SX300.jpg,Internet Movie Database,8.5/10,83,8.1,"598,907",ID-910,movie,,,,,,,,,,,http://www.rottentomatoes.com/m/the_wolf_of_wall_street_2013/,16 Aug 2005,,Paramount Pictures,http://www.babydriver-movie.com/,True
93,Arsenic and Old Lace,1995,NOT RATED,28 Oct 1998,113 min,"Crime, Drama, Film-Noir",Alfred Hitchcock,"Andrew Stanton (original story by), Pete Docter (original story by), Andrew Stanton (screenplay), Jim Reardon (screenplay)","Bruce Allpress, Sean Astin, John Bach, Sala Baker",Two Western bank/train robbers flee to Bolivia when the law gets too close.,"English, German, Cantonese, Japanese, Hungarian",USA,Won 1 Oscar. Another 49 wins & 64 nominations.,https://images-na.ssl-images-amazon.com/images/M/MV5BMjAxMzY3NjcxNF5BMl5BanBnXkFtZTcwNTI5OTM0Mw@@._V1_SX300.jpg,Internet Movie Database,8.5/10,85,8.2,"179,414",ID-911,movie,,,,,,,,,,,http://www.rottentomatoes.com/m/1002352-big_sleep/,26 Mar 1997,,Sony Pictures Classics,,True
71,Out of the Past,2004,APPROVED,21 Aug 2009,96 min,Comedy,Rob Reiner,"Frank Pierson (screenplay), P.F. Kluge (based upon a magazine article by), Thomas Moore (based upon a magazine article by)","Clark Gable, Claudette Colbert, Walter Connolly, Roscoe Karns","In German-occupied Poland during World War II, Oskar Schindler gradually becomes concerned for his Jewish workforce after witnessing their persecution by the Nazi Germans.",English,USA,Won 2 Oscars. Another 18 wins & 31 nominations.,https://images-na.ssl-images-amazon.com/images/M/MV5BZDVlNTBjMjctNjAzNS00ZGJhLTg2NzMtNzIwYTIzYTBiMDkyXkEyXkFqcGdeQXVyNTA4NzY1MzY@._V1_SX300.jpg,Internet Movie Database,9.2/10,77,8.4,"45,629",ID-912,movie,,,,,,,,,,,http://www.rottentomatoes.com/m/full_metal_jacket/,,"$117,027,503",Columbia Pictures,,True
90,"Lock, Stock and Two Smoking Barrels",2006,PG-13,09 Jul 2003,146 min,Drama,Howard Hawks,"Alessandro Baricco (monologue Novecento), Giuseppe Tornatore","Kevin Spacey, Russell Crowe, Guy Pearce, James Cromwell",A New Orleans DA discovers there's more to the Kennedy assassination than the official story.,English,USA,Won 2 Oscars. Another 56 wins & 151 nominations.,https://images-na.ssl-images-amazon.com/images/M/MV5BMjAxMzY3NjcxNF5BMl5BanBnXkFtZTcwNTI5OTM0Mw@@._V1_SX300.jpg,Internet Movie Database,8.1/10,,8.3,"664,418",ID-913,movie,,,,,,,,,,,http://www.rottentomatoes.com/m/anatomy-of-a-murder/,01 Jun 1999,,DreamWorks Studios,http://www.lahabitacion.com.ar/,True
33,The Legend of 1900,2006,APPROVED,20 Dec 1974,133 min,"Adventure, Comedy, Drama",Tony Kaye,"Jeffrey Boam (screenplay), George Lucas (story), Menno Meyjes (story), George Lucas (characters), Philip Kaufman (characters)","Ethan Hawke, Julie Delpy, Andrea Eckert, Hanno Pöschl","In 1951, a group of high schoolers come of age in a bleak, isolated, atrophied West Texas town that is slowly dying, both culturally and economically.",English,USA,Won 6 Oscars. Another 197 wins & 243 nominations.,https://images-na.ssl-images-amazon.com/images/M/MV5BMjdjMGU3MGYtN2Y5ZC00MTE4LWE4YWQtMTBhMjc3MTk0ZDUwXkEyXkFqcGdeQXVyNjU0OTQ0OTY@._V1_SX300.jpg,Internet Movie Database,8.9/10,82,8.5,"119,453",ID-914,movie,,,,,,,,,,,http://www.rottentomatoes.com/m/gone_with_the_wind/,15 Feb 2000,,MGM Home Entertainment,http://www.WarriorFilm.com,True
193,The Prestige,1965,PG-13,15 Nov 1935,112 min,"Crime, Drama, Film-Noir",Frank Capra,Charles Chaplin,"Leonardo DiCaprio, Tom Hardy, Domhnall Gleeson, Will Poulter","An insomniac office worker, looking for a way to change his life, crosses paths with a devil-may-care soap maker, forming an underground fight club that evolves into something much, much more.",English,USA,Won 1 Oscar. Another 6 wins & 20 nominations.,https://images-na.ssl-images-amazon.com/images/M/MV5BODllZjg2YjUtNWEzNy00ZGY2LTgyZmQtYTkxNDYyOWM3OTUyXkEyXkFqcGdeQXVyMTQxNzMzNDI@._V1_SX300.jpg,Internet Movie Database,8.7/10,76,8.1,"184,127",ID-915,movie,,,,,,,,,,,http://www.rottentomatoes.com/m/rio_bravo/,28 Jan 2014,,Criterion Collection,,True
107,Harry Potter and the Deathly Hallows: Part 2,2004,PASSED,22 Feb 1934,125 min,"Comedy, Drama, Romance",Stanley Kubrick,"James Mangold (story by), Scott Frank (screenplay), James Mangold (screenplay), Michael Green (screenplay)","Anthony Quinn, Irene Papas, Michael Ansara, Johnny Sekka","Blacksmith Will Turner teams up with eccentric pirate ""Captain"" Jack Sparrow to save his love, the governor's daughter, from Jack's former pirate allies, who are now undead.",English,USA,Won 2 Oscars. Another 18 wins & 22 nominations.,https://images-na.ssl-images-amazon.com/images/M/MV5BMzg2YTFkNjgtM2ZkNS00MWVkLWIwMTEtZTgzMDM2MmUxNDE2XkEyXkFqcGdeQXVyMjI4MjA5MzA@._V1_SX300.jpg,Internet Movie Database,8.4/10,64,8.2,"179,650",ID-916,movie,,,,,,,,,,,http://www.rottentomatoes.com/m/guardians_of_the_galaxy/,03 Nov 1998,,Miramax Films,http://www.mgm.com/title_title.php?title_star=APARTMEN,True
89,Sunset Boulevard,2013,APPROVED,19 Dec 1980,107 min,"Animation, Comedy, Drama",Lee Unkrich,"Lawrence Kasdan (screenplay), George Lucas (screenplay), George Lucas (story by)","Natalie Portman, Hugo Weaving, Stephen Rea, Stephen Fry",A veteran British barrister must defend his client in a murder trial that has surprise after surprise.,English,"USA, Germany",,https://images-na.ssl-images-amazon.com/images/M/MV5BNjdjNGQ4NDEtNTEwYS00MTgxLTliYzQtYzE2ZDRiZjFhZmNlXkEyXkFqcGdeQXVyNjU0OTQ0OTY@._V1_SX300.jpg,Internet Movie Database,8.0/10,71,8.2,"101,553",ID-917,movie,,,,,,,,,,,http://www.rottentomatoes.com/m/philadelphia_story/,21 Sep 2004,,20th Century Fox,,True
65,Barry Lyndon,2001,NOT RATED,23 Feb 1979,133 min,"Mystery, Thriller",George Roy Hill,"Chuck Palahniuk (novel), Jim Uhls (screenplay)","Bette Davis, Joan Crawford, Victor Buono, Wesley Addy",A young recruit in Vietnam faces a moral crisis when confronted with the horrors of war and the duality of man.,English,"UK, USA",Won 1 Oscar. Another 92 wins & 104 nominations.,https://images-na.ssl-images-amazon.com/images/M/MV5BMDdkYzE5ODYtMmIwZi00MDgzLTk1YWEtZTcwNGRmMzAwNDMzXkEyXkFqcGdeQXVyNDQzMDg4Nzk@._V1_SX300.jpg,Internet Movie Database,8.4/10,83,8.2,"314,262",ID-918,movie,,,,,,,,,,,http://www.rottentomatoes.com/m/american_beauty/,08 Jun 2010,"$13,600,000",Warner Bros. Pictures/Village Roadshow,http://www.starwars.com/episode-vi/,True
30,North by Northwest,1988,PG,27 Jan 1995,138 min,Drama,"Stanley Donen, Gene Kelly","Ethan Coen, Joel Coen","Jean Reno, Gary Oldman, Natalie Portman, Danny Aiello","An ex-tennis pro carries out a plot to murder his wife. When things go wrong, he improvises a brilliant plan B.",English,USA,Won 1 Golden Globe. Another 21 wins & 8 nominations.,https://images-na.ssl-images-amazon.com/images/M/MV5BMTY5MzYzNjc5NV5BMl5BanBnXkFtZTYwNTUyNTc2._V1_SX300.jpg,Internet Movie Database,8.1/10,,8.5,"44,802",ID-919,movie,,,,,,,,,,,http://www.rottentomatoes.com/m/truman_show/,24 Feb 2015,"$162,804,648",Warner Bros. Pictures,,True
244,The Green Mile,2004,R,19 Sep 1984,136 min,"Animation, Adventure, Comedy",Quentin Tarantino,"Billy Wilder, I.A.L. Diamond","Harvey Keitel, Tim Roth, Michael Madsen, Chris Penn","After settling his differences with a Japanese PoW camp commander, a British colonel co-operates to oversee his men's construction of a railway bridge for their captors - while oblivious to a plan by the Allies to destroy it.","English, German, French, Italian",USA,Nominated for 4 Oscars. Another 15 wins & 30 nominations.,https://images-na.ssl-images-amazon.com/images/M/MV5BMTA2NDYxOGYtYjU1Mi00Y2QzLTgxMTQtMWI1MGI0ZGQ5MmU4XkEyXkFqcGdeQXVyNDk3NzU2MTQ@._V1_SX300.jpg,Internet Movie Database,8.5/10,,8.0,"208,523",ID-920,movie,,,,,,,,,,,http://www.rottentomatoes.com/m/the_wizard_of_oz_1939/,10 Sep 2002,,Columbia Pictures,,True
158,Apocalypse Now,2016,PG,06 Jun 1956,140 min,"Comedy, Crime",William Wyler,"Josh Singer, Tom McCarthy","Colin Firth, Helena Bonham Carter, Derek Jacobi, Robert Portal","An astronaut becomes stranded on Mars after his team assume him dead, and must rely on his ingenuity to find a way to signal to Earth that he is alive.",English,USA,Won 2 Oscars. Another 37 wins & 95 nominations.,https://images-na.ssl-images-amazon.com/images/M/MV5BNjdjNGQ4NDEtNTEwYS00MTgxLTliYzQtYzE2ZDRiZjFhZmNlXkEyXkFqcGdeQXVyNjU0OTQ0OTY@._V1_SX300.jpg,Internet Movie Database,8.1/10,,8.1,"797,545",ID-921,movie,,,,,,,,,,,http://www.rottentomatoes.com/m/1019196-sleuth/,13 Apr 2004,,Universal Pictures,,True
210,The Shawshank Redemption,1946,R,03 Mar 2017,94 min,"Comedy, Romance","Lana Wachowski, Lilly Wachowski",Lars von Trier,"Tom Holland, Michael Keaton, Robert Downey Jr., Marisa Tomei","A botched card game in London triggers four friends, thugs, weed-growers, hard gangsters, loan sharks and debt collectors to collide with each other in a series of unexpected events, all for the sake of weed, cash and two antique shotguns.","English, Russian","USA, India, United Arab Emirates",9 wins & 15 nominations.,https://images-na.ssl-images-amazon.com/images/M/MV5BNjUyMTc4MDExMV5BMl5BanBnXkFtZTgwNDg0NDIwMjE@._V1_SX300.jpg,Internet Movie Database,8.5/10,88,8.0,"646,546",ID-922,movie,,,,,,,,,,,http://www.rottentomatoes.com/m/1021244-thing/,29 Jun 1999,"$305,343,252",Walt Disney Animation Studios,,True
146,The Man Who Shot Liberty Valance,1994,PG-13,15 Jan 1951,170 min,"Drama, History, Romance",Andrew Stanton,"Ronald Harwood (screenplay), Wladyslaw Szpilman (book)","Chris Pratt, Zoe Saldana, Dave Bautista, Vin Diesel","Two detectives, a rookie and a veteran, hunt a serial killer who uses the seven deadly sins as his motives.",English,USA,7 wins & 27 nominations.,https://images-na.ssl-images-amazon.com/images/M/MV5BZmRmYmZkZTktZDc5ZC00ZjZmLTg4NWMtYjM3MjcyNTVjNGQ5L2ltYWdlL2ltYWdlXkEyXkFqcGdeQXVyNjc1NTYyMjg@._V1_SX300.jpg,Internet Movie Database,8.2/10,,8.1,"151,983",ID-923,movie,,,,,,,,,,,http://www.rottentomatoes.com/m/godfather_part_ii/,26 Mar 1997,"$91,330,760",Paramount Pictures,http://lionmovie.com/,True
140,Cat on a Hot Tin Roof,2002,PG,23 Jan 1943,137 min,"Adventure, Drama, History",Milos Forman,"Budd Schulberg (screenplay), Budd Schulberg (based upon an original story by), Malcolm Johnson (suggested by articles by)","Jamie Foxx, Christoph Waltz, Leonardo DiCaprio, Kerry Washington",Selfish yuppie Charlie Babbitt's father left a fortune to his savant brother Raymond and a pittance to Charlie; they travel cross-country.,"English, Spanish",USA,Won 2 Oscars. Another 7 wins & 14 nominations.,https://images-na.ssl-images-amazon.com/images/M/MV5BZDVhMTk1NjUtYjc0OS00OTE1LTk1NTYtYWMzMDI5OTlmYzU2XkEyXkFqcGdeQXVyNjc1NTYyMjg@._V1_SX300.jpg,Internet Movie Database,8.1/10,97,8.1,"747,275",ID-924,movie,,,,,,,,,,,http://www.rottentomatoes.com/m/1052609-kid/,06 Jan 2004,,IFC Films,http://www.whatisthematrix.com,True
1,Fargo,1940,PG-13,22 Jan 2016,103 min,"Action, Adventure, Comedy",Peter Jackson,"Graham Greene (by), Graham Greene (screen play)","Ralph Fiennes, Michael Gambon, Alan Rickman, Daniel Radcliffe","In the 1940s, a young boy named Ralphie attempts to convince his parents, his teacher, and Santa that a Red Ryder B.B. gun really is the perfect Christmas gift.","English, German, Italian, French, Spanish",USA,Won 1 Oscar. Another 13 wins & 39 nominations.,https://images-na.ssl-images-amazon.com/images/M/MV5BY2NkNTcxNjAtODhjMS00Mjg2LWI1OGItMjRhMGJlODBkZTVlL2ltYWdlL2ltYWdlXkEyXkFqcGdeQXVyNzAxMjE1NDg@._V1_SX300.jpg,Internet Movie Database,8.4/10,,8.9,"73,848",ID-925,movie,,,,,,,,,,,http://www.rottentomatoes.com/m/1001115-apartment/,10 Sep 1997,,MGM,https://marvel.com/guardians,True
176,The Prestige,1946,R,23 Feb 1979,183 min,"Mystery, Thriller",Peter Jackson,"Bill Lancaster (screenplay), John W. Campbell Jr. (story)","Elizabeth Taylor, Richard Burton, George Segal, Sandy Dennis","In 1951, a group of high schoolers come of age in a bleak, isolated, atrophied West Texas town that is slowly dying, both culturally and economically.",English,USA,Nominated for 4 Oscars. Another 21 wins & 15 nominations.,https://images-na.ssl-images-amazon.com/images/M/MV5BMjAxODQ4MDU5NV5BMl5BanBnXkFtZTcwMDU4MjU1MQ@@._V1_SX300.jpg,Internet Movie Database,8.2/10,83,8.1,"969,927",ID-926,movie,,,,,,,,,,,http://www.rottentomatoes.com/m/1020333-streetcar_named_desire/,14 Dec 1999,"$132,300,000",Warner Bros. Pictures,http://www.foxmovies.com/deadpool,True
214,The Silence of the Lambs,1921,R,15 Dec 1995,118 min,"Comedy, Romance",Billy Wilder,"Byron Howard (story by), Rich Moore (story by), Jared Bush (story by), Jim Reardon (story by), Josie Trinidad (story by), Phil Johnston (story by), Jennifer Lee (story by), Jared Bush (screenplay), Phil Johnston (screenplay)","Nicole Kidman, Harriet Andersson, Lauren Bacall, Jean-Marc Barr","An ex-tennis pro carries out a plot to murder his wife. When things go wrong, he improvises a brilliant plan B.",English,USA,,https://images-na.ssl-images-amazon.com/images/M/MV5BMTY3MjM1Mzc4N15BMl5BanBnXkFtZTgwODM0NzAxMDE@._V1_SX300.jpg,Internet Movie Database,8.3/10,,8.0,"119,156",ID-927,movie,,,,,,,,,,,http://www.rottentomatoes.com/m/dead_poets_society/,24 Feb 1998,,Paramount Vantage,,True
18,12 Angry Men,1997,PG,18 Dec 2015,136 min,"Comedy, Drama, Romance",Clint Eastwood,"Gillian Flynn (screenplay), Gillian Flynn (novel)","Diahnne Abbott, Frank Adu, Victor Argo, Gino Ardito","Following the Normandy Landings, a group of U.S. soldiers go behind enemy lines to retrieve a paratrooper whose brothers have been killed in action.","English, French, Vietnamese",USA,Nominated for 5 Oscars. Another 8 wins & 26 nominations.,https://images-na.ssl-images-amazon.com/images/M/MV5BNDMyNGU0NjUtNTIxMC00ZmU2LWE0ZGItZTdkNGVlODI2ZDcyL2ltYWdlXkEyXkFqcGdeQXVyNjc1NTYyMjg@._V1_SX300.jpg,Internet Movie Database,8.0/10,85,8.7,"909,341",ID-928,movie,,,,,,,,,,,http://www.rottentomatoes.com/m/american_history_x/,06 Mar 2001,"$74,223,625",Warner Bros. Pictures,,True
230,Apocalypse Now,2009,NOT RATED,19 Oct 1939,120 min,"Crime, Drama, Film-Noir",Charles Chaplin,"Carl Foreman (screenplay), John W. Cunningham (magazine story ""The Tin Star"")","Sally Kirkland, Anthony Ramirez, Ray LePere, Steve Reed","A five-year-old Indian boy gets lost on the streets of Calcutta, thousands of kilometers from home. He survives many challenges before being adopted by a couple in Australia. 25 years later, he sets out to find his lost family.","English, French","USA, Germany",Nominated for 3 Oscars. Another 16 wins & 45 nominations.,https://images-na.ssl-images-amazon.com/images/M/MV5BMTI2MzQyNTc1M15BMl5BanBnXkFtZTYwMjExNjc3._V1_SX300.jpg,Internet Movie Database,8.4/10,,8.0,"589,975",ID-929,movie,,,,,,,,,,,http://www.rottentomatoes.com/m/the_revenant_2015/,04 Mar 2008,,United Artists,http://www.grandbudapesthotel.com/,True
1,The Martian,1997,R,12 Feb 2016,108 min,"Adventure, Biography, Drama",John Lasseter,M. Night Shyamalan,"Uma Thurman, Lucy Liu, Vivica A. Fox, Daryl Hannah","Two detectives, a rookie and a veteran, hunt a serial killer who uses the seven deadly sins as his motives.",English,"USA, UK",Nominated for 1 Oscar. Another 25 wins & 34 nominations.,https://images-na.ssl-images-amazon.com/images/M/MV5BMDliMmNhNDEtODUyOS00MjNlLTgxODEtN2U3NzIxMGVkZTA1L2ltYWdlXkEyXkFqcGdeQXVyNjU0OTQ0OTY@._V1_SX300.jpg,Internet Movie Database,8.2/10,86,9.0,"494,215",ID-930,movie,,,,,,,,,,,http://www.rottentomatoes.com/m/alien/,21 Aug 2007,,Dream Works,,True
38,Braveheart,1952,PG,12 Mar 2010,120 min,"Biography, Drama, History",Jonathan Demme,"John Huston (screenplay), Dashiell Hammett (based upon the novel by)","Ben Kingsley, Candice Bergen, Edward Fox, John Gielgud","Luke Skywalker joins forces with a Jedi Knight, a cocky pilot, a wookiee and two droids to save the galaxy from the Empire's world-destroying battle-station, while also attempting to rescue Princess Leia from the evil Darth Vader.",English,"USA, UK",Won 4 Oscars. Another 127 wins & 217 nominations.,https://images-na.ssl-images-amazon.com/images/M/MV5BMTk4ODQzNDY3Ml5BMl5BanBnXkFtZTcwODA0NTM4Nw@@._V1_SX300.jpg,Internet Movie Database,8.0/10,81,8.5,"230,951",ID-931,movie,,,,,,,,,,,http://www.rottentomatoes.com/m/inside_out_2015/,13 Apr 2004,"$158,737,441",Paramount Pictures,http://www.starwars.com/episode-v/,True
37,Some Like It Hot,2017,APPROVED,04 Mar 2016,139 min,"Adventure, Drama",Roman Polanski,"Pete Docter (original story by), Ronnie Del Carmen (original story by), Pete Docter (screenplay), Meg LeFauve (screenplay), Josh Cooley (screenplay), Michael Arndt (additional story material by), Bill Hader (additional dialogue by), Amy Poehler (additional dialogue by), Simon Rich (additional story material by)","Wil Wheaton, River Phoenix, Corey Feldman, Jerry O'Connell","A story of family, religion, hatred, oil and madness, focusing on a turn-of-the-century prospector in the early days of the business.","English, Russian",USA,Won 1 Oscar. Another 60 wins & 68 nominations.,https://images-na.ssl-images-amazon.com/images/M/MV5BMjQ1NjM3MTUxNV5BMl5BanBnXkFtZTgwMDc5MTY5OTE@._V1_SX300.jpg,Internet Movie Database,8.2/10,,8.4,"344,326",ID-932,movie,,,,,,,,,,,http://www.rottentomatoes.com/m/american_beauty/,16 Aug 2005,"$56,939,515",Universal Pictures,,True
187,American History X,1993,PG-13,15 Sep 1995,93 min,"Action, Adventure, Sci-Fi",Clint Eastwood,"Richard Linklater (screenplay), Julie Delpy (screenplay), Ethan Hawke (screenplay), Richard Linklater (story), Kim Krizan (story), Richard Linklater (characters), Kim Krizan (characters)","Charles Chaplin, Paulette Goddard, Henry Bergman, Tiny Sandford",Two stage magicians engage in competitive one-upmanship in an attempt to create the ultimate stage illusion.,"English, German, French, Russian, Spanish",USA,Won 1 Oscar. Another 18 wins & 19 nominations.,https://images-na.ssl-images-amazon.com/images/M/MV5BYTNjN2M2MzYtZGEwMi00Mzc5LWEwYTMtODM1ZmRiZjFiNTU0L2ltYWdlL2ltYWdlXkEyXkFqcGdeQXVyNjc1NTYyMjg@._V1_SX300.jpg,Internet Movie Database,8.3/10,96,8.1,"685,825",ID-933,movie,,,,,,,,,,,http://www.rottentomatoes.com/m/sin_city/,16 May 2000,"$162,804,648",Columbia Pictures,,True
144,Aliens,1963,R,19 Dec 1980,156 min,"Drama, War",Ridley Scott,,"Ryan Reynolds, Karan Soni, Ed Skrein, Michael Benyaer",The aging patriarch of an organized crime dynasty transfers control of his clandestine empire to his reluctant son.,English,Australia,Nominated for 8 Oscars. Another 10 wins & 14 nominations.,https://images-na.ssl-images-amazon.com/images/M/MV5BMTY5MTYyNjkwNV5BMl5BanBnXkFtZTcwODE3MTI0MQ@@._V1_SX300.jpg,Internet Movie Database,8.3/10,96,8.0,"179,650",ID-934,movie,,,,,,,,,,,http://www.rottentomatoes.com/m/out_of_the_past/,28 Apr 1998,,Buena Vista Pictures,,True
118,The Sixth Sense,1956,R,19 Jan 2001,96 min,"Crime, Drama",Mike Nichols,"William Goldman (book), William Goldman (screenplay)","Charles Chaplin, Paulette Goddard, Henry Bergman, Tiny Sandford",A young boy is raised within the confines of a small shed.,English,"USA, New Zealand",4 wins & 6 nominations.,https://images-na.ssl-images-amazon.com/images/M/MV5BNTk4ODQ1MzgzNl5BMl5BanBnXkFtZTgwMTMyMzM4MTI@._V1_SX300.jpg,Internet Movie Database,8.0/10,80,8.1,"161,564",ID-935,movie,,,,,,,,,,,http://www.rottentomatoes.com/m/some_like_it_hot/,,"$202,313,768",Newmarket Films,http://www.fjtlesoiseaux.fr/cinema.html,True
239,Butch Cassidy and the Sundance Kid,1987,R,25 Feb 1994,102 min,Drama,Robert Rossen,"Richard Linklater (screenplay), Julie Delpy (screenplay), Ethan Hawke (screenplay), Richard Linklater (story), Kim Krizan (story), Richard Linklater (characters), Kim Krizan (characters)","Harvey Keitel, Tim Roth, Michael Madsen, Chris Penn",An undercover cop and a mole in the police attempt to identify each other while infiltrating an Irish gang in South Boston.,English,USA,3 nominations.,https://images-na.ssl-images-amazon.com/images/M/MV5BNDcyZmFjY2YtN2I1OC00MzU3LWIzZGEtZDA5N2VlNDJjYWI3L2ltYWdlXkEyXkFqcGdeQXVyNTAyODkwOQ@@._V1_SX300.jpg,Internet Movie Database,8.0/10,68,8.0,"527,907",ID-936,movie,,,,,,,,,,,http://www.rottentomatoes.com/m/paris_texas/,27 Jan 1998,,20th Century Fox,,True
20,Reservoir Dogs,2014,PASSED,01 Apr 2005,188 min,"Comedy, Romance","Pete Docter, Ronnie Del Carmen",Quentin Tarantino,"Ginnifer Goodwin, Jason Bateman, Idris Elba, Jenny Slate",Two stage magicians engage in competitive one-upmanship in an attempt to create the ultimate stage illusion.,English,USA,Won 1 Oscar. Another 129 wins & 165 nominations.,https://images-na.ssl-images-amazon.com/images/M/MV5BZmRmYmZkZTktZDc5ZC00ZjZmLTg4NWMtYjM3MjcyNTVjNGQ5L2ltYWdlL2ltYWdlXkEyXkFqcGdeQXVyNjc1NTYyMjg@._V1_SX300.jpg,Internet Movie Database,8.2/10,96,8.7,"549,211",ID-937,movie,,,,,,,,,,,http://www.rottentomatoes.com/m/dr_strangelove/,13 Jan 2015,,20th Century Fox,,True
117,One Flew Over the Cuckoo's Nest,1962,R,18 Dec 2002,80 min,"Crime, Drama, Thriller","Dean DeBlois, Chris Sanders","Hume Cronyn (adapted by), Patrick Hamilton (from the play by), Arthur Laurents (screenplay)","Tim Roth, Pruitt Taylor Vince, Bill Nunn, Clarence Williams III",An angel is sent from Heaven to help a desperately frustrated businessman by showing him what life would have been like if he had never existed.,English,USA,Won 2 Oscars. Another 14 wins & 15 nominations.,https://images-na.ssl-images-amazon.com/images/M/MV5BMTY2MTk3MDQ1N15BMl5BanBnXkFtZTcwMzI4NzA2NQ@@._V1_SX300.jpg,Internet Movie Database,8.6/10,77,8.3,"1,188,300",ID-938,movie,,,,,,,,,,,http://www.rottentomatoes.com/m/secrets-of-the-great-wall2004/,08 Jun 2010,,20th Century Fox,http://www.thedarkknightrises.com/,True
131,Die Hard,1942,R,20 Jun 1980,93 min,Drama,Denis Villeneuve,"William Monahan (screenplay), Alan Mak, Felix Chong","Nicole Kidman, Harriet Andersson, Lauren Bacall, Jean-Marc Barr","Eight years after the Joker's reign of anarchy, the Dark Knight, with the help of the enigmatic Selina, is forced from his imposed exile to save Gotham City, now on the edge of total annihilation, from the brutal guerrilla terrorist Bane.",English,USA,2 wins.,https://images-na.ssl-images-amazon.com/images/M/MV5BMTk4NDQ0NjgyNF5BMl5BanBnXkFtZTgwMTE3NTkxMTE@._V1_SX300.jpg,Internet Movie Database,8.3/10,87,8.1,"594,362",ID-939,movie,,,,,,,,,,,http://www.rottentomatoes.com/m/raging_bull/,,"$4,548,170",Columbia Pictures,,True
169,Vertigo,1981,R,06 Feb 1974,88 min,Comedy,Howard Hawks,"Harry Grey (novel), Leonardo Benvenuti (screenplay), Piero De Bernardi (screenplay), Enrico Medioli (screenplay), Franco Arcalli (screenplay), Franco Ferrini (screenplay), Sergio Leone (screenplay), Stuart Kaminsky (additional dialogue)","Kurt Russell, Wilford Brimley, T.K. Carter, David Clennon","The story of 'Frank Abagnale Jr., before his 19th birthday, successfully forged millions of dollars' worth of checks while posing as a Pan Am pilot, a doctor, and legal prosecutor as a seasoned and dedicated FBI agent pursues him.",English,"USA, UK",2 wins & 1 nomination.,https://images-na.ssl-images-amazon.com/images/M/MV5BMjk3YjJmYTctMTAzZC00MzE4LWFlZGMtNDM5OTMyMDEzZWIxXkEyXkFqcGdeQXVyNTI4MjkwNjA@._V1_SX300.jpg,Internet Movie Database,8.0/10,90,8.1,"519,405",ID-940,movie,,,,,,,,,,,http://www.rottentomatoes.com/m/return_of_the_jedi/,11 Dec 2001,,New Line Cinema,http://www.theprincessbride-themovie.com/,True
104,Once Upon a Time in America,1945,R,29 Jan 1964,85 min,"Drama, Mystery, Thriller",Stanley Kubrick,Quentin Tarantino,"Clint Eastwood, Gene Hackman, Morgan Freeman, Richard Harris","In a city of anthropomorphic animals, a rookie bunny cop and a cynical con artist fox must work together to uncover a conspiracy.",English,"UK, India, USA",Won 2 Oscars. Another 17 wins & 25 nominations.,https://images-na.ssl-images-amazon.com/images/M/MV5BMjA4NDI0MTIxNF5BMl5BanBnXkFtZTYwNTM0MzY2._V1_SX300.jpg,Internet Movie Database,8.0/10,73,8.2,"194,970",ID-941,movie,,,,,,,,,,,http://www.rottentomatoes.com/m/marvels_the_avengers/,26 Nov 2002,,Warner Bros. Pictures,http://www.jaws25.com/,True
121,The Manchurian Candidate,1989,APPROVED,27 Jan 1995,92 min,"Crime, Drama","Stanley Donen, Gene Kelly","Walon Green (screenplay), Sam Peckinpah (screenplay), Walon Green (story), Roy N. Sickner (story)","Melinda Dillon, Darren McGavin, Peter Billingsley, Scott Schwartz","The youngest son of an alcoholic former boxer returns home, where he's trained by his father for competition in a mixed martial arts tournament - a path that puts the fighter on a collision course with his estranged, older brother.","English, German, Italian, French, Spanish",USA,Won 6 Oscars. Another 17 wins & 17 nominations.,https://images-na.ssl-images-amazon.com/images/M/MV5BMjIxNTU4MzY4MF5BMl5BanBnXkFtZTgwMzM4ODI3MjE@._V1_SX300.jpg,Internet Movie Database,8.2/10,,8.2,"28,038",ID-942,movie,,,,,,,,,,,http://www.rottentomatoes.com/m/star_wars_episode_vii_the_force_awakens/,03 Nov 1997,,TriStar Pictures,,True
26,Brief Encounter,2004,R,25 Jan 2008,101 min,"Mystery, Thriller",Charles Chaplin,"Tennessee Williams (screen play), Oscar Saul (adaptation), Tennessee Williams (original play ""A Streetcar Named Desire"")","Liam Neeson, Ben Kingsley, Ralph Fiennes, Caroline Goodall",A research facility in Antarctica comes across an alien force that can become anything it touches with 100% accuracy. The members must now find out who's human and who's not before it's too late.,English,USA,Nominated for 1 Oscar. Another 14 wins & 71 nominations.,https://images-na.ssl-images-amazon.com/images/M/MV5BMTg5NDkwMTk5N15BMl5BanBnXkFtZTYwODg3MDk2._V1_SX300.jpg,Internet Movie Database,8.4/10,86,8.7,"707,806",ID-943,movie,,,,,,,,,,,http://www.rottentomatoes.com/m/eternal_sunshine_of_the_spotless_mind/,02 Nov 1999,,Universal City Studios,,True
167,Network,1990,R,10 Aug 1953,80 min,"Horror, Mystery, Thriller",Jonathan Demme,"Roger Waters (album ""The Wall""), Roger Waters (screenplay)","Cary Grant, Priscilla Lane, Raymond Massey, Jack Carson","An insomniac office worker, looking for a way to change his life, crosses paths with a devil-may-care soap maker, forming an underground fight club that evolves into something much, much more.",English,"USA, UK, Canada, Iceland",Won 1 Oscar. Another 49 wins & 64 nominations.,https://images-na.ssl-images-amazon.com/images/M/MV5BOWEwODJmZDItYTNmZC00OGM4LThlNDktOTQzZjIzMGQxODA4XkEyXkFqcGdeQXVyNjU0OTQ0OTY@._V1_SX300.jpg,Internet Movie Database,8.1/10,85,8.0,"82,622",ID-944,movie,,,,,,,,,,,http://www.rottentomatoes.com/m/1065684-braveheart/,24 Mar 1998,,ITVS,http://www.kino.com/moderntimes,True
100,Inside Out,1953,PG,07 Nov 2014,137 min,"Drama, History, Thriller",Adam Elliot,"Carl Foreman (screenplay), John W. Cunningham (magazine story ""The Tin Star"")","Robert De Niro, James Woods, Elizabeth McGovern, Joe Pesci","Luke Skywalker joins forces with a Jedi Knight, a cocky pilot, a wookiee and two droids to save the galaxy from the Empire's world-destroying battle-station, while also attempting to rescue Princess Leia from the evil Darth Vader.",English,USA,Won 1 Oscar. Another 20 wins & 24 nominations.,https://images-na.ssl-images-amazon.com/images/M/MV5BMzVjNzI4NzYtMjE4NS00M2IzLWFkOWMtOTYwMWUzN2ZlNGVjL2ltYWdlL2ltYWdlXkEyXkFqcGdeQXVyMTQxNzMzNDI@._V1_SX300.jpg,Internet Movie Database,8.3/10,91,8.1,"68,128",ID-945,movie,,,,,,,,,,,http://www.rottentomatoes.com/m/1000013-12_angry_men/,02 Jan 2002,"$135,620",Warner Bros. Pictures,http://www.magnoliamovie.com,True
123,Logan,2017,R,20 Nov 1998,95 min,"Adventure, Drama, War",Tom McCarthy,"Robert Schenkkan (screenplay), Andrew Knight (screenplay)","Steve McQueen, Dustin Hoffman, Victor Jory, Don Gordon","The story of T.E. Lawrence, the English officer who successfully united and led the diverse, often warring, Arab tribes during World War I in order to fight the Turks.","English, German, Italian, French, Spanish",Italy,3 wins.,https://images-na.ssl-images-amazon.com/images/M/MV5BMTZkZTBhYmUtMTIzNy00YTViLTg1OWItNGUwMmVlN2FjZTVkXkEyXkFqcGdeQXVyNDYyMDk5MTU@._V1_SX300.jpg,Internet Movie Database,8.0/10,93,8.2,"445,407",ID-946,movie,,,,,,,,,,,http://www.rottentomatoes.com/m/treasure_of_the_sierra_madre/,07 Dec 2010,"$5,600,000",Miramax Films,,True
81,Into the Wild,1928,R,17 Aug 1979,127 min,"Biography, Drama, History",James Cameron,"Calder Willingham (screenplay), Buck Henry (screenplay), Charles Webb (based on the novel by)","Harrison Ford, Karen Allen, Paul Freeman, Ronald Lacey","After graduating from Emory University, top student and athlete Christopher McCandless abandons his possessions, gives his entire $24,000 savings account to charity and hitchhikes to Alaska to live in the wilderness. Along the way, Christopher encounters a series of characters that shape his life.","English, German, French, Italian","USA, UK",2 wins.,https://images-na.ssl-images-amazon.com/images/M/MV5BMjM3MjQ1MzkxNl5BMl5BanBnXkFtZTgwODk1ODgyMjI@._V1_SX300.jpg,Internet Movie Database,8.1/10,80,8.3,"103,963",ID-947,movie,,,,,,,,,,,http://www.rottentomatoes.com/m/1209767-mary_and_max/,13 Mar 2001,"$226,252,579",First National Pictures Inc.,http://www.foxsearchlight.com/12yearsaslave/,True
36,Rocky,1987,APPROVED,16 Dec 1988,131 min,"Action, Drama, Western",Richard Linklater,"Ron Clements (screenplay), John Musker (screenplay), Ted Elliott (screenplay), Terry Rossio (screenplay), Burny Mattinson (story), Roger Allers (story), Daan Jippes (story), Kevin Harkey (story), Sue C. Nichols (story), Francis Glebas (story), Darrell Rooney (story), Larry Leker (story), James Fujii (story), Kirk Hanson (story), Kevin Lima (story), Rebecca Rees (story), David S. Smith (story), Chris Sanders (story), Brian Pimental (story), Patrick A. Ventura (story)","Don Cheadle, Xolani Mali, Desmond Dube, Hakeem Kae-Kazim",Dorothy Gale is swept away from a farm in Kansas to a magical land of Oz in a tornado and embarks on a quest with her new friends to see the Wizard who can help her return home in Kansas and help her friends as well.,"English, American Sign Language","UK, Germany, USA",Won 4 Oscars. Another 15 wins & 25 nominations.,https://images-na.ssl-images-amazon.com/images/M/MV5BYTcxYWExOTMtMWFmYy00ZjgzLWI0YjktNWEzYzJkZTg0NDdmL2ltYWdlXkEyXkFqcGdeQXVyNjc1NTYyMjg@._V1_SX300.jpg,Internet Movie Database,8.1/10,,8.6,"462,767",ID-948,movie,,,,,,,,,,,http://www.rottentomatoes.com/m/eternal_sunshine_of_the_spotless_mind/,01 Jan 1998,,Universal Pictures,,True
178,Annie Hall,1955,APPROVED,20 Jun 1974,150 min,"Adventure, Drama, Sci-Fi","Stanley Donen, Gene Kelly","Donn Pearce (screenplay), Frank Pierson (screenplay), Donn Pearce (novel)","Matt Damon, Jessica Chastain, Kristen Wiig, Jeff Daniels",Two Western bank/train robbers flee to Bolivia when the law gets too close.,English,USA,Won 4 Oscars. Another 103 wins & 194 nominations.,https://images-na.ssl-images-amazon.com/images/M/MV5BMzU5MjEwMTg2Nl5BMl5BanBnXkFtZTcwNzM3MTYxNA@@._V1_SX300.jpg,Internet Movie Database,8.6/10,80,8.1,"1,108,627",ID-949,movie,,,,,,,,,,,http://www.rottentomatoes.com/m/annie_hall/,12 Sep 2006,"$364,000,000",MGM/United Artists,http://movies.disney.com/zootopia,True
143,Memento,2006,NOT RATED,28 Jun 2017,107 min,"Animation, Adventure, Comedy",Peter Bogdanovich,"Joseph Stefano (screenplay), Robert Bloch (novel)","Ray Milland, Grace Kelly, Robert Cummings, John Williams",A prospector goes to the Klondike in search of gold and finds it and more.,"English, French, German, Czech",USA,Nominated for 1 Oscar. Another 10 wins & 31 nominations.,https://images-na.ssl-images-amazon.com/images/M/MV5BZTZmNjgyZmUtOTI2MC00MDI4LWJjOTgtNjc2YTc4YTk0ZWJjL2ltYWdlL2ltYWdlXkEyXkFqcGdeQXVyNjc1NTYyMjg@._V1_SX300.jpg,Internet Movie Database,8.6/10,76,8.2,"151,983",ID-950,movie,,,,,,,,,,,http://www.rottentomatoes.com/m/1008166-general/,07 Sep 1999,,Hollywood/Buena Vista,http://movies.go.com/moviesdynamic/movies/movie?id=505420,True
237,The Big Lebowski,2017,G,18 Oct 1941,179 min,"Action, Drama, Sport",Terry George,"Orson Welles (screenplay), Whit Masterson (based on the novel ""Badge Of Evil"" by)","Judy Garland, Frank Morgan, Ray Bolger, Bert Lahr","The lives of guards on Death Row are affected by one of their charges: a black man accused of child murder and rape, yet who has a mysterious gift.",English,USA,Won 4 Oscars. Another 92 wins & 134 nominations.,https://images-na.ssl-images-amazon.com/images/M/MV5BYzVlMWViZGEtYjEyYy00YWZmLThmZGEtYmM4MDZlN2Q5MmRmXkEyXkFqcGdeQXVyMTQxNzMzNDI@._V1_SX300.jpg,Internet Movie Database,8.1/10,53,8.0,"960,639",ID-951,movie,,,,,,,,,,,http://www.rottentomatoes.com/m/snatch/,01 Jan 1998,"$2,546,851",Paramount Pictures,,True
106,The General,2017,PG-13,20 Dec 1991,110 min,"Comedy, Romance","Ron Clements, John Musker","Daniel Wallace (novel), John August (screenplay)","Penelope Allen, Sully Boyar, John Cazale, Beulah Garrick",A young soldier faces profound disillusionment in the soul-destroying horror of World War I.,English,USA,Nominated for 1 Oscar. Another 7 wins & 9 nominations.,https://images-na.ssl-images-amazon.com/images/M/MV5BMjA4NDI0MTIxNF5BMl5BanBnXkFtZTYwNTM0MzY2._V1_SX300.jpg,Internet Movie Database,8.2/10,82,8.2,"793,897",ID-952,movie,,,,,,,,,,,http://www.rottentomatoes.com/m/blood_diamond/,07 Mar 2000,,Walt Disney Pictures,http://disney.go.com/DisneyPictures/straightstory/index.html,True
67,A Night at the Opera,1983,R,23 Apr 2004,128 min,"Drama, Film-Noir, Romance",Alfred Hitchcock,"Stanley Kubrick (screenplay), Jim Thompson (dialogue), Lionel White (novel)","Matt Damon, Julia Stiles, David Strathairn, Scott Glenn","Seventy-eight year old Carl Fredricksen travels to Paradise Falls in his home equipped with balloons, inadvertently taking a young stowaway.","English, Spanish",USA,Won 1 Oscar. Another 79 wins & 116 nominations.,https://images-na.ssl-images-amazon.com/images/M/MV5BYzllMjJkODAtYjMwMi00YmNhLWFhYzAtZjZjODg5YzEwOGUwXkEyXkFqcGdeQXVyNjU0OTQ0OTY@._V1_SX300.jpg,Internet Movie Database,8.1/10,,8.3,"849,623",ID-953,movie,,,,,,,,,,,http://www.rottentomatoes.com/m/1052609-kid/,25 Jul 2000,"$405,000",Warner Bros. Pictures,,True
180,12 Years a Slave,1974,APPROVED,03 Nov 1999,108 min,"Action, Drama, Western",John Huston,Frank Miller (graphic novels),"Anne Bancroft, Dustin Hoffman, Katharine Ross, William Daniels",Dorothy Gale is swept away from a farm in Kansas to a magical land of Oz in a tornado and embarks on a quest with her new friends to see the Wizard who can help her return home in Kansas and help her friends as well.,"English, Spanish, French","USA, Austria, Switzerland",3 wins & 5 nominations.,https://images-na.ssl-images-amazon.com/images/M/MV5BNmZiYzQ2ZmYtZTViNy00ODRkLWJkN2EtNjgwYWY1OGNmNDcxXkEyXkFqcGdeQXVyNjUwNzk3NDc@._V1_SX300.jpg,Internet Movie Database,8.5/10,88,8.0,"102,340",ID-954,movie,,,,,,,,,,,http://www.rottentomatoes.com/m/chinatown/,15 May 2001,,United Artists,,True
177,How to Train Your Dragon,1998,G,22 Nov 1995,119 min,"Action, Thriller",Francis Ford Coppola,"Billy Bob Thornton (play), Billy Bob Thornton (screenplay)","Jason Flemyng, Dexter Fletcher, Nick Moran, Jason Statham",Jerry Lundegaard's inept crime falls apart due to his and his henchmen's bungling and the persistent police work of the quite pregnant Marge Gunderson.,"English, Japanese","USA, Germany",33 wins & 51 nominations.,"https://images-na.ssl-images-amazon.com/images/M/MV5BMTY5MjM1OTAyOV5BMl5BanBnXkFtZTgwMDkwODg4MDE@._V1._CR52,57,915,1388_SX89_AL_.jpg_V1_SX300.jpg",Internet Movie Database,8.3/10,68,8.1,"65,940",ID-955,movie,,,,,,,,,,,http://www.rottentomatoes.com/m/secrets-of-the-great-wall2004/,06 Jul 2004,,Artisan Entertainment,http://www.fjtlesoiseaux.fr/cinema.html,True
109,Casablanca,2000,APPROVED,15 Sep 1995,238 min,"Animation, Family, Fantasy",Steven Spielberg,"William Peter Blatty (written for the screen by), William Peter Blatty (novel)","Hugh Jackman, Christian Bale, Michael Caine, Piper Perabo",Dorothy Gale is swept away from a farm in Kansas to a magical land of Oz in a tornado and embarks on a quest with her new friends to see the Wizard who can help her return home in Kansas and help her friends as well.,"English, German, French, Russian, Spanish","USA, UK",3 nominations.,https://images-na.ssl-images-amazon.com/images/M/MV5BMTgxNzY3MzUxOV5BMl5BanBnXkFtZTcwMDA0NjMyNA@@._V1_SX300.jpg,Internet Movie Database,8.0/10,77,8.3,"56,560",ID-956,movie,,,,,,,,,,,http://www.rottentomatoes.com/m/1065684-braveheart/,18 May 1999,,Fox,http://www.thedeparted.com/,True
247,Butch Cassidy and the Sundance Kid,1937,PG,24 Oct 1969,98 min,"Comedy, Crime",Fred Zinnemann,"James Agee (screenplay), Davis Grubb (based on the novel by)","Tim Roth, Amanda Plummer, Laura Lovelace, John Travolta","Two young men strangle their ""inferior"" classmate, hide his body in their apartment, and invite his friends and family to a dinner party as a means to challenge the ""perfection"" of their crime.","English, Danish",USA,Nominated for 5 Oscars. Another 8 wins & 26 nominations.,https://images-na.ssl-images-amazon.com/images/M/MV5BMTc4MDEzOTMwMl5BMl5BanBnXkFtZTgwMTc2NjgyMjE@._V1_SX300.jpg,Internet Movie Database,8.1/10,,8.0,"1,304,569",ID-957,movie,,,,,,,,,,,http://www.rottentomatoes.com/m/once_upon_a_time_in_america/,17 Dec 2013,,Ealing Studios,,True
33,The Green Mile,2005,R,30 Jul 2004,178 min,"Action, Sci-Fi","Danny Boyle, Loveleen Tandan","James Warner Bellah (screenplay), Willis Goldbeck (screenplay), Dorothy M. Johnson (based on the story by)","James Stewart, Kim Novak, Barbara Bel Geddes, Tom Helmore","In the 1940s, a young boy named Ralphie attempts to convince his parents, his teacher, and Santa that a Red Ryder B.B. gun really is the perfect Christmas gift.",English,"UK, USA",4 wins & 17 nominations.,https://images-na.ssl-images-amazon.com/images/M/MV5BMDVjNjIwOGItNDE3Ny00OThjLWE0NzQtZTU3YjMzZTZjMzhkXkEyXkFqcGdeQXVyMTQxNzMzNDI@._V1_SX300.jpg,Internet Movie Database,8.5/10,58,8.7,"659,342",ID-958,movie,,,,,,,,,,,http://www.rottentomatoes.com/m/full_metal_jacket/,29 Jan 2002,,Warner Bros. Pictures,,True
28,L.A. Confidential,2014,G,11 Dec 1962,88 min,"Action, Drama, Sport",Charles Chaplin,"Herman J. Mankiewicz (original screen play), Orson Welles (original screen play)","Adrien Brody, Emilia Fox, Michal Zebrowski, Ed Stoppard","A hapless young Viking who aspires to hunt dragons becomes the unlikely friend of a young dragon himself, and learns there may be more to the creatures than he assumed.",English,"UK, USA",Won 2 Oscars. Another 115 wins & 134 nominations.,https://images-na.ssl-images-amazon.com/images/M/MV5BMDdkYzE5ODYtMmIwZi00MDgzLTk1YWEtZTcwNGRmMzAwNDMzXkEyXkFqcGdeQXVyNDQzMDg4Nzk@._V1_SX300.jpg,Internet Movie Database,8.3/10,63,8.8,"55,529",ID-959,movie,,,,,,,,,,,http://www.rottentomatoes.com/m/hustler/,19 Jun 2001,,Universal City Studios,http://www.foxmovies.com/deadpool,True
10,Whiplash,1997,APPROVED,01 Oct 1999,105 min,"Drama, Mystery, Thriller",Stanley Kubrick,"Robert E. Sherwood (screen play), MacKinlay Kantor (from a novel by)","Ben Affleck, Rosamund Pike, Neil Patrick Harris, Tyler Perry",A spoiled heiress running away from her family is helped by a man who is actually a reporter in need of a story.,English,USA,Nominated for 1 Oscar. Another 7 wins & 9 nominations.,https://images-na.ssl-images-amazon.com/images/M/MV5BOWMyNjE0MzEtMzVjNy00NjIxLTg0ZjMtMWJhNGI1YmVjYTczL2ltYWdlXkEyXkFqcGdeQXVyNzc5MjA3OA@@._V1_SX300.jpg,Internet Movie Database,8.1/10,,9.0,"547,383",ID-960,movie,,,,,,,,,,,http://www.rottentomatoes.com/m/groundhog_day/,01 Jul 1998,,Almi Cinema 5,,True
104,Barry Lyndon,2003,UNRATED,06 Jan 2017,118 min,"Film-Noir, Mystery",Peter Jackson,M. Night Shyamalan,"Charles Chaplin, Jack Oakie, Reginald Gardiner, Henry Daniell","In future Britain, Alex DeLarge, a charismatic and psycopath delinquent, who likes to practice crimes and ultra-violence with his gang, is jailed and volunteers for an experimental aversion therapy developed by the government in an effort to solve society's crime problem - but not all goes according to plan.","English, French, Latin","USA, UK, Germany",Won 2 Oscars. Another 7 wins & 14 nominations.,https://images-na.ssl-images-amazon.com/images/M/MV5BMWQ0ZGU3NDUtYjRkNS00Yzg4LTgxMTItMjExYjg3ZjgyMGRkXkEyXkFqcGdeQXVyNjU0OTQ0OTY@._V1_SX300.jpg,Internet Movie Database,8.3/10,64,8.3,"194,970",ID-961,movie,,,,,,,,,,,http://www.rottentomatoes.com/m/paris_texas/,08 Jun 2010,,Lionsgate,http://www.foxmovies.com/deadpool,True
103,The Dark Knight Rises,1997,R,17 Dec 2003,94 min,"Adventure, Drama",Denis Villeneuve,Frank Miller (graphic novels),"Liam Neeson, Ben Kingsley, Ralph Fiennes, Caroline Goodall","Karl Childers, a simple man hospitalized since his childhood murder of his mother and her lover, is released to start a new life in a small town.",English,USA,Won 5 Oscars. Another 74 wins & 74 nominations.,https://images-na.ssl-images-amazon.com/images/M/MV5BNGNiNmU2YTMtZmU4OS00MjM0LTlmYWUtMjVlYjAzYjE2N2RjXkEyXkFqcGdeQXVyNDk3NzU2MTQ@._V1_SX300.jpg,Internet Movie Database,8.5/10,,8.2,"63,190",ID-962,movie,,,,,,,,,,,http://www.rottentomatoes.com/m/v_for_vendetta/,31 Mar 1998,,Ealing Studios,,True
128,Die Hard,1973,R,24 May 1989,170 min,"Animation, Drama, Fantasy",David Fincher,"Daphne Du Maurier (celebrated novel), Robert E. Sherwood (screen play), Joan Harrison (screen play), Philip MacDonald (adaptation), Michael Hogan (adaptation)","Martin Balsam, John Fiedler, Lee J. Cobb, E.G. Marshall","In a future British tyranny, a shadowy freedom fighter, known only by the alias of ""V"", plots to overthrow it with the help of a young woman.","English, German, Latin",USA,Nominated for 1 BAFTA Film Award. Another 3 wins & 2 nominations.,https://images-na.ssl-images-amazon.com/images/M/MV5BMTUyMTE0ODcxNF5BMl5BanBnXkFtZTgwODE4NDQzNTE@._V1_SX300.jpg,Internet Movie Database,8.2/10,100,8.2,"189,098",ID-963,movie,,,,,,,,,,,http://www.rottentomatoes.com/m/1021244-thing/,10 Sep 2002,,Walt Disney Pictures,,True
130,The Exorcist,1980,R,09 Jan 2009,116 min,"Drama, History",Stanley Kubrick,"Lilly Wachowski, Lana Wachowski","Gene Wilder, Peter Boyle, Marty Feldman, Madeline Kahn",Archaeologist and adventurer Indiana Jones is hired by the U.S. government to find the Ark of the Covenant before the Nazis.,English,USA,Won 6 Oscars. Another 17 wins & 17 nominations.,https://images-na.ssl-images-amazon.com/images/M/MV5BMTU2NTA5NzI0N15BMl5BanBnXkFtZTcwMjUxMjYxMg@@._V1_SX300.jpg,Internet Movie Database,8.0/10,,8.1,"436,571",ID-964,movie,,,,,,,,,,,http://www.rottentomatoes.com/m/clockwork_orange/,15 May 2001,,20th Century Fox,http://www.facebook.com/songoftheseamovie,True
195,The Dark Knight Rises,2005,APPROVED,17 Aug 1979,126 min,"Biography, Crime, Drama",Stanley Kubrick,Charles Chaplin,"David Rawle, Brendan Gleeson, Lisa Hannigan, Fionnula Flanagan",A blade runner must pursue and try to terminate four replicants who stole a ship in space and have returned to Earth to find their creator.,English,UK,Won 1 Oscar. Another 44 wins & 150 nominations.,https://images-na.ssl-images-amazon.com/images/M/MV5BYzllMjJkODAtYjMwMi00YmNhLWFhYzAtZjZjODg5YzEwOGUwXkEyXkFqcGdeQXVyNjU0OTQ0OTY@._V1_SX300.jpg,Internet Movie Database,8.2/10,54,8.0,"798,211",ID-965,movie,,,,,,,,,,,http://www.rottentomatoes.com/m/seven/,15 Aug 2001,,Warner Bros. Pictures,http://movies.disney.com/zootopia,True
77,The Thing,2009,R,03 Aug 2007,178 min,"Drama, War",Guy Ritchie,"Lawrence Kasdan, J.J. Abrams, Michael Arndt, George Lucas (based on characters created by)","Harrison Ford, Sean Connery, Denholm Elliott, Alison Doody",Archaeologist and adventurer Indiana Jones is hired by the U.S. government to find the Ark of the Covenant before the Nazis.,English,USA,11 wins & 15 nominations.,https://images-na.ssl-images-amazon.com/images/M/MV5BMzUzNDM2NzM2MV5BMl5BanBnXkFtZTgwNTM3NTg4OTE@._V1_SX300.jpg,Internet Movie Database,8.2/10,,8.3,"184,127",ID-966,movie,,,,,,,,,,,http://www.rottentomatoes.com/m/monty_python_and_the_holy_grail/,19 Jun 2001,,Warner Bros. Pictures,http://www.indianajones.com/raiders/,True
77,The Bridge on the River Kwai,1984,R,19 Sep 1997,132 min,"Drama, History",Henry Koster,"Quentin Tarantino, Quentin Tarantino (character The Bride), Uma Thurman (character The Bride)","Ellen Burstyn, Max von Sydow, Lee J. Cobb, Kitty Winn","""The Dude"" Lebowski, mistaken for a millionaire Lebowski, seeks restitution for his ruined rug and enlists his bowling buddies to help get it.",English,USA,Nominated for 8 Oscars. Another 10 wins & 14 nominations.,https://images-na.ssl-images-amazon.com/images/M/MV5BMTk3NDE2NzI4NF5BMl5BanBnXkFtZTgwNzE1MzEyMTE@._V1_SX300.jpg,Internet Movie Database,8.3/10,77,8.2,"937,837",ID-967,movie,,,,,,,,,,,http://www.rottentomatoes.com/m/cool_hand_luke/,10 Nov 2009,,RKO Radio Pictures,,True
47,12 Angry Men,1935,GP,24 Oct 1969,134 min,"Action, Adventure, Fantasy",David Fincher,"Stanley Kubrick (screenplay), Arthur C. Clarke (screenplay)","Michael Berryman, Peter Brocco, Dean R. Brooks, Alonzo Brown","In 1954, a U.S. marshal investigates the disappearance of a murderess who escaped from a hospital for the criminally insane.","English, German, French, Russian, Spanish",USA,Nominated for 6 Oscars. Another 32 wins & 47 nominations.,https://images-na.ssl-images-amazon.com/images/M/MV5BMTk3NDE2NzI4NF5BMl5BanBnXkFtZTgwNzE1MzEyMTE@._V1_SX300.jpg,Internet Movie Database,8.7/10,90,8.4,"798,211",ID-968,movie,,,,,,,,,,,http://www.rottentomatoes.com/m/one_flew_over_the_cuckoos_nest/,30 Nov 1999,,Universal Pictures,,True
150,Twelve Monkeys,1927,R,10 Dec 2014,112 min,"Crime, Drama, Mystery",Guy Ritchie,"Stephen King (novel), Frank Darabont (screenplay)","Ray Milland, Jane Wyman, Phillip Terry, Howard Da Silva","As corruption grows in 1950s LA, three policemen - one strait-laced, one brutal, and one sleazy - investigate a series of murders with their own brand of justice.",English,USA,Won 2 Oscars. Another 118 wins & 138 nominations.,https://images-na.ssl-images-amazon.com/images/M/MV5BN2YxZDUxYzMtYzQxNy00NTRjLThmZjQtY2Q4Njg2MTUyOTkzL2ltYWdlL2ltYWdlXkEyXkFqcGdeQXVyNjU0OTQ0OTY@._V1_SX300.jpg,Internet Movie Database,8.1/10,,8.2,"622,498",ID-969,movie,,,,,,,,,,,http://www.rottentomatoes.com/m/leon_the_professional/,06 Sep 2005,,Walt Disney Pictures,http://www.foxhome.com/diehardcollection/index_frames.html,True
188,Star Wars: Episode IV - A New Hope,2002,G,19 Oct 2007,128 min,"Biography, Drama, History",Steven Spielberg,"Lilly Wachowski (screenplay), Lana Wachowski (screenplay), David Lloyd (graphic novel art)","Tim Roth, Pruitt Taylor Vince, Bill Nunn, Clarence Williams III","Luke Skywalker joins forces with a Jedi Knight, a cocky pilot, a wookiee and two droids to save the galaxy from the Empire's world-destroying battle-station, while also attempting to rescue Princess Leia from the evil Darth Vader.",English,USA,Won 3 Oscars. Another 10 wins & 17 nominations.,https://images-na.ssl-images-amazon.com/images/M/MV5BMTk4NDQ0NjgyNF5BMl5BanBnXkFtZTgwMTE3NTkxMTE@._V1_SX300.jpg,Internet Movie Database,8.3/10,69,8.1,"622,498",ID-970,movie,,,,,,,,,,,http://www.rottentomatoes.com/m/1052609-kid/,19 Sep 1995,,Paramount Pictures,http://www.foxmovies.com/index1.html,True
124,Gone with the Wind,1972,R,28 Mar 2014,106 min,"Animation, Comedy, Drama",Rob Reiner,"Quentin Tarantino (stories), Roger Avary (stories), Quentin Tarantino","Guy Pearce, Carrie-Anne Moss, Joe Pantoliano, Mark Boone Junior","An epic mosaic of interrelated characters in search of love, forgiveness, and meaning in the San Fernando Valley.",English,USA,Nominated for 4 Oscars. Another 5 wins & 7 nominations.,https://images-na.ssl-images-amazon.com/images/M/MV5BMTYyNjgwMDg4NF5BMl5BanBnXkFtZTgwNTQ5MTM4MTE@._V1_SX300.jpg,Internet Movie Database,8.1/10,67,8.2,"314,262",ID-971,movie,,,,,,,,,,,http://www.rottentomatoes.com/m/the-third-man/,18 Nov 2008,"$47,611,331",Fox,,True
231,Shutter Island,2005,G,21 Jul 1958,141 min,"Drama, Mystery, Romance",Gavin O'Connor,"Gustav Hasford (novel), Stanley Kubrick (screenplay), Michael Herr (screenplay), Gustav Hasford (screenplay)","Jim Carrey, Laura Linney, Noah Emmerich, Natascha McElhone",A psychotic socialite confronts a pro tennis star with a theory on how two complete strangers can get away with murder - a theory that he plans to implement.,English,USA,Won 1 Golden Globe. Another 21 wins & 8 nominations.,https://images-na.ssl-images-amazon.com/images/M/MV5BMTA2NDYxOGYtYjU1Mi00Y2QzLTgxMTQtMWI1MGI0ZGQ5MmU4XkEyXkFqcGdeQXVyNDk3NzU2MTQ@._V1_SX300.jpg,Internet Movie Database,8.1/10,,8.0,"36,301",ID-972,movie,,,,,,,,,,,http://www.rottentomatoes.com/m/the-gold-rush/,06 Mar 2001,"$623,279,547",Paramount Pictures,,True
189,12 Years a Slave,1948,PG,19 Nov 1975,126 min,"Drama, Film-Noir",Sidney Lumet,"Billy Wilder (screenplay), I.A.L. Diamond (screenplay), Robert Thoeren (suggested by a story by), Michael Logan (suggested by a story by)","James Stewart, Lee Remick, Ben Gazzara, Arthur O'Connell","A woman on the run from the mob is reluctantly accepted in a small Colorado town. In exchange, she agrees to work for them. As a search visits town, she finds out that their support has a price. Yet her dangerous secret is never far away...",English,USA,Won 8 Oscars. Another 21 wins & 9 nominations.,https://images-na.ssl-images-amazon.com/images/M/MV5BMjM3MjQ1MzkxNl5BMl5BanBnXkFtZTgwODk1ODgyMjI@._V1_SX300.jpg,Internet Movie Database,8.3/10,,8.0,"594,362",ID-973,movie,,,,,,,,,,,http://www.rottentomatoes.com/m/green_mile/,09 Nov 2004,,MGM,http://www.historyx.com,True
104,Gandhi,1948,NOT RATED,24 Jul 1998,127 min,"Comedy, Crime",James Cameron,"Gavin O'Connor (screenplay), Anthony Tambakis (screenplay), Cliff Dorfman (screenplay), Gavin O'Connor (story), Cliff Dorfman (story)","Brie Larson, Jacob Tremblay, Sean Bridgers, Wendy Crewson","Pulp novelist Holly Martins travels to shadowy, postwar Vienna, only to find himself investigating the mysterious death of an old friend, Harry Lime.",English,"Australia, USA",Nominated for 2 Golden Globes. Another 23 wins & 63 nominations.,https://images-na.ssl-images-amazon.com/images/M/MV5BMjIxNTU4MzY4MF5BMl5BanBnXkFtZTgwMzM4ODI3MjE@._V1_SX300.jpg,Internet Movie Database,8.6/10,,8.2,"103,963",ID-974,movie,,,,,,,,,,,http://www.rottentomatoes.com/m/citizen_kane/,06 Mar 2001,,MGM,http://www.eternalsunshine.com/,True
134,Requiem for a Dream,1995,NOT RATED,13 Jun 1980,110 min,"Adventure, Comedy, Drama","Pete Docter, David Silverman, Lee Unkrich","Lilly Wachowski (screenplay), Lana Wachowski (screenplay), David Lloyd (graphic novel art)","Jessica Alba, Devon Aoki, Alexis Bledel, Powers Boothe","A seemingly indestructible humanoid cyborg is sent from 2029 to 1984 to assassinate a waitress, whose unborn son will lead humanity in a war against the machines, while a soldier from that war is sent to protect her at all costs.","English, French, Latin",USA,Won 4 Oscars. Another 13 wins & 15 nominations.,https://images-na.ssl-images-amazon.com/images/M/MV5BMTk2NTI1MTU4N15BMl5BanBnXkFtZTcwODg0OTY0Nw@@._V1_SX300.jpg,Internet Movie Database,8.1/10,,8.1,"65,987",ID-975,movie,,,,,,,,,,,http://www.rottentomatoes.com/m/1052609-kid/,17 Jun 2014,"$151,058,124",Warner Bros. Pictures,,True
192,The Godfather: Part II,1981,R,01 Nov 1967,126 min,"Comedy, Drama, Family",Alfred Hitchcock,"Harry Grey (novel), Leonardo Benvenuti (screenplay), Piero De Bernardi (screenplay), Enrico Medioli (screenplay), Franco Arcalli (screenplay), Franco Ferrini (screenplay), Sergio Leone (screenplay), Stuart Kaminsky (additional dialogue)","Leonardo DiCaprio, Matt Damon, Jack Nicholson, Mark Wahlberg","Renton, deeply immersed in the Edinburgh drug scene, tries to clean up and get out, despite the allure of the drugs and influence of friends.",English,"UK, USA",Nominated for 1 Oscar. Another 4 wins & 11 nominations.,https://images-na.ssl-images-amazon.com/images/M/MV5BODM3YWY4NmQtN2Y3Ni00OTg0LWFhZGQtZWE3ZWY4MTJlOWU4XkEyXkFqcGdeQXVyNjU0OTQ0OTY@._V1_SX300.jpg,Internet Movie Database,8.7/10,,8.0,"560,864",ID-976,movie,,,,,,,,,,,http://www.rottentomatoes.com/m/matrix/,06 Jan 2004,,WARNER BROTHERS PICTURES,http://www.intothewild.com/,True
193,Laura,1960,R,09 Jun 1989,124 min,"Crime, Drama, Film-Noir","Quentin Tarantino, Eli Roth",,"F. Murray Abraham, Tom Hulce, Elizabeth Berridge, Roy Dotrice",A veteran British barrister must defend his client in a murder trial that has surprise after surprise.,English,USA,1 win & 1 nomination.,https://images-na.ssl-images-amazon.com/images/M/MV5BMTI2MzQyNTc1M15BMl5BanBnXkFtZTYwMjExNjc3._V1_SX300.jpg,Internet Movie Database,8.0/10,74,8.0,"492,644",ID-977,movie,,,,,,,,,,,http://www.rottentomatoes.com/m/1000626-all_about_eve/,28 Sep 2004,,New Line Cinema,http://www.batmanbegins.com/,True
177,How to Train Your Dragon,1961,R,20 Apr 1977,107 min,"Adventure, Drama, Fantasy",Damien Chazelle,"Graham Chapman, John Cleese, Eric Idle, Terry Gilliam, Terry Jones, Michael Palin","Jodie Foster, Lawrence A. Bonney, Kasi Lemmons, Lawrence T. Wrentz",Archaeologist and adventurer Indiana Jones is hired by the U.S. government to find the Ark of the Covenant before the Nazis.,"English, French",USA,Nominated for 7 Oscars. Another 7 wins & 21 nominations.,https://images-na.ssl-images-amazon.com/images/M/MV5BMjA2NzYzMjE3MF5BMl5BanBnXkFtZTgwNDExMDY0MzE@._V1_SX300.jpg,Internet Movie Database,8.0/10,90,8.1,"110,576",ID-978,movie,,,,,,,,,,,http://www.rottentomatoes.com/m/seven/,21 Nov 2000,,Walt Disney Pictures,,True
188,Dogville,2013,PG-13,06 Jan 2017,130 min,"Drama, Romance",James Cameron,"Stanley Kubrick (screenplay), Terry Southern (screenplay), Peter George (screenplay), Peter George (based on the book: ""Red Alert"" by)","Jack Nicholson, Shelley Duvall, Danny Lloyd, Scatman Crothers","Fred Dobbs and Bob Curtin, two Americans searching for work in Mexico, convince an old prospector to help them mine for gold in the Sierra Madre Mountains.",English,USA,Nominated for 6 Oscars. Another 32 wins & 47 nominations.,https://images-na.ssl-images-amazon.com/images/M/MV5BODQxMzMyNTY5Nl5BMl5BanBnXkFtZTcwMDMyNTk3OA@@._V1_SX300.jpg,Internet Movie Database,8.1/10,77,8.0,"282,079",ID-979,movie,,,,,,,,,,,http://www.rottentomatoes.com/m/annie_hall/,03 Nov 2015,,Universal International Pictur,http://wip.warnerbros.com/index.html?site=beforesunset,True
108,Before Sunset,2009,G,09 Dec 1983,160 min,"Action, Crime, Drama","Pete Docter, Bob Peterson","Joseph Stefano (screenplay), Robert Bloch (novel)","Joseph Cotten, Dorothy Comingore, Agnes Moorehead, Ruth Warrick",An undercover cop and a mole in the police attempt to identify each other while infiltrating an Irish gang in South Boston.,English,USA,Won 6 Oscars. Another 17 wins & 17 nominations.,https://images-na.ssl-images-amazon.com/images/M/MV5BMmVmODY1MzEtYTMwZC00MzNhLWFkNDMtZjAwM2EwODUxZTA5XkEyXkFqcGdeQXVyNTAyODkwOQ@@._V1_SX300.jpg,Internet Movie Database,8.2/10,68,8.2,"458,316",ID-980,movie,,,,,,,,,,,http://www.rottentomatoes.com/m/1068182-heat/,02 Nov 2010,,United Artists,http://www.FathomEvents.com,True
226,Dead Poets Society,1990,PG,15 Dec 1995,96 min,"Action, Thriller",Denis Villeneuve,David S. Ward,"Colin Firth, Helena Bonham Carter, Derek Jacobi, Robert Portal","A Mumbai teen reflects on his upbringing in the slums when he is accused of cheating on the Indian Version of ""Who Wants to be a Millionaire?""","English, Spanish",USA,Nominated for 4 Oscars. Another 20 wins & 16 nominations.,https://images-na.ssl-images-amazon.com/images/M/MV5BMjQwODQwNTg4OV5BMl5BanBnXkFtZTgwMTk4MTAzMjI@._V1_SX300.jpg,Internet Movie Database,8.2/10,66,8.0,"481,465",ID-981,movie,,,,,,,,,,,http://www.rottentomatoes.com/m/1000626-all_about_eve/,21 Sep 2004,,Paramount,,True
158,Trainspotting,1930,PG-13,18 Dec 1961,129 min,"Comedy, Drama, Romance",Irvin Kershner,Guy Ritchie,"Keanu Reeves, Laurence Fishburne, Carrie-Anne Moss, Hugo Weaving","A thief, who steals corporate secrets through use of dream-sharing technology, is given the inverse task of planting an idea into the mind of a CEO.",English,"USA, France",Won 2 Oscars. Another 85 wins & 77 nominations.,https://images-na.ssl-images-amazon.com/images/M/MV5BZDg1OGQ4YzgtM2Y2NS00NjA3LWFjYTctMDRlMDI3NWE1OTUyXkEyXkFqcGdeQXVyMjUzOTY1NTc@._V1_SX300.jpg,Internet Movie Database,8.0/10,,8.1,"179,650",ID-982,movie,,,,,,,,,,,http://www.rottentomatoes.com/m/raiders_of_the_lost_ark/,10 Oct 2000,,Lionsgate,,True
141,Scarface,1981,R,15 Aug 1979,105 min,Horror,Alfred Hitchcock,"J.R.R. Tolkien (novel), Fran Walsh (screenplay), Philippa Boyens (screenplay), Peter Jackson (screenplay)","William Holden, Alec Guinness, Jack Hawkins, Sessue Hayakawa","Greed, deception, money, power, and murder occur between two best friends: a mafia underboss and a casino owner, for a trophy wife over a gambling empire.","English, Russian","Ireland, UK, USA",Nominated for 6 Oscars. Another 32 wins & 47 nominations.,https://images-na.ssl-images-amazon.com/images/M/MV5BMjQwODQwNTg4OV5BMl5BanBnXkFtZTgwMTk4MTAzMjI@._V1_SX300.jpg,Internet Movie Database,8.0/10,68,8.2,"194,970",ID-983,movie,,,,,,,,,,,http://www.rottentomatoes.com/m/citizen_kane/,28 Aug 2001,,Universal Films,http://www.hacksawridge.movie/,True
226,Lion,1974,APPROVED,19 Dec 2001,95 min,"Crime, Drama",David Lynch,"John Huston (screenplay), Dashiell Hammett (based upon the novel by)","Toni Collette, Philip Seymour Hoffman, Barry Humphries, Eric Bana","The youngest son of an alcoholic former boxer returns home, where he's trained by his father for competition in a mixed martial arts tournament - a path that puts the fighter on a collision course with his estranged, older brother.",English,USA,Nominated for 1 Oscar. Another 14 wins & 71 nominations.,https://images-na.ssl-images-amazon.com/images/M/MV5BZjEyOTE4MzMtNmMzMy00Mzc3LWJlOTQtOGJiNDE0ZmJiOTU4L2ltYWdlXkEyXkFqcGdeQXVyNTAyODkwOQ@@._V1_SX300.jpg,Internet Movie Database,8.3/10,89,8.0,"274,216",ID-984,movie,,,,,,,,,,,http://www.rottentomatoes.com/m/vertigo/,28 Aug 2001,,Universal Pictures,,True
151,The Elephant Man,1950,PASSED,29 Jan 1960,94 min,"Biography, Drama",David Lynch,"Robert E. Sherwood (screen play), MacKinlay Kantor (from a novel by)","John Wayne, Dean Martin, Ricky Nelson, Angie Dickinson",A pragmatic U.S. Marine observes the dehumanizing effects the Vietnam War has on his fellow recruits from their brutal boot camp training to the bloody street fighting in Hue.,"English, Vietnamese",USA,Won 2 Oscars. Another 56 wins & 151 nominations.,https://images-na.ssl-images-amazon.com/images/M/MV5BOTU4ODdjNDYtZjk0Zi00ZDBmLTllODEtMzQ5NmYzZGEzNjVlXkEyXkFqcGdeQXVyNjc1NTYyMjg@._V1_SX300.jpg,Internet Movie Database,8.2/10,87,8.1,"442,704",ID-985,movie,,,,,,,,,,,http://www.rottentomatoes.com/m/short_term_12_2013/,06 Mar 2001,,Paramount Pictures,http://www.hachithemovie.com/,True
99,Alien,1973,R,18 Jan 1940,113 min,"Crime, Drama, Film-Noir",James Gunn,Adam Elliot,"Dev Patel, Saurabh Shukla, Anil Kapoor, Raj Zutshi",The merciless 1970s rivalry between Formula One rivals James Hunt and Niki Lauda.,"English, Italian, German","USA, Austria, Switzerland",Nominated for 1 Oscar. Another 4 wins & 2 nominations.,https://images-na.ssl-images-amazon.com/images/M/MV5BMjIyOTM5OTIzNV5BMl5BanBnXkFtZTgwMDkzODE2NjE@._V1_SX300.jpg,Internet Movie Database,8.0/10,,8.3,"1,304,569",ID-986,movie,,,,,,,,,,,http://www.rottentomatoes.com/m/stalag_17/,26 Nov 2002,,Walt Disney Pictures,,True
193,A Streetcar Named Desire,1950,PG,15 Oct 2014,107 min,Drama,John Sturges,"James Cameron, Gale Anne Hurd, William Wisher Jr. (additional dialogue)","Gregory Peck, Audrey Hepburn, Eddie Albert, Hartley Power","Marty McFly, a 17-year-old high school student, is accidentally sent 30 years into the past in a time-traveling DeLorean invented by his close friend, the maverick scientist Doc Brown.",English,USA,Won 2 Oscars. Another 37 wins & 95 nominations.,https://images-na.ssl-images-amazon.com/images/M/MV5BZjQxYmRkMjgtMmZkZi00ZDYyLTk5OTktZWZjZTEzNGZlMWEwXkEyXkFqcGdeQXVyNDYyMDk5MTU@._V1_SX300.jpg,Internet Movie Database,8.4/10,,8.0,"89,890",ID-987,movie,,,,,,,,,,,http://www.rottentomatoes.com/m/the_dark_knight/,28 Dec 1999,"$120,523,073",United Artists,,True
42,Notorious,1947,R,01 Apr 1957,131 min,"Adventure, Drama, Fantasy",Alfred Hitchcock,"Nicholas Pileggi (book), Nicholas Pileggi (screenplay), Martin Scorsese (screenplay)","Scott Weinger, Robin Williams, Linda Larkin, Jonathan Freeman",A young soldier faces profound disillusionment in the soul-destroying horror of World War I.,English,USA,Nominated for 1 Oscar. Another 2 wins & 1 nomination.,https://images-na.ssl-images-amazon.com/images/M/MV5BYWY5ZjhjNGYtZmI2Ny00ODM0LWFkNzgtZmI1YzA2N2MxMzA0XkEyXkFqcGdeQXVyNjUwNzk3NDc@._V1_SX300.jpg,Internet Movie Database,8.3/10,,8.3,"226,372",ID-988,movie,,,,,,,,,,,http://www.rottentomatoes.com/m/1003094-brief_encounter/,26 Jan 1999,"$292,568,851",Warner Bros. Pictures,,True
66,Dial M for Murder,1941,PG,24 Aug 1930,118 min,"Crime, Drama, Mystery",John Ford,"Charles Leavitt (screenplay), Charles Leavitt (story), C. Gaby Mitchell (story)","Robert Mitchum, Shelley Winters, Lillian Gish, James Gleason","In Miami in 1980, a determined Cuban immigrant takes over a drug cartel and succumbs to greed.",English,"USA, India, United Arab Emirates",Nominated for 1 Oscar. Another 7 wins & 9 nominations.,https://images-na.ssl-images-amazon.com/images/M/MV5BN2EyZjM3NzUtNWUzMi00MTgxLWI0NTctMzY4M2VlOTdjZWRiXkEyXkFqcGdeQXVyNDUzOTQ5MjY@._V1_SX300.jpg,Internet Movie Database,8.1/10,100,8.3,"517,568",ID-989,movie,,,,,,,,,,,http://www.rottentomatoes.com/m/requiem_for_a_dream/,14 Dec 1999,"$623,279,547",United Artists,http://www.zoetrope.com/zoe_films.cgi?page=films&action=show_one&film_id=13,True
21,Se7en,2010,PG,05 Sep 1941,85 min,"Action, Sci-Fi","Roger Allers, Rob Minkoff","Thomas Keneally (book), Steven Zaillian (screenplay)","Ryan Reynolds, Karan Soni, Ed Skrein, Michael Benyaer","After the death of a friend, a writer recounts a boyhood journey to find the body of a missing boy.",English,"UK, Australia, USA",33 wins & 51 nominations.,https://images-na.ssl-images-amazon.com/images/M/MV5BMTg0NTIzMjQ1NV5BMl5BanBnXkFtZTcwNDc3MzM5OQ@@._V1_SX300.jpg,Internet Movie Database,8.0/10,83,8.6,"120,061",ID-990,movie,,,,,,,,,,,http://www.rottentomatoes.com/m/american_history_x/,07 Sep 2004,,Walt Disney Pictures,,True
208,Heat,1978,R,15 Dec 1974,110 min,"Biography, Drama",William Wyler,"Steve Kloves (screenplay), J.K. Rowling (novel)","Sylvester Stallone, Talia Shire, Burt Young, Carl Weathers","The story of 'Frank Abagnale Jr., before his 19th birthday, successfully forged millions of dollars' worth of checks while posing as a Pan Am pilot, a doctor, and legal prosecutor as a seasoned and dedicated FBI agent pursues him.","English, Italian, Spanish, Latin, Sicilian",USA,Nominated for 2 Oscars. Another 13 wins & 41 nominations.,https://images-na.ssl-images-amazon.com/images/M/MV5BNDc2ODQ5NTE2MV5BMl5BanBnXkFtZTcwODExMjUyNA@@._V1_SX300.jpg,Internet Movie Database,8.5/10,91,8.0,"158,254",ID-991,movie,,,,,,,,,,,http://www.rottentomatoes.com/m/prisoners_2013/,10 Nov 2009,,Paramount Pictures,,True
101,Dog Day Afternoon,1927,PG,20 Sep 2013,95 min,"Animation, Family, Fantasy",John Sturges,Andrew Kevin Walker,"Keanu Reeves, Laurence Fishburne, Carrie-Anne Moss, Hugo Weaving","An astronaut becomes stranded on Mars after his team assume him dead, and must rely on his ingenuity to find a way to signal to Earth that he is alive.","English, Arabic",USA,Nominated for 1 Oscar. Another 33 wins & 62 nominations.,https://images-na.ssl-images-amazon.com/images/M/MV5BMTQ1MjAwNTM5Ml5BMl5BanBnXkFtZTYwNDM0MTc3._V1_SX300.jpg,Internet Movie Database,8.1/10,,8.2,"754,842",ID-992,movie,,,,,,,,,,,http://www.rottentomatoes.com/m/pianist/,14 Dec 1999,,20th Century Fox Film Corporation,http://www.facebook.com/songoftheseamovie,True
231,The Philadelphia Story,1977,R,16 Dec 1988,178 min,"Action, Sci-Fi",Frank Capra,Ben Hecht,"Charles Chaplin, Mack Swain, Tom Murray, Henry Bergman","When two escaping American World War II prisoners are killed, the German POW camp barracks black marketeer, J.J. Sefton, is suspected of being an informer.",English,USA,Won 1 Oscar. Another 13 wins & 15 nominations.,https://images-na.ssl-images-amazon.com/images/M/MV5BMTk3NDE2NzI4NF5BMl5BanBnXkFtZTgwNzE1MzEyMTE@._V1_SX300.jpg,Internet Movie Database,8.5/10,88,8.0,"122,343",ID-993,movie,,,,,,,,,,,http://www.rottentomatoes.com/m/1067987-casino/,28 Dec 1999,,The Weinstein Company,,True
224,Witness for the Prosecution,1980,PG,20 Jul 1988,126 min,"Crime, Drama",David Lean,"Bill Lancaster (screenplay), John W. Campbell Jr. (story)","Tom Hardy, Charlize Theron, Nicholas Hoult, Hugh Keays-Byrne","A baby boy, discovered in 1900 on an ocean liner, grows into a musical prodigy, never setting foot on land.","English, Spanish","New Zealand, USA",Nominated for 7 Oscars. Another 19 wins & 30 nominations.,https://images-na.ssl-images-amazon.com/images/M/MV5BNDc2ODQ5NTE2MV5BMl5BanBnXkFtZTcwODExMjUyNA@@._V1_SX300.jpg,Internet Movie Database,8.0/10,88,8.0,"43,551",ID-994,movie,,,,,,,,,,,http://www.rottentomatoes.com/m/the_grand_budapest_hotel/,17 Mar 2015,,Paramount Pictures,http://www.thehelpmovie.com,True
122,The Matrix,1968,PG-13,07 Jul 2017,120 min,"Drama, Music",Barry Levinson,"Mario Puzo (screenplay), Francis Ford Coppola (screenplay), Mario Puzo (novel)","Matt Damon, Ben Affleck, Stellan Skarsgård, John Mighton","John McClane, officer of the NYPD, tries to save his wife Holly Gennaro and several others that were taken hostage by German terrorist Hans Gruber during a Christmas party at the Nakatomi Plaza in Los Angeles.",English,"Italy, USA",Nominated for 2 Oscars. Another 5 wins & 6 nominations.,https://images-na.ssl-images-amazon.com/images/M/MV5BYTNjN2M2MzYtZGEwMi00Mzc5LWEwYTMtODM1ZmRiZjFiNTU0L2ltYWdlL2ltYWdlXkEyXkFqcGdeQXVyNjc1NTYyMjg@._V1_SX300.jpg,Internet Movie Database,8.2/10,76,8.2,"685,825",ID-995,movie,,,,,,,,,,,http://www.rottentomatoes.com/m/monty_pythons_life_of_brian/,11 Oct 2005,,First National Pictures Inc.,http://www.nocountryforoldmen-themovie.com,True
168,The Avengers,2017,R,17 Mar 2006,133 min,"Crime, Drama",Howard Hawks,"Josh Singer, Tom McCarthy","Malcolm McDowell, Patrick Magee, Michael Bates, Warren Clarke","""The Dude"" Lebowski, mistaken for a millionaire Lebowski, seeks restitution for his ruined rug and enlists his bowling buddies to help get it.","English, Spanish",USA,Won 3 Oscars. Another 15 wins & 18 nominations.,https://images-na.ssl-images-amazon.com/images/M/MV5BNjMxZWIyYzQtNjYzNy00NTk1LTg3ZDEtZDRmZmMxYmY4YmVjXkEyXkFqcGdeQXVyNjU0OTQ0OTY@._V1_SX300.jpg,Internet Movie Database,8.0/10,63,8.1,"442,704",ID-996,movie,,,,,,,,,,,http://www.rottentomatoes.com/m/patton/,19 Jun 2001,,October Films,,True
193,Die Hard,1969,APPROVED,15 Mar 1940,112 min,"Comedy, Drama, Music",Howard Hawks,Charles Chaplin,"Chris Hemsworth, Daniel Brühl, Olivia Wilde, Alexandra Maria Lara","An aspiring author during the civil rights movement of the 1960s decides to write a book detailing the African American maids' point of view on the white families for which they work, and the hardships they go through on a daily basis.","English, American Sign Language","UK, USA",1 win.,https://images-na.ssl-images-amazon.com/images/M/MV5BMzg2YTFkNjgtM2ZkNS00MWVkLWIwMTEtZTgzMDM2MmUxNDE2XkEyXkFqcGdeQXVyMjI4MjA5MzA@._V1_SX300.jpg,Internet Movie Database,9.0/10,72,8.1,"679,975",ID-997,movie,,,,,,,,,,,http://www.rottentomatoes.com/m/beauty_and_the_beast_1991/,12 Sep 2006,"$100,422,786",United Artists,http://www.hacksawridge.movie/,True
239,Into the Wild,1979,APPROVED,28 Aug 1998,114 min,"Action, Mystery, Thriller",Andrew Stanton,"James Agee (screenplay), Davis Grubb (based on the novel by)","Billy Bob Thornton, Dwight Yoakam, J.T. Walsh, John Ritter",Earth's mightiest heroes must come together and learn to fight as a team if they are to stop the mischievous Loki and his alien army from enslaving humanity.,"English, Spanish","UK, USA",Won 1 Oscar. Another 4 wins & 4 nominations.,https://images-na.ssl-images-amazon.com/images/M/MV5BMjIxODliZDYtMGMyYy00ZDQzLTgzOTMtMWY5YWEyNTBhNzk5L2ltYWdlL2ltYWdlXkEyXkFqcGdeQXVyMTQxNzMzNDI@._V1_SX300.jpg,Internet Movie Database,8.6/10,65,8.0,"490,860",ID-998,movie,,,,,,,,,,,http://www.rottentomatoes.com/m/strangers_on_a_train/,16 Dec 1997,,Paramount Pictures,,True
226,Aladdin,1974,R,20 Oct 2006,128 min,"Action, Adventure, Sci-Fi",Henry Selick,"Paul Haggis (screenplay), F.X. Toole (stories)","Martin Balsam, John Fiedler, Lee J. Cobb, E.G. Marshall",A team of explorers travel through a wormhole in space in an attempt to ensure humanity's survival.,English,"USA, UK",Won 7 Oscars. Another 10 wins & 6 nominations.,https://images-na.ssl-images-amazon.com/images/M/MV5BODg4NzA0MTktOGU5ZS00ODlkLWE3ZmQtYjAzNjNmM2E3NmEzL2ltYWdlL2ltYWdlXkEyXkFqcGdeQXVyNjU0OTQ0OTY@._V1_SX300.jpg,Internet Movie Database,8.8/10,97,8.0,"481,465",ID-999,movie,,,,,,,,,,,http://www.rottentomatoes.com/m/some_like_it_hot/,16 Aug 2005,,Universal Pictures,,True
171,The Matrix,1949,R,09 Jan 2009,109 min,"Drama, Film-Noir, Mystery",Sam Peckinpah,"Jonathan Nolan (screenplay), Christopher Nolan (screenplay), Christopher Priest (novel)","Arnold Schwarzenegger, Michael Biehn, Linda Hamilton, Paul Winfield","A group of professional bank robbers start to feel the heat from police when they unknowingly leave a clue at their latest heist, while both sides attempt to find balance between their personal lives with their professional lives.","English, Italian","USA, Germany",Won 2 Oscars. Another 4 wins & 10 nominations.,https://images-na.ssl-images-amazon.com/images/M/MV5BOWEwODJmZDItYTNmZC00OGM4LThlNDktOTQzZjIzMGQxODA4XkEyXkFqcGdeQXVyNjU0OTQ0OTY@._V1_SX300.jpg,Internet Movie Database,8.1/10,95,8.0,"291,865",ID-1000,movie,,,,,,,,,,,http://www.rottentomatoes.com/m/godfather_part_ii/,06 Apr 2004,,VCI,http://wip.warnerbros.com/index.html?site=beforesunset,True
